rbd,name,commune,institution_type,address,branch_name,latitude,longitude,is_active
5021,LICEO POLITECNICO DR RIGOBERTO IGLESIAS,LEBU,Estab Junaeb,SAAVEDRA 138,Cañete,-37.60569,-73.653168,true
5022,ESCUELA ESPECIAL,LEBU,Estab Junaeb,SAAVEDRA 649,Cañete,-37.610039,-73.655319,true
5024,LICEO ISIDORA RAMOS DE GAJARDO,LEBU,Estab Junaeb,MAC KAY 544,Cañete,-37.61047,-73.649193,true
5025,PROF REBECA CASTRO ARANEDA,LEBU,Estab Junaeb,FREIRE ESQ RIOSECO,Cañete,-37.61026,-73.655472,true
5026,FRESIA GRACIELA MULLER RUIZ,LEBU,Estab Junaeb,FREIRE ESQ SAAVEDRA,Cañete,-37.60865,-73.657494,true
5028,BOCA LEBU,LEBU,Estab Junaeb,FCO PRIETO SN PJE8 VILLA LOS HEROES,Cañete,-37.602829,-73.659683,true
5029,DOMINGO FAUSTINO SARMIENTO,LEBU,Estab Junaeb,PEREZ 280,Cañete,-37.606689,-73.6549,true
5031,DR GUILLERMO ARNOLDO EBENSPEGER RICHTER,LEBU,Estab Junaeb,CLAUDIO MATTE SN,Cañete,-37.61713,-73.658333,true
5033,ARTURO EBENSPERGUEN,LEBU,Estab Junaeb,DUBLE ESQ MISTRAL,Cañete,-37.605339,-73.643494,true
5034,LA FORTUNA,LEBU,Estab Junaeb,AVDA LUIS CRUZ MARTINEZ SN,Cañete,-37.613831,-73.647324,true
5035,ARMANDO ARANCIBIA OLIVOS,LEBU,Estab Junaeb,PARCELA 32 ISLA MOCHA CORREO LEBU,Cañete,-38.34359,-73.912392,true
5036,RUCA RAQUI,LEBU,Estab Junaeb,LEBU LOS ALAMOS KM 24 CORREO LEBU,Cañete,-37.737381,-73.537117,true
5038,PEHUEN,LEBU,Estab Junaeb,LEBU LOS ALAMOS KM 11 CORREO LEBU,Cañete,-37.66824,-73.540733,true
5039,GUILLERMO RODRIGUEZ RIOBO,LEBU,Estab Junaeb,LEBU LOS ALAMOS KM 8 CORREO LEBU,Cañete,-37.645729,-73.618347,true
5040,VILLARRICA,LEBU,Estab Junaeb,LEBU ARAUCO COSTA KM 24 CORREO LEBU,Cañete,-37.488892,-73.574112,true
5046,CERRO LA CRUZ,LEBU,Estab Junaeb,CERRO LA CRUZ SN,Cañete,-37.615181,-73.651207,true
5048,LICEO SAN FELIPE DE ARAUCO,ARAUCO,Estab Junaeb,CHACABUCO SN,Cañete,-37.243721,-73.31736,true
5049,VICENTE MILLAN IRIARTE,ARAUCO,Estab Junaeb,TUCAPEL ESQ ESMERALDA,Cañete,-37.248199,-73.322189,true
5050,MARE NOSTRUM,ARAUCO,Estab Junaeb,CONDELL 380,Cañete,-37.245491,-73.316513,true
5051,ESCUELA BASICA CARAMPANGUE,ARAUCO,Estab Junaeb,VICENTE MILLAN SN CARAMPANGUE,Cañete,-37.257301,-73.242607,true
5052,LOS PINOS,ARAUCO,Estab Junaeb,CAMINO CARAMPANGUE CONCEP CORREO ARAUCO,Cañete,-37.180119,-73.193047,true
5053,JORGE IVAN VALENZUELA ZUNIGA - BASICA,ARAUCO,Estab Junaeb,PUERTO VIEJO - PUNTA LAVAPIE,Cañete,-37.14901,-73.583443,true
5054,SAN PEDRO DE LARAQUETE,ARAUCO,Estab Junaeb,LA CANTERA SN CORREO LARAQUETE,Cañete,-37.16827,-73.180359,true
5055,VALLE LAS RAMADILLAS,ARAUCO,Estab Junaeb,IGNACIO CARRERA PINTO RAMADILLAS CORREO,Cañete,-37.306438,-73.261833,true
5056,CARLOS SAEZ SAEZ,ARAUCO,Estab Junaeb,ARAUCO CONCEPCION KM 10 CORREO ARAUCO,Cañete,-37.232929,-73.227364,true
5057,FILIDOR GAETE MONSALVEZ,ARAUCO,Estab Junaeb,ARAUCO PUNTA LAVAPIE KM 30 CORREO ARAUCO,Cañete,-37.19873,-73.564941,true
5059,HUGO CABRERA AGUIRRE,ARAUCO,Estab Junaeb,KM 12 CAMINO ARAUCO-SAN JOSE DE COLICO CHENE,Cañete,-37.32003,-73.347839,true
5060,ARMANDO WIESSE FUENTE-ALBA,ARAUCO,Estab Junaeb,LOS NANCOS KM 12 CAMINO ARAUCO-LEBU,Cañete,-37.324322,-73.395668,true
5064,FERMIN IBARRA FRITZ,ARAUCO,Estab Junaeb,ARAUCO LAS PUENTES KM 23 CORREO ARAUCO,Cañete,-37.322899,-73.476273,true
5065,QUILANTRAL,ARAUCO,Estab Junaeb,ARAUCO LEBU KM 23 CORREO ARAUCO,Cañete,-37.291599,-73.497223,true
5066,PASO LOS TEMOS,ARAUCO,Estab Junaeb,ARAUCO LEBU KM 25 CORREO ARAUCO,Cañete,-37.30912,-73.520737,true
5067,MAR DE LOS PINOS,ARAUCO,Estab Junaeb,RUMENA,Cañete,-37.1749,-73.601936,true
5068,QUIDICO,ARAUCO,Estab Junaeb,ARAUCO LEBU KM 49 CORREO ARAUCO,Cañete,-37.33926,-73.587379,true
5069,ALTO YANI,ARAUCO,Estab Junaeb,ARAUCO LEBU KM 50 CORREO ARAUCO,Cañete,-37.354858,-73.625801,true
5070,VALLE VERDE,ARAUCO,Estab Junaeb,ARAUCO LOS PUENTES KM 20 CORREO ARAUCO,Cañete,-37.30373,-73.439308,true
5072,VALLE ARAUCO,ARAUCO,Estab Junaeb,CARAMPANGUE PICHILO KM 11 CORREO ARAUCO,Cañete,-37.269409,-73.19873,true
5073,BRISAS DEL MAR,ARAUCO,Estab Junaeb,ARAUCO TUBUL CORREO ARAUCO,Cañete,-37.230129,-73.445717,true
5074,CESAR MONSALVES FLORES,ARAUCO,Estab Junaeb,CARAMPANGUE LA MESETA KM 10 CORREO ARAUC,Cañete,-37.259441,-73.22126,true
5078,CERRO COLORADO,ARAUCO,Estab Junaeb,ARAUCO SAN JOSE KM 10 CORREO ARAUCO,Cañete,-37.2925,-73.304527,true
5080,PEMEREHUE,ARAUCO,Estab Junaeb,ARAUCO LEBU KM 10 CORREO ARAUCO,Cañete,-37.2687,-73.354401,true
5081,ALTO RAQUI,ARAUCO,Estab Junaeb,ARAUCO LEBU KM 27 CORREO ARAUCO,Cañete,-37.250149,-73.509079,true
5082,SAN FCO DE ASIS,ARAUCO,Estab Junaeb,CONDELL 520,Cañete,-37.244141,-73.31797,true
5084,LICEO POLITECNIC0 MARIANO LATORRE,CURANILAHUE,Estab Junaeb,COLICO SUR SN,Cañete,-37.473461,-73.343071,true
5085,RAMIRO ROA GONZALEZ (ANEXO),CURANILAHUE,Estab Junaeb,PLAZA SN,Cañete,-37.475719,-73.34549,true
5086,CUATRO DE OCTUBRE,CURANILAHUE,Estab Junaeb,SARGENTO ALDEA 680,Cañete,-37.479576,-73.343468,true
5087,COLICO SUR,CURANILAHUE,Estab Junaeb,PEDRO VIRA OPORTUS SN,Cañete,-37.473011,-73.350517,true
5088,PABLO NERUDA,CURANILAHUE,Estab Junaeb,PJE CUATRO 100 PBLE RAMIREZ,Cañete,-37.4799,-73.335228,true
5090,BUENA ESPERANZA,CURANILAHUE,Estab Junaeb,LOS AROMOS 226,Cañete,-37.46936,-73.364311,true
5091,GABRIELA MISTRAL,CURANILAHUE,Estab Junaeb,INES DE SUAREZ 170,Cañete,-37.486099,-73.345161,true
5093,INDEPENDENCIA,CURANILAHUE,Estab Junaeb,ALAMEDA SN,Cañete,-37.4776,-73.337509,true
5094,ESCUELA ESPECIAL SOR TERESA DE LOS ANDES,CURANILAHUE,Estab Junaeb,POBLERAMIREZ PASAJE 4 SN,Cañete,-37.480816,-73.334167,true
5095,LOS CRUCEROS,CURANILAHUE,Estab Junaeb,CURANILAHUE A NACIMIENTO KM 56 CORREO CU,Cañete,-37.47541,-73.348877,true
5097,BAJO LOS RIOS,CURANILAHUE,Estab Junaeb,CURANILAHUE A NACIMIENTO KM 42 CORREO CU,Cañete,-37.42672,-73.089859,true
5099,TRONGOL ALTO,CURANILAHUE,Estab Junaeb,CURANILAHUE TRONGOL ALTO KM 30 CORREO CU,Cañete,-37.565262,-73.176567,true
5100,PLEGARIAS,CURANILAHUE,Estab Junaeb,CURANILAHUE A PLEGARIAS KM 7 CORREO CURA,Cañete,-37.517689,-73.344658,true
5101,SAN JOSE DE COLICO,CURANILAHUE,Estab Junaeb,CALLE 18 DE SEPTIEMBRE SN CORREO CURANI,Cañete,-37.367222,-73.339996,true
5103,COLICO NORTE,CURANILAHUE,Estab Junaeb,CURANILAHUE COLICO NORTE KM 9 CORREO CUR,Cañete,-37.392979,-73.327583,true
5104,ALONSO DE ERCILLA,CURANILAHUE,Estab Junaeb,RAMON ZAMORA 285,Cañete,-37.47374,-73.346542,true
5105,CAUPOLICAN DE LOS ALAMOS,LOS ALAMOS,Estab Junaeb,PEDRO EYHERAMENDY 618,Cañete,-37.628899,-73.460587,true
5106,FELIX EYHERAMENDY,LOS ALAMOS,Estab Junaeb,PEDRO EYHERAMENDY 579,Cañete,-37.62553,-73.462784,true
5109,CLAUDIO SEBASTIAN FLORES SOTO,LOS ALAMOS,Estab Junaeb,DIEGO PORTALES 824,Cañete,-37.613861,-73.412392,true
5110,PILPILCO,LOS ALAMOS,Estab Junaeb,DIEGO PORTALES 1791,Cañete,-37.60677,-73.407539,true
5112,SAIDA ARANEDA VIGUERAS,LOS ALAMOS,Estab Junaeb,TRES PINOS LOS ALAMOS,Cañete,-37.630791,-73.407089,true
5113,ORLANDO DELGADO ZUNIGA,LOS ALAMOS,Estab Junaeb,CORREO LOS ALAMOS,Cañete,-37.673969,-73.394287,true
5114,TEHUALDA DE RANQUILCO,LOS ALAMOS,Estab Junaeb,LOS ALAMOS RANQUILCO KM 18 CORREO LOS A,Cañete,-37.766869,-73.519402,true
5116,JOSE MARIANO CAMPOS MENCHACA,LOS ALAMOS,Estab Junaeb,LOS ALAMOS PANGUE KM 18 CORREO LOS ALAM,Cañete,-37.76709,-73.48777,true
5117,LOS GUALLES,LOS ALAMOS,Estab Junaeb,LOS ALAMOS CURANILAHUE KM 10 CORREO LOS,Cañete,-37.557892,-73.416283,true
5119,LAS DUNAS,LOS ALAMOS,Estab Junaeb,LOS ALAMOS PANGUE KM 25 CORREO LOS ALAM,Cañete,-37.810162,-73.495354,true
5120,INDEPENDENCIA,LOS ALAMOS,Estab Junaeb,LOS ALAMOS CANETE KM 6 CORREO LOS ALAMO,Cañete,-37.646191,-73.392143,true
5121,JOSE CORSINO ULLOA FIERRO,LOS ALAMOS,Estab Junaeb,LOS ALAMOS CANETE KM 8,Cañete,-37.66629,-73.391617,true
5122,CRISTO REDENTOR,LOS ALAMOS,Estab Junaeb,POBLCAUPOLICAN ROZAS SN,Cañete,-37.630749,-73.454887,true
5123,CACIQUE FRANCISCO MELIN,CAÑETE,Estab Junaeb,CANETE PANGUECO KM 12 CORREO CANETE,Cañete,-37.809792,-73.442032,true
5126,LICEO POLITECNICO JOSE DE LA CRUZ MIRAND,CAÑETE,Estab Junaeb,TUCAPEL 53,Cañete,-37.795471,-73.393997,true
5127,LEONCIO ARANEDA FIGUEROA,CAÑETE,Estab Junaeb,VILLAGRAN 750,Cañete,-37.800621,-73.39856,true
5128,ARTURO PRAT CHACON,CAÑETE,Estab Junaeb,CONDELL 114,Cañete,-37.800411,-73.400307,true
5129,RENE ANDRADES TOLEDO,CAÑETE,Estab Junaeb,AGUAYO SN POB SGTO AGUAYO,Cañete,-37.80267,-73.393509,true
5130,RUBI NELSON SILVA SALAS,CAÑETE,Estab Junaeb,VEINTISIETE DE ABRIL SN,Cañete,-37.803501,-73.408089,true
5131,HOMERO VIGUERAS ARANEDA,CAÑETE,Estab Junaeb,MANUEL RODRIGUEZ SN,Cañete,-37.790741,-73.391472,true
5132,RICARDO COLOMA DIAZ,CAÑETE,Estab Junaeb,CANETE CAYUCUPIL KM 14 CORREO CANETE,Cañete,-37.81282,-73.261253,true
5133,LLONCAO,CAÑETE,Estab Junaeb,CANETE PAICAVI KM 18 CORREO CANETE,Cañete,-37.899311,-73.440941,true
5134,LA GRANJA,CAÑETE,Estab Junaeb,CANETE CONCEPCKM4 CORREO CANETE,Cañete,-37.775261,-73.38063,true
5135,PAICAVI,CAÑETE,Estab Junaeb,CANETE PAICAVI KM18 ORELLA 331,Cañete,-37.92688,-73.432747,true
5140,FEDERICO GANA,CAÑETE,Estab Junaeb,CANETE CONTULMO KM9,Cañete,-37.865059,-73.378601,true
5143,SALTO DE HUILLINCO,CAÑETE,Estab Junaeb,CANETE CONCEPCION KM 6 CORREO CANETE,Cañete,-37.753441,-73.370979,true
5145,GARCIA HURTADO DE MENDOZA,CAÑETE,Estab Junaeb,CANETE PONOTRO KM19CORREO CANETE,Cañete,-37.84618,-73.420326,true
5147,TRES SAUCES,CAÑETE,Estab Junaeb,CANETE CAYUCUPIL KM 11 CORREO CANETE,Cañete,-37.80529,-73.294968,true
5150,LICEO GABRIELA MISTRAL,CAÑETE,Estab Junaeb,ARTURO PRAT 284,Cañete,-37.800072,-73.39817,true
5151,LUIS CRUZ MARTINEZ,CAÑETE,Estab Junaeb,CANETE CAYUPIL KM 7 MARINAN 518 CANETE,Cañete,-37.805248,-73.323174,true
5152,EL RIO,CAÑETE,Estab Junaeb,EL REPOSO KM 8 CASILLA 33 CANETE,Cañete,-37.819401,-73.371773,true
5154,SAN LUIS DE CONTULMO,CONTULMO,Estab Junaeb,CALLE FRESIA SN,Cañete,-38.017204,-73.230759,true
5155,NAHUELBUT,CONTULMO,Estab Junaeb,MILLARAY SN,Cañete,-38.01646,-73.228943,true
5157,GALVARINO,CAÑETE,Estab Junaeb,CONTULMO A HUENTELOLEN KM45,Cañete,-37.953449,-73.405899,true
5158,JUAN AGUILERA JEREZ,CAÑETE,Estab Junaeb,CONTULMO A ANTIQUINA KM51,Cañete,-38.05756,-73.400864,true
5159,HUALLEPEN BAJO,CONTULMO,Estab Junaeb,CONTULMO GRANO DE TRIGO KM 36,Cañete,-38.139889,-73.296089,true
5162,HUIDE,CONTULMO,Estab Junaeb,CONTULMO HUIDE KM 45,Cañete,-38.137539,-73.197708,true
5163,GRANO DE TRIGO,CONTULMO,Estab Junaeb,CONTULMO GRANO DE TRIGO KM 38,Cañete,-38.170341,-73.198189,true
5165,HUALLEPEN ALTO,CONTULMO,Estab Junaeb,CONTULMO HUALLEPEN KM 36 CORREO CONTULMO,Cañete,-38.16428,-73.237152,true
5166,CALEBU,CONTULMO,Estab Junaeb,CONTULMO ELICURA KM 7 CORREO CONTULMO,Cañete,-37.95623,-73.225983,true
5167,HONOR DE NAHUELBUTA,CONTULMO,Estab Junaeb,CONTULMO NAHUELBUTA KM8,Cañete,-38.052872,-73.202339,true
5169,PICHIHUILLINCO,CONTULMO,Estab Junaeb,CONTULMO PICHIHUILLINCO KM10,Cañete,-38.07386,-73.238739,true
5170,HUILLINCO,CONTULMO,Estab Junaeb,CONTULMO A HUILLINCO KM18,Cañete,-38.126881,-73.263283,true
5172,JUAN LUIS A LAVIN ALVEAR,CAÑETE,Estab Junaeb,CANETE A TIRUA KM50,Cañete,-37.993809,-73.394859,true
5174,EL ALAMO,CONTULMO,Estab Junaeb,CONTULMO A COIHUECO KM 18 CORREO CONTULM,Cañete,-38.07666,-73.302696,true
5175,VILLA ELICURA,CONTULMO,Estab Junaeb,CONTULMO A ELICURA KM 7 CORREO CONTULMO,Cañete,-37.944939,-73.227997,true
5176,MAHUILQUE BAJO,CONTULMO,Estab Junaeb,CONTULMO A MAHUILQUE KM 45 CORREO CONTUL,Cañete,-38.209572,-73.238182,true
5180,NUEVA AURORA,CAÑETE,Estab Junaeb,CANETE A ALTO ANTIQUINA KM 38 CORREO CAN,Cañete,-38.050819,-73.343742,true
5181,HUILLINCO ALTO,CONTULMO,Estab Junaeb,CONTULMO A HUILLINCO ALTO KM 18 DR GARRI,Cañete,-38.027721,-73.230553,true
5186,VILLA HERMOSA,CONTULMO,Estab Junaeb,CONTULMO A LOS HUAPES DE AILLAHUAMPI KM,Cañete,-38.178501,-73.139748,true
5188,BUCHOCO,CONTULMO,Estab Junaeb,CONTULMO BUCHOCO KM 12 CORREO CONTULMO,Cañete,-37.996681,-73.287437,true
5189,LICAUQUEN,CONTULMO,Estab Junaeb,CAMINO PUREN A LICAUQUEN KM 27,Cañete,-38.077099,-73.126984,true
5192,ANA MOLINA,TIRUA,Estab Junaeb,TRANAQUEPE,Cañete,-38.189941,-73.422531,true
5193,HECTOR ISAAC CARRASCO,TIRUA,Estab Junaeb,JOSE MIGUEL CARRERA SN CORREO TIRUA,Cañete,-38.24828,-73.486076,true
5194,ELOISA GONZALEZ,TIRUA,Estab Junaeb,IGNACIO CARRERA PINTO SN CORREO TIRUA,Cañete,-38.342651,-73.490883,true
5195,CERRO NEGRO,TIRUA,Estab Junaeb,TIRUA TROVOLHUE KM 16 CORREO TIRUA,Cañete,-38.40752,-73.456512,true
5196,PRIMER AGUA,TIRUA,Estab Junaeb,TIRUA TROVOLHUE KM 10 CORREO TIRUA,Cañete,-38.40815,-73.500351,true
5197,CASA DE PIEDRA,TIRUA,Estab Junaeb,TIRUA TROVOLHUE KM 24 CORREO TIRUA,Cañete,-38.452702,-73.497459,true
5198,ALTO QUILANTAHUE,TIRUA,Estab Junaeb,TIRUA TROVOLHUE KM 21 CORREO TIRUA,Cañete,-38.449539,-73.497803,true
5202,MAPUDUNGUN,TIRUA,Estab Junaeb,CANETE TIRUA KM 40 CORREO TIRUA,Cañete,-38.143021,-73.391479,true
5203,AGUA DEL MOLINO,TIRUA,Estab Junaeb,TIRUA TROVOLHUE KM 17 CORREO TIRUA,Cañete,-38.37545,-73.398987,true
5204,LOS MAQUIS,TIRUA,Estab Junaeb,TIRUA LOS MAQUIS KM 30,Cañete,-38.418045,-73.330894,true
5205,CHILLIMAPU,TIRUA,Estab Junaeb,CANETE PTO CHOQUE KM 48 CORREO TIRUA,Cañete,-38.187901,-73.374077,true
5207,PONOTRO ENCHI AMULEI,TIRUA,Estab Junaeb,CANETE TIRUA KM55 CORREO TIRUA,Cañete,-38.28138,-73.497902,true
5208,LOS LINGUES,TIRUA,Estab Junaeb,QUIDICO CURAPAILLACO KM 8 CORREO TIRUA,Cañete,-38.31216,-73.46595,true
5210,SANTOS CHAVEZ,TIRUA,Estab Junaeb,CANETE TIRUA KM 67 CORREO TIRUA,Cañete,-38.311321,-73.468803,true
5211,RANQUILHUE,TIRUA,Estab Junaeb,CANETERANQUILHUE KM43,Cañete,-38.14822,-73.362549,true
5212,NUEVA LAS HUELLAS,TIRUA,Estab Junaeb,QUIDICO CAP PASTENE KM 19 CORREO TIRUA,Cañete,-38.26384,-73.403351,true
5213,LAS MISIONES,TIRUA,Estab Junaeb,TIRUA TROVOLHUE KM 2 CORREO TIRUA,Cañete,-38.35239,-73.488876,true
5214,PUENTE DE TIERRA,TIRUA,Estab Junaeb,TIRUA TROVOLHUE KM 17 CORREO TIRUA,Cañete,-38.37463,-73.506531,true
11399,SAN ERNESTO,CONTULMO,Estab Junaeb,CONTULMO A ELICURA KM15,Cañete,-37.925831,-73.215118,true
11400,TRAPAQUEANTE,TIRUA,Estab Junaeb,CALLE SAN JOAQUIN SN,Cañete,-38.343781,-73.494942,true
11425,CIFUENTES,CURANILAHUE,Estab Junaeb,CIFUENTES BAJO CORREO CURANILAHUE,Cañete,-37.47533,-73.1689,true
11712,GASPAR CABRALES,LOS ALAMOS,Estab Junaeb,PEDRO EYHERAMENDY 285,Cañete,-37.625648,-73.465797,true
11714,CHACUIVI,TIRUA,Estab Junaeb,RANQUILHUE GRANDE,Cañete,-38.1511,-73.368729,true
11746,LOS CONFINES,CURANILAHUE,Estab Junaeb,SAN MARTIN N 91,Cañete,-37.472511,-73.339302,true
12002,NUEVO TOQUI CAUPOLICAN,CAÑETE,Estab Junaeb,CAMINO A PAICAVI CHICO KM 23,Cañete,-37.955261,-73.416313,true
12004,LICEO POLITECNICO CURANILAHUE,CURANILAHUE,Estab Junaeb,CAMILO HENRIQUEZ 15,Cañete,-37.47794,-73.359261,true
12064,EL PIURE,ARAUCO,Estab Junaeb,EL PIURE LLICO KM 51,Cañete,-37.237949,-73.632713,true
17719,COLEGIO CONTINENTAL CURANILAHUE,CURANILAHUE,Estab Junaeb,AVDA RAMON ZAMORA N3,Cañete,-37.473808,-73.343697,true
17762,BAJO QUILANTAHUE,TIRUA,Estab Junaeb,QUILANTAHUE TIRUA,Cañete,-38.454441,-73.496971,true
17763,CUYIMPALIHUE,CAÑETE,Estab Junaeb,CAETE CONCEPCION KM 10,Cañete,-37.72813,-73.392067,true
17772,LICEO POLITECNICO CAETE,CAÑETE,Estab Junaeb,ESMERALDA SN CAETE,Cañete,-37.799992,-73.390228,true
17810,CENTRO DE EDUCACION QUIMAHUE,CAÑETE,Estab Junaeb,SAAVEDRA SN,Cañete,-37.801014,-73.40027,true
17817,JARDIN INFANTIL FRANCY,ARAUCO,Estab Junaeb,PABLO NERUDA SN LARAQUETE,Cañete,-37.169991,-73.19088,true
17874,EDELMIRA VERGARA,ARAUCO,Estab Junaeb,ARAUCO,Cañete,-37.246861,-73.33567,true
17881,FERMIN FIERRO LUENGO,CURANILAHUE,Estab Junaeb,SARGENTO ALDEA N 680,Cañete,-37.478535,-73.343544,true
18004,TECNICO PROFESIONAL ALONSO DE ERCILLA Y,CAÑETE,Estab Junaeb,SECTOR LA GRANJA,Cañete,-37.774212,-73.381393,true
18009,CENTRO DE EDUCACION DE ADULTOS,ARAUCO,Estab Junaeb,CURAQUILLA,Cañete,-37.24762,-73.32275,true
18073,JARDIN INFANTIL JUAN BAUTISTA,ARAUCO,Estab Junaeb,AVENIDA PRAT 460,Cañete,-37.24849,-73.32109,true
18080,LICEO POLITECNICO DE CARAMPANGUE,ARAUCO,Estab Junaeb,CONDELL,Cañete,-37.258339,-73.242523,true
18089,ESCUELA DE LENGUAJE BAMBI,CAÑETE,Estab Junaeb,OHIGGINS 24,Cañete,-37.792492,-73.391106,true
18092,ESCUELA DE LENGUAJE,ARAUCO,Estab Junaeb,MARIANO LATORRE N 92,Cañete,-37.16616,-73.18821,true
18095,ESCUELA DE LENGUAJE SAN PABLO,LEBU,Estab Junaeb,ANDRES BELLO N 795,Cañete,-37.610085,-73.658676,true
18139,RAYEN ANT,CURANILAHUE,Estab Junaeb,EDUARDO FREI M SN,Cañete,-37.469364,-73.36307,true
18152,INAD,LEBU,Estab Junaeb,PANGUILEMU SECTOR N 2,Cañete,-37.65268,-73.55474,true
18155,ESCUELA ESPECIAL DE LENGUAJE,ARAUCO,Estab Junaeb,LOS CANELOS N 58,Cañete,-37.250416,-73.30984,true
18227,ESC LENG ALTO TUCAPEL,CAÑETE,Estab Junaeb,ALTO HUILLINC,Cañete,-37.80152,-73.390495,true
31099,ESCUELA LENG RUCALAF,ARAUCO,Estab Junaeb,ALONSO DE ERCILLA 17,Cañete,-37.16869,-73.18827,true
880496,08206017 CREANDO SONRRISAS,LOS ALAMOS,Estab Junji,LOS ROSALES S/N CERRO ALTO,Cañete,-37.607772,-73.407681,true
881504,08206018 J I LAS HORMIGUITAS,LOS ALAMOS,Estab Junji,BOCAHUE S/N ANTIHUALA,Cañete,-37.672932,-73.387457,true
881505,08201012 TRENCITO DE MIS TESOROS,LEBU,Estab Junji,LA FORTUNA S/N,Cañete,-37.613389,-73.647259,true
881511,08206016 J I CAPULLITO DE TERNURA,LOS ALAMOS,Estab Junji,18 DE SEPTIEMBRE N? 14,Cañete,-37.621838,-73.415163,true
881519,S.C. 08201010 J I RAYITO DE SOL,LEBU,Estab Junji,LOS AROMOS N? 185 AGUA DE LAS NINAS,Cañete,-37.617254,-73.649246,true
881526,08201011 OLITAS DE AMOR,LEBU,Estab Junji,RIGOBERTO IGLESIAS S/N POBLACION JUAN QUIROGA,Cañete,-37.595374,-73.644314,true
881532,08203012 CECI POCUNO,CAÑETE,Estab Junji,ESCUELA POCUNO,Cañete,-38.019839,-73.345761,true
881535,08203013 CECI LOS SAUCES,CAÑETE,Estab Junji,TRES SAUCES S/N,Cañete,-37.805197,-73.295607,true
881657,08202031 CECI YANI,ARAUCO,Estab Junji,ARAUCO LEBU KM 50,Cañete,-37.355016,-73.625431,true
881658,08202032 CECI LAS PUENTES,ARAUCO,Estab Junji,ESC G-741 VALLE VERDE LAS PUENTES,Cañete,-37.30398,-73.439449,true
882286,08205019 CECI RAYITO DE SOL,CURANILAHUE,Estab Junji,CAMILO HENRRIQUEZ S/N,Cañete,-37.472877,-73.334865,true
882287,08201009 IFARDELITA BLANCA,LEBU,Estab Junji,PARCELA N? 32 ISLA MOCHA,Cañete,-38.34359,-73.91262,true
882838,J.S.R. PICHILO,ARAUCO,Estab Integra,CARAMPANGUE PICHILO KM.11 CORREO ARAUCO,Cañete,-37.2789756862267,-73.199386866211,true
883255,08202036 SALA CUNA TUBUL,ARAUCO,Estab Junji,AVENIDA DEL MAR S/N,Cañete,-37.229981,-73.445894,true
883846,08207024 PMI PEUMAHUE,TIRUA,Estab Junji,SEDE SOCIAL DEL SECTOR,Cañete,-38.339063,-73.487812,true
883856,08203022 PMI TRANGUILBORO,CAÑETE,Estab Junji,TRANGUILBORO,Cañete,-37.996501,-73.352915,true
883858,08206032 PMI LOS PITUFOS,LOS ALAMOS,Estab Junji,LOS ALAMOS,Cañete,-37.54734,-73.413612,true
883859,08206033 PMI LOS CARINOSITOS,LOS ALAMOS,Estab Junji,LOS ALAMOS,Cañete,-37.630383,-73.406217,true
883888,TUCAPEL,CURANILAHUE,Estab Integra,TUCAPEL 553,Cañete,-37.4865591999999,-73.3289095,true
884292,ANEXO 5084 LICEO MARIANO LATORRE,CURANILAHUE,Estab Junaeb,SARGENTO ALDEA 680,Cañete,-37.4794909,-73.3436286,true
884503,S.C. 08206014 LOS CARINOSITOS,LOS ALAMOS,Estab Junji,BAJADA EL MOLINO S/N,Cañete,-37.630401,-73.40698,true
884526,08202037 RAMADILLAS,ARAUCO,Estab Junji,PASAJE LA CONCEPCION N? 77,Cañete,-37.306158,-73.262125,true
884547,08206035 CASH QUILLAITUN,LOS ALAMOS,Estab Junji,NN,Cañete,,,true
884553,08205022 JARDIN VILLA PARQUE FORESTAL,CURANILAHUE,Estab Junji,3 DE MAYO N? 960,Cañete,-37.489036,-73.327525,true
884560,08207029 PMI WEFACHANTU PICHICHE,TIRUA,Estab Junji,ESCUELA PONOTRO HENCHI AMULEI,Cañete,-38.281379,-73.497904,true
884566,08207028 PMI KRALWE PICHI KECHE,TIRUA,Estab Junji,ESCUELA ANA MOLINA F820,Cañete,-38.190438,-73.422187,true
885666,08206038 LIWEN PU PICHIQUECHE AYINKO,LOS ALAMOS,Estab Junji,CALLE LA VIRGEN N? 70,Cañete,-37.619806,-73.413314,true
885667,08203029 SOL NACIENTE,CAÑETE,Estab Junji,HUILLINCO ALTO S/N,Cañete,-37.753436,-73.370809,true
885668,08203030 JARDIN TUCAPEL,CAÑETE,Estab Junji,CALLE BELLA HORTENCIA N?426,Cañete,-37.799017,-73.407367,true
885669,08202044 J INFANTIL MIRADOR,ARAUCO,Estab Junji,CALLE LOS ALELIES N? 19,Cañete,,,true
885683,08206030 CASH RANQUILCO,LOS ALAMOS,Estab Junji,SEDE COMUNITARIA,Cañete,,,true
885685,08203032 CASH LENCALBOLDO,CAÑETE,Estab Junji,SEDE COMUNITARIA,Cañete,,,true
885686,08203017 CASH HUAPE,CAÑETE,Estab Junji,SEDE COMUNITARIA,Cañete,,,true
885687,08203018 CASH ANTIQUINA,CAÑETE,Estab Junji,SEDE COMUNITARIA,Cañete,,,true
886429,08202012 J I RAYITO DE SOL,ARAUCO,Estab Junji,CAMINO CONUMO ALTO S/N CARAMPANGUE,Cañete,-37.267146,-73.22478,true
886431,08202021 J I VILLA DON CARLOS,ARAUCO,Estab Junji,VOLCAN LLAIMA N?178 VILLA DON CARLOS,Cañete,-37.250952,-73.305222,true
886440,08202033 J I GIRASOL,ARAUCO,Estab Junji,MANUEL LUENGO N? 128,Cañete,-37.256971,-73.243221,true
886441,08203006 J I HOMERO VIGUERAS,CAÑETE,Estab Junji,SAN MARTIN N? 60,Cañete,-37.790561,-73.391292,true
886455,08203020 PMI PAICAVI,CAÑETE,Estab Junji,SEDE SOCIAL SECTOR PAICAVI,Cañete,-37.926882,-73.432756,true
886468,08206040 J I LAS GOLONDRINAS,LOS ALAMOS,Estab Junji,AVDA DIEGO PORTALES S/N? CERRO ALTO NORTE,Cañete,-37.607304,-73.408769,true
886469,08201018 J I LEBU NORTE,LEBU,Estab Junji,IGNACIO CARRERA PINTO1301,Cañete,-37.599544,-73.642747,true
886759,ANEXO 5113 LICEO ORLANDO DELGADO ZUNIGA,LOS ALAMOS,Estab Junaeb,CORREO LOS ALAMOS,Cañete,-37.6277739,-73.4650798,true
886762,ANEXO 5122 LICEO CRISTO REDENTOR,LOS ALAMOS,Estab Junaeb,FUNDO LOS ALAMOS,Cañete,-37.627703,-73.463712,true
887083,ANEXO 5026 LICEO FRESIA MULLER,LEBU,Estab Junaeb,PEREZ EQUINA FREIRE,Cañete,,,true
887299,J.S.R LLONCAO,CAÑETE,Estab Integra,LLONCAO S/N,Cañete,-37.785475100349,-73.385052126018,true
887546,08203034 CASH SANTA ANGELA,CAÑETE,Estab Junji,SANTA ANGELA SN,Cañete,,,true
887549,08205025 J I LA FAMILIA,CURANILAHUE,Estab Junji,SECTOR LA QUILA S/N,Cañete,-37.480917,-73.346842,true
887550,08202043 CASH RUMENA,ARAUCO,Estab Junji,SEDE RUMENA,Cañete,,,true
887554,08201019 VICTORIA,LEBU,Estab Junji,CALLE ESPERANZA 133 POBLACION 27F,Cañete,-37.61189,-73.659371,true
887555,08205026 ARTURO PRAT,CURANILAHUE,Estab Junji,CALLE ARTURO PRAT 591,Cañete,-37.47935,-73.340874,true
888146,LAFKENCHE,CAÑETE,Estab Junaeb,ALONSO DE REINOSO 90 CANETE,Cañete,-37.7902539,-73.3901157,true
888540,J.S.R. RUMENA,ARAUCO,Estab Integra,RUMENEA S/N (SEDE PESCADORES) S/N,Cañete,,,true
888541,J.S.R. TRES PINOS,LOS ALAMOS,Estab Integra,BARROS ARANA 102,Cañete,-37.6257739077125,-73.4049736181008,true
888600,J.S.R ANTIHUALA,LOS ALAMOS,Estab Integra,ANTIHUALA S/N,Cañete,-37.672989507085,-73.3950472346233,true
908540,AGUA DE LAS NIÑAS,LEBU,Estab Integra,AGUA DE LAS NIÑAS S/N,Cañete,-37.6080479,-73.6514907,true
928028,08204001 LOS CARINOSITOS,CONTULMO,Estab Junji,ESMERALDA S/N SECTOR VILLA RIVAS,Cañete,-38.015039,-73.229577,true
928080,08202002 EDUARDO FREI MONTALVA,ARAUCO,Estab Junji,PEDRO AGUIRRE CERDA 42-A,Cañete,-37.245675,-73.334029,true
928103,08205007 LAS ARDILLITAS,CURANILAHUE,Estab Junji,MINA PEUMO S/N POBLACION CORCOOP,Cañete,-37.475627,-73.350703,true
944231,08203001 ACHNU,CAÑETE,Estab Junji,MANUEL RODRIGUEZ N?15,Cañete,-37.804191,-73.407967,true
946121,08204002 MANITOS DE AMOR,CONTULMO,Estab Junji,VILLA LAS ARAUCARIAS S/N,Cañete,-38.02261,-73.232252,true
946174,08203005 LOS PITUFOS,CAÑETE,Estab Junji,CAMINO CAILLÍN S/N SECTOR LA GRANJA,Cañete,-37.774914,-73.38008,true
946182,08203003 BOSQUE MAGICO,CAÑETE,Estab Junji,LOS BOLDOS N? 32 POBLACION CANELOS,Cañete,-37.790614,-73.386505,true
946183,S.C. 08201005 LUIS CRUZ MARTINEZ,LEBU,Estab Junji,LUIS CRUZ MARTINEZ N? 171,Cañete,-37.611226,-73.648893,true
946195,S.C. 08206009 MI MUNDO MAGICO,LOS ALAMOS,Estab Junji,LOS CEREZOS N? 359 CERRO ALTO,Cañete,-37.614293,-73.416992,true
946200,08207005 PICHI KUYEN,TIRUA,Estab Junji,ATAHUALPA S/N,Cañete,-38.340077,-73.491162,true
946201,S.C. 08202016 LOS CASTANOS,ARAUCO,Estab Junji,COCHRANE S/N,Cañete,-37.246786,-73.336038,true
946206,S.C. 08202015 LOS ARRAYANES,ARAUCO,Estab Junji,HUMBERTO AGUIRRE S/N,Cañete,-37.250547,-73.32429,true
946207,S.C. 08201006 RINCON DE LUZ,LEBU,Estab Junji,LOS TIQUES N? 38,Cañete,-37.670818,-73.538768,true
946210,S.C. 08202014 SALA CUNA CARAMPANGUE,ARAUCO,Estab Junji,VICENTE MILLAN N? 104 CARAMPANGUE,Cañete,-37.257022,-73.241892,true
946211,S.C. 08206012 MI MUNDO FELIZ,LOS ALAMOS,Estab Junji,FRESIA S/N ANTIHUALA,Cañete,-37.674006,-73.393966,true
946212,08201007 SALA CUNA SANTA ROSA,LEBU,Estab Junji,IGNACIO CARRERA PINTO S/N,Cañete,-37.645358,-73.618016,true
946214,08202017 LOS PINOS,ARAUCO,Estab Junji,LOS DURAZNOS S/N,Cañete,-37.244822,-73.312113,true
946215,08206011 CAMINITO DE LOS SUENOS,LOS ALAMOS,Estab Junji,LAS CAMELIAS N? 1060,Cañete,-37.632463,-73.450854,true
946216,08206010 OJITOS DE LUNA,LOS ALAMOS,Estab Junji,JUAN ANTONIO RIOS S/N,Cañete,-37.662357,-73.392582,true
946217,S.C. VILLA ALEGRE,CAÑETE,Estab Junji,CAYUCUPIL SN,Cañete,-37.7976991576925,-73.3931458427338,true
948187,08202018 LARAQUETE,ARAUCO,Estab Junji,LA CANTERA S/N,Cañete,-37.167705,-73.180392,true
948188,08206013 RAYEN ANTU,LOS ALAMOS,Estab Junji,LAS DUNAS S/N,Cañete,-37.810133,-73.495067,true
948220,08202020 FRESIA,ARAUCO,Estab Junji,CONDELL S/N,Cañete,-37.241085,-73.322692,true
948222,08201008 LOS FILTROS,LEBU,Estab Junji,CLAUDIO MATTE N? 110,Cañete,-37.615809,-73.657511,true
948256,08207006 RAYEN KIRUN,TIRUA,Estab Junji,CAMINO MOVOLTUE S/N KM 24,Cañete,-38.487786,-73.484867,true
948257,08207007 ABKELAY KIMUN,TIRUA,Estab Junji,CAMINO TROVOLHUE KM10,Cañete,-38.408456,-73.500608,true
948270,08205012 MIRAFLORES,CURANILAHUE,Estab Junji,LAS MAGNOLIAS N? 720,Cañete,-37.485948,-73.327167,true
948272,08202019 PUNTA LAVAPIE,ARAUCO,Estab Junji,PUERTO BRAVO S/N,Cañete,-37.151177,-73.578117,true
948285,08205011 ACHNU SAN JOSE DE COLICO,CURANILAHUE,Estab Junji,CALLE VILLA RICA S/N SAN JOSE DE COLICO,Cañete,-37.366283,-73.341926,true
948407,CARDENAL SILVA HENRÍQUEZ,CAÑETE,Estab Integra,SANTA TERESA DE LOS ANDES 102,Cañete,-37.8089131,-73.4099134,true
948418,S.C. S.C. LOS HÉROES,LEBU,Estab Integra,MANUEL RODRIGUEZ 82,Cañete,-37.60279,-73.6581753,true
948611,08205014 PMI LOS NINOS SON FELICES,CURANILAHUE,Estab Junji,ISMAEL JARA S/N,Cañete,,,true
949963,08203007 PMI JUGANDO CANTANDO,CAÑETE,Estab Junji,PONOTRO S/N,Cañete,-37.845438,-73.420437,true
950777,08207008 PICHI AYEN,TIRUA,Estab Junji,RANQUILHUE S/N,Cañete,-38.151979,-73.367844,true
950870,08206015 MI REFUGIO FELIZ,LOS ALAMOS,Estab Junji,SIMON CARVALLO S/N POBLACION SILVIA CHACON,Cañete,-37.622736,-73.468687,true
950974,08202022 VILLA EL BOSQUE,ARAUCO,Estab Junji,LOS MANIOS S/N ESQUINA EL ROBLE,Cañete,-37.17467,-73.189205,true
995241,08201001 BOCA LEBU,LEBU,Estab Junji,ANIBAL PINTO S/N POBLACION DIEGO PORTALES,Cañete,-37.607499,-73.659154,true
995243,08201002 EL PUENTE,LEBU,Estab Junji,MANUEL SOTO S/N POBLACION C SAAVEDRA,Cañete,-37.603597,-73.643099,true
995244,08202010 NUEVA ESPERANZA,ARAUCO,Estab Junji,CALIFORNIA S/N,Cañete,-37.251604,-73.320274,true
995245,08205001 GOTITAS DE AMOR,CURANILAHUE,Estab Junji,LUIS CRUZ MARTINEZ S/N,Cañete,-37.479052,-73.335414,true
995246,08205002 GABRIELA MISTRAL,CURANILAHUE,Estab Junji,ALAMEDA N? 370,Cañete,-37.481217,-73.333751,true
996419,08202003 ESTRELLITA DE MAR,ARAUCO,Estab Junji,ALONSO DE ERCILLA S/N,Cañete,,,true
996430,08205009 MIGUITAS DE TERNURA,CURANILAHUE,Estab Junji,LOS COIGUESN?133,Cañete,-37.468055,-73.362421,true
996435,08207001 CAU CURA,TIRUA,Estab Junji,O?HIGGINS S/N QUIDICO,Cañete,-38.248037,-73.483731,true
998316,PEHUÉN,LEBU,Estab Integra,RECINTO ESTACIÓN UNIDAD VECINAL 6 S/N,Cañete,-37.4767784,-73.3458856,true
998317,MILLANECO,LEBU,Estab Integra,ALFREDO SALGADO 440,Cañete,-37.5938179,-73.6398932,true
998319,JOSÉ MIGUEL CARRERA,LEBU,Estab Integra,LEPIÑANCO 460,Cañete,-37.6142759,-73.6443192999999,true
998320,SANTA ROSA,LEBU,Estab Integra,SANTA ROSA PARCELA 49 S/N,Cañete,-37.6080479,-73.6514907,true
998323,TUBÚL,ARAUCO,Estab Integra,LOS CIPRESES (SECTOR TUBUL) S/N,Cañete,-37.3253885,-73.3526373,true
998324,EL PINAR,ARAUCO,Estab Integra,CALLE PRINCIPAL ENTRE PJE 3 Y 4 (POBLACIÓN EL PINA,Cañete,-37.1832217,-73.1896247,true
998325,SEMILLITAS DE LLICO,ARAUCO,Estab Integra,ESCUELA F 751 GAETE MARTINEZ (SECTOR CALETA LLICO),Cañete,-37.2457765,-73.3166644,true
998328,ESMERALDA,CURANILAHUE,Estab Integra,LAS HORTALIZAS 228-229,Cañete,-37.4779308,-73.3432122,true
998329,LAS ARAUCARIAS,LOS ALAMOS,Estab Integra,PEDRO EYHERAMENDY 620,Cañete,-37.6253965,-73.4617186999999,true
998332,LOS NOTROS,CAÑETE,Estab Integra,GABRIELA MISTRAL 18,Cañete,-37.7927124,-73.3888059,true
998333,FRESIA,CAÑETE,Estab Integra,SARGENTO ALDEA 27,Cañete,-37.8051603,-73.4031717,true
998334,ANTIQUINA,CAÑETE,Estab Integra,RECINTO UNIDAD EDUCATIVA F 860 (SECTOR ANTIQUINA),Cañete,-37.7991334,-73.3900103,true
998336,HUENTELOLÉN,CAÑETE,Estab Integra,SECTOR ESCUELA (SECTOR HUENTELOLEN) S/N,Cañete,-37.9488844,-73.4164688,true
998337,SANTA MARÍA,CONTULMO,Estab Integra,FRESIA 210,Cañete,-38.0173845,-73.2276765,true
998338,CALEBU,CONTULMO,Estab Integra,SECTOR ELICURA LADO POSTA S/N,Cañete,-38.0164526999999,-73.2311031,true
998339,AYELÉN,TIRUA,Estab Integra,JULIO MONTT 337,Cañete,-38.3415576,-73.4943498,true
5282,LICEO COMPLEJO EDUCACIONAL,COLLIPULLI,Estab Junaeb,AVDA SAAVEDRA NORTE NRO 730,Lautaro,-37.954651,-72.439133,true
5283,ESC THOMAS ALVA EDISON,COLLIPULLI,Estab Junaeb,BULNES NRO 324,Lautaro,-37.956699,-72.433533,true
5284,ESC BENJAMIN FRANKLIN,COLLIPULLI,Estab Junaeb,OCARROL NRO 825,Lautaro,-37.9562,-72.437111,true
5286,ESC VICTOR DURAN PEREZ,COLLIPULLI,Estab Junaeb,MANUEL RODRIGUEZ N?679,Lautaro,-37.952209,-72.436043,true
5288,ESC EL AMANECER,COLLIPULLI,Estab Junaeb,PAZ NRO 590 POBL MICHIGAN,Lautaro,-37.952961,-72.422684,true
5289,ESC RAUL CASTRO MARQUEZ,COLLIPULLI,Estab Junaeb,LAUTARO N 96,Lautaro,-37.797649,-72.472,true
5290,ESC NICOLAS PEREZ C,COLLIPULLI,Estab Junaeb,JM CARRERA SN,Lautaro,-37.844292,-72.393921,true
5292,ESC MIGUEL HUENTELEN,COLLIPULLI,Estab Junaeb,RED MAICA,Lautaro,-37.89109,-72.250458,true
5294,ESC JOEL COLLIO MORALES,COLLIPULLI,Estab Junaeb,RED QUILQUIHUENCO,Lautaro,-37.873661,-72.352837,true
5307,ESC SAN ANDRES,COLLIPULLI,Estab Junaeb,SAN ANDRES,Lautaro,-38.01503,-72.077118,true
5309,ESC RIO AMARGO,COLLIPULLI,Estab Junaeb,SECTOR RIO AMARGO,Lautaro,-38.08173,-71.858559,true
5310,ESC MAPUNANCU,COLLIPULLI,Estab Junaeb,FDO MAPUNANCU,Lautaro,-38.01651,-72.13221,true
5314,ESC VILLA CHIGUAIHUE,COLLIPULLI,Estab Junaeb,VILLA CHIGUAIHUE,Lautaro,-37.927929,-72.509491,true
5315,ESC WOLFGANG AMADEUS MOZART,COLLIPULLI,Estab Junaeb,EBERHARD 251,Lautaro,-37.952049,-72.444237,true
5322,ESC SAN JUAN DE LA AMERICA,COLLIPULLI,Estab Junaeb,LOS CASTANOS,Lautaro,-38.021259,-72.165642,true
5323,LICEO BRIG CARLOS SCHALCHLI,LONQUIMAY,Estab Junaeb,CHAQUILVIN NRO 1150,Lautaro,-38.449059,-71.373108,true
5324,ESC FRONTERIZA,LONQUIMAY,Estab Junaeb,CAUPOLICAN NRO 900,Lautaro,-38.454559,-71.370087,true
5326,ESC MALALMAHUIDA,LONQUIMAY,Estab Junaeb,PEDREGOSO,Lautaro,-38.531799,-71.253227,true
5327,ESC LIUCURA,LONQUIMAY,Estab Junaeb,LIUCURA,Lautaro,-38.64492,-71.084961,true
5328,ESC MITRAUQUEN,LONQUIMAY,Estab Junaeb,MITRAUQUEN BAJO,Lautaro,-38.468491,-71.178047,true
5329,ESC CRUZACO,LONQUIMAY,Estab Junaeb,CRUZACO CAMINO INTERNACIONAL,Lautaro,-38.46357,-71.133987,true
5331,ESC MARIMENUCO,LONQUIMAY,Estab Junaeb,MARIMENUCO,Lautaro,-38.694149,-71.054802,true
5332,ESC LA ANGOSTURA,LONQUIMAY,Estab Junaeb,MITRAUQUEN ALTO,Lautaro,-38.440849,-71.15847,true
5333,ESC LAFQUEN,LONQUIMAY,Estab Junaeb,ICALMA,Lautaro,-38.813599,-71.281898,true
5336,ESC LOS DOS PINOS,LONQUIMAY,Estab Junaeb,PEHUENCO CAMINO INTERNAC KM 43,Lautaro,-38.609451,-71.096779,true
5337,ESC HARRY FAHRENKROG R,LONQUIMAY,Estab Junaeb,SIERRA NEVADA CAMINO INTERNAC KM 17,Lautaro,-38.559441,-71.473297,true
5338,ESC JUSTO SCHWEITZER,LONQUIMAY,Estab Junaeb,LOLEN,Lautaro,-38.483406,-71.224175,true
5339,ESC VILLA TROYO,LONQUIMAY,Estab Junaeb,TROYO,Lautaro,-38.25069,-71.301163,true
5340,ESC LEONTINA VASQUEZ R,LONQUIMAY,Estab Junaeb,PICHIPEHUENCO,Lautaro,-38.551201,-71.158707,true
5341,ESC DOMINGO CAMARGO A,LONQUIMAY,Estab Junaeb,MALLIN DEL TREILE,Lautaro,-38.420448,-71.39032,true
5342,ESC MISIONAL STA CRUZ,LONQUIMAY,Estab Junaeb,DIEGO PORTALES NRO 1410,Lautaro,-38.453941,-71.374077,true
5343,LICEO POLITECNICO,CURACAUTÍN,Estab Junaeb,PRAT NRO 450,Lautaro,-38.438931,-71.892883,true
5344,LICEO CH LAS ARAUCARIAS,CURACAUTÍN,Estab Junaeb,A PRAT NRO 336,Lautaro,-38.436062,-71.894073,true
5345,ESC LUIS CRUZ MARTINEZ,CURACAUTÍN,Estab Junaeb,CAMINO INTERNACIONAL KM 1,Lautaro,-38.438629,-71.87426,true
5346,ESC OSVALDO FUENTES B,CURACAUTÍN,Estab Junaeb,SARGENTO ALDEA NRO 150,Lautaro,-38.440781,-71.896713,true
5347,ESC PATRICIO CHAVEZ S,CURACAUTÍN,Estab Junaeb,YUNGAY NRO 655,Lautaro,-38.44334,-71.888962,true
5348,ESC RAMON RAMIREZ H,CURACAUTÍN,Estab Junaeb,MALALCAHUELLO,Lautaro,-38.46714,-71.575279,true
5350,ESC ESPECIAL LOS VOLCANES,CURACAUTÍN,Estab Junaeb,IQUIQUE NRO 225,Lautaro,-38.438354,-71.884972,true
5353,ESC REPUBLICA DE MEXICO,CURACAUTÍN,Estab Junaeb,SANTA ANA CAMINO A VICTORIA KM 1,Lautaro,-38.434471,-71.89872,true
5357,ESC LOS PRADOS,CURACAUTÍN,Estab Junaeb,LOS PRADOS TOLHUACA KM 12,Lautaro,-38.425819,-71.760674,true
5360,ESC LEFUCO,CURACAUTÍN,Estab Junaeb,LEFUCO KM 14,Lautaro,-38.482311,-71.794563,true
5362,ESC EL PORVENIR,CURACAUTÍN,Estab Junaeb,RIO BLANCO,Lautaro,-38.513351,-71.685349,true
5363,ESC ALEJO TASCON,CURACAUTÍN,Estab Junaeb,LOS LINGUES NRO 125,Lautaro,-38.462978,-71.69558,true
5364,ESC MANCHURIA,CURACAUTÍN,Estab Junaeb,PUENTE MANCHURIA TERMAS A RIO BLANCO,Lautaro,-38.482719,-71.724213,true
5365,ESC JOSE CHAIN SILHY,CURACAUTÍN,Estab Junaeb,LEFUCO KM 14,Lautaro,-38.504311,-71.822067,true
5368,ESC SAN ARTURO,CURACAUTÍN,Estab Junaeb,CAMINO INTERNACIONAL KM 1,Lautaro,-38.353199,-71.945648,true
5371,ESC QUINCHOL,CURACAUTÍN,Estab Junaeb,SANTA JULIA CAMINO A LAUTARO KM 12,Lautaro,-38.48209,-71.985153,true
5372,ESC SANTA ELENA,CURACAUTÍN,Estab Junaeb,MIRAFLORES NRO 245,Lautaro,-38.43858,-71.888893,true
5373,ESC SANTA EMMA,CURACAUTÍN,Estab Junaeb,SANTA EMMA CAMINO A LAUTARO,Lautaro,-38.4702,-72.032066,true
5374,LICEO ALONSO DE ERCILLA Y Z,ERCILLA,Estab Junaeb,AVDA ERCILLA SN,Lautaro,-38.064232,-72.375603,true
5375,ESC SALVADOR ALLENDE G,ERCILLA,Estab Junaeb,OHIGGINS SN,Lautaro,-38.12978,-72.320663,true
5376,ESC COMUNIDAD SAN RAMON,ERCILLA,Estab Junaeb,SAN RAMON,Lautaro,-38.067451,-72.444809,true
5378,ESCTEODOSIO URRUTIA,ERCILLA,Estab Junaeb,AVDA B OHIGGINS SN,Lautaro,-38.0116,-72.424339,true
5379,ESC.TRICAUCO,VICTORIA,Estab Junaeb,RED TRICAUCO,Lautaro,-38.050709,-72.472733,true
5381,ESC ASENTAMIENTO PABLO NERUDA,ERCILLA,Estab Junaeb,CAMINO A CAILLIN KM 45,Lautaro,-38.178429,-72.03196,true
5382,ESC MILLALEVIA,ERCILLA,Estab Junaeb,COM CHEQUENCO,Lautaro,-38.010921,-72.502586,true
5385,ESC CHACAIMAPU,ERCILLA,Estab Junaeb,RED CHACAICO,Lautaro,-38.103031,-72.395813,true
5386,ESC TEMUCUICUI,ERCILLA,Estab Junaeb,RED TEMUCUICUI,Lautaro,-38.09333,-72.433609,true
5387,ESC SAN FRANCISCO DE ASIS,ERCILLA,Estab Junaeb,COLO COLO NRO 388,Lautaro,-38.06073,-72.377312,true
5391,ESC SANTA ROSA,ERCILLA,Estab Junaeb,RED ANCAPI NANCUCHEO,Lautaro,-38.076069,-72.405884,true
5392,ESC EL PROGRESO,COLLIPULLI,Estab Junaeb,RED LONCOMAHUIDA,Lautaro,-37.968151,-72.489433,true
5393,LICEO POLIT MANUEL MONTT,VICTORIA,Estab Junaeb,AVDA DARTNELL NRO 1358,Lautaro,-38.237309,-72.339569,true
5394,LICEO JORGE ALESSANDRI R,VICTORIA,Estab Junaeb,URRUTIA NRO 647,Lautaro,-38.2323,-72.331459,true
5395,ESC MARCELA PAZ,VICTORIA,Estab Junaeb,ARICA NRO 1413,Lautaro,-38.237881,-72.32518,true
5396,ESC IGNACIO CARRERA P,VICTORIA,Estab Junaeb,RIQUELME ESQ CHORRILLOS,Lautaro,-38.229359,-72.329788,true
5398,ESC HEROES DE IQUIQUE,VICTORIA,Estab Junaeb,AVDA PRAT NRO 1520,Lautaro,-38.238258,-72.336647,true
5401,ESC ESPECIAL CONFSUIZA,VICTORIA,Estab Junaeb,AVDA OHIGGINS SN,Lautaro,-38.233765,-72.342903,true
5404,ESC HERNAN TRIZANO A,VICTORIA,Estab Junaeb,CHORRILLOS SN,Lautaro,-38.223282,-72.329536,true
5406,ESC SELVA OSCURA,VICTORIA,Estab Junaeb,E ALTAMIRANO SN,Lautaro,-38.368061,-72.167084,true
5407,ESC PATRICIO LYNCH,VICTORIA,Estab Junaeb,BAQUEDANO NRO 260,Lautaro,-38.33588,-72.377251,true
5408,ESC PAILAHUEQUE,VICTORIA,Estab Junaeb,REDUCCION PAILAHUEQUE,Lautaro,-38.28775,-72.314392,true
5410,ESC PEHUENCO,VICTORIA,Estab Junaeb,FUNDO PEHUENCO,Lautaro,-38.201809,-72.021111,true
5411,ESC MONICA GEBERT MEIER (QUINO),VICTORIA,Estab Junaeb,GABRIELA MISTRAL NRO 87,Lautaro,-38.33609,-72.498657,true
5414,ESC TOQUIHUE,VICTORIA,Estab Junaeb,RED TOQUIHUE,Lautaro,-38.187389,-72.445702,true
5415,ESC EL PORVENIR,VICTORIA,Estab Junaeb,VILLA CAUTIN,Lautaro,-38.410271,-72.086487,true
5422,ESC LAS CARDAS,VICTORIA,Estab Junaeb,RED LAS CARDAS,Lautaro,-38.194328,-72.161186,true
5423,ESC TRANGOL,VICTORIA,Estab Junaeb,RED TRANGOL,Lautaro,-38.18396,-72.182152,true
5424,ESC SAN LUIS,VICTORIA,Estab Junaeb,FDO SAN LUIS,Lautaro,-38.27639,-72.402313,true
5425,ESC STA ELENA DE CALIFORNIA,VICTORIA,Estab Junaeb,FDO CALIFORNIA,Lautaro,-38.3009,-72.07518,true
5430,ESC COLO,VICTORIA,Estab Junaeb,FDO COLO KM 17,Lautaro,-38.194851,-72.191887,true
5431,ESC SAN PEDRO,VICTORIA,Estab Junaeb,FDO SAN PEDRO KM 12,Lautaro,-38.273979,-72.191483,true
5434,COLEGIO INSTITUTO VICTORIA,VICTORIA,Estab Junaeb,PISAGUA NRO 1055,Lautaro,-38.232979,-72.333382,true
5435,COLEGIO SANTA CRUZ,VICTORIA,Estab Junaeb,CHORRILLOS NRO 883,Lautaro,-38.230511,-72.328041,true
5437,ESC BOLLILCO,VICTORIA,Estab Junaeb,RED SANCHEZ,Lautaro,-38.26329,-72.192932,true
5613,COMPEDUCHOGLA GRANJA C55,VILCUN,Estab Junaeb,AVDAPRAT 181 CAJON,Lautaro,-38.681728,-72.510094,true
5622,ESC BERNARDO NANKO,LONQUIMAY,Estab Junaeb,EL NARANJO,Lautaro,-38.434681,-71.366257,true
5823,LHOG JORGE TEILLER B15,LAUTARO,Estab Junaeb,BILBAOMACIVER,Lautaro,-38.533611,-72.436722,true
5824,ESCHOGNUMERO 6 D 311,LAUTARO,Estab Junaeb,ABELLO SN,Lautaro,-38.526951,-72.434799,true
5825,ESCAMELIA GODOY PEA E284,LAUTARO,Estab Junaeb,AVDAPRAT N 175,Lautaro,-38.540081,-72.437508,true
5827,ESCIRENE FREI F 301,LAUTARO,Estab Junaeb,SAN MARTIN N 0120,Lautaro,-38.52037,-72.436577,true
5828,ESCGUACOLDA F 308,LAUTARO,Estab Junaeb,BARANA SN,Lautaro,-38.537201,-72.422279,true
5829,ESCNUMERO 1 F 314,LAUTARO,Estab Junaeb,CARRERA SN,Lautaro,-38.53384,-72.439293,true
5831,LESCLOS CASTAOS C 54,LAUTARO,Estab Junaeb,MJORDAN SN PILLANLELBUN,Lautaro,-38.63699,-72.449677,true
5832,ESCERECO F 285,LAUTARO,Estab Junaeb,KM11 CALLE QUINCHOL,Lautaro,-38.4893,-72.326538,true
5833,ESCREWE KIMUN F 300,LAUTARO,Estab Junaeb,BLANCO LEPIN,Lautaro,-38.611519,-72.377876,true
5834,ESCMECO F 305,LAUTARO,Estab Junaeb,ALTO MECO,Lautaro,-38.470211,-72.243858,true
5835,ESCVILLA COIHUECO F 349,LAUTARO,Estab Junaeb,KM18 LAUTAROGALVARINO,Lautaro,-38.49971,-72.580856,true
5837,ESCDOLLINCO ALTO G 282,LAUTARO,Estab Junaeb,DOLLINCO ALTO,Lautaro,-38.52396,-72.283073,true
5838,ESC LAS MINAS G-283,LAUTARO,Estab Junaeb,KM45 CALLE DEL MEDIO,Lautaro,-38.544121,-72.052391,true
5844,ESCSAN LUIS DE ROBLERIA G296,LAUTARO,Estab Junaeb,KM12 CALLE BRASIL,Lautaro,-38.566109,-72.359383,true
5846,ESCTRES ESQUINA G 299,LAUTARO,Estab Junaeb,TRES ESQUINA,Lautaro,-38.521481,-72.279808,true
5847,ESCSTA YOLANDA G 302,LAUTARO,Estab Junaeb,KM22 A CURACAUTIN,Lautaro,-38.490822,-72.200233,true
5849,ESCPUMALAL G304,LAUTARO,Estab Junaeb,PUMALAL,Lautaro,-38.613811,-72.495201,true
5850,ESCVISTA HERMOSA G 306,LAUTARO,Estab Junaeb,VISTA HERMOSA,Lautaro,-38.5853,-72.042091,true
5851,ESCCHUMIL G307,LAUTARO,Estab Junaeb,CHUMIL,Lautaro,-38.457069,-72.177757,true
5852,ESCHOGEL ESCUDO G309,LAUTARO,Estab Junaeb,KM40 CALLE DEL MEDIO,Lautaro,-38.564369,-72.086823,true
5854,ESCVEGA LARGA G312,LAUTARO,Estab Junaeb,VEGA LARGABRASIL,Lautaro,-38.571331,-72.312737,true
5855,ESCMUCOCHUREO G 316,LAUTARO,Estab Junaeb,KM18 A VILCUN,Lautaro,-38.584549,-72.330093,true
5857,ESCMALPICHAHUE G 319,LAUTARO,Estab Junaeb,KM7 LAUTAROGALVARINO,Lautaro,-38.505909,-72.48407,true
5861,ESCSAN FCOASIS P1,LAUTARO,Estab Junaeb,BALMACEDA N 824,Lautaro,-38.530861,-72.438713,true
5862,ESCHOGCORAZON DE JESUS P 12,LAUTARO,Estab Junaeb,BARANA N 680,Lautaro,-38.53714,-72.421181,true
5868,ESCQUILACURA P 8,LAUTARO,Estab Junaeb,ALHUECOCALLE DEL MEDIO,Lautaro,-38.538971,-72.256203,true
5869,ESCSANTA TERESA P 31,LAUTARO,Estab Junaeb,KM13 POR QUINCHOL,Lautaro,-38.48999,-72.287437,true
5871,ESCSTATERESITA P 40,LAUTARO,Estab Junaeb,VILCUN POR LAUTARO,Lautaro,-38.595539,-72.396721,true
5873,ESCLOS HUALLES P 53,LAUTARO,Estab Junaeb,REDCONA,Lautaro,-38.533749,-72.382973,true
5875,ESCDOLLINCO P 67,LAUTARO,Estab Junaeb,KM9 CALLE DEL MEDIO,Lautaro,-38.528671,-72.314774,true
5876,ESCSAN RAFAEL P 71,LAUTARO,Estab Junaeb,REDCANUIQUEO O,Lautaro,-38.58934,-72.360847,true
5878,ESCVALLEPENCO P 73,LAUTARO,Estab Junaeb,REDMARILEO,Lautaro,-38.491692,-72.608963,true
5879,L. HOGAR ISABEL POBLETE C45,PERQUENCO,Estab Junaeb,21 MAYO N 552 PERQUENCO,Lautaro,-38.42049,-72.375351,true
5880,ESC. EDO. FREI MONTALVA F 322,PERQUENCO,Estab Junaeb,21 DE MAYO 448,Lautaro,-38.421421,-72.375977,true
5885,ESC. LOS QUIQUES G 327,PERQUENCO,Estab Junaeb,LOS QUIQUES,Lautaro,-38.476749,-72.499901,true
5888,ESC. PARLAMENTO G 330,PERQUENCO,Estab Junaeb,APRAT SN QUILLEN,Lautaro,-38.466709,-72.385803,true
5893,ESC LAS CEREZAS P 56,PERQUENCO,Estab Junaeb,REDJACINTA MILLALEN,Lautaro,-38.366901,-72.359093,true
5894,ESC. LA ESTRELLA P65,PERQUENCO,Estab Junaeb,REDPICHUNLAO,Lautaro,-38.481892,-72.571487,true
5896,ESCHOGJAPON E545,VILCUN,Estab Junaeb,JAPON SN CHERQUENCO,Lautaro,-38.684219,-72.008377,true
5897,COLEGIO AMERICAS F 544,VILCUN,Estab Junaeb,OHIGGINS 516,Lautaro,-38.668598,-72.226097,true
5899,ESCHOGDAGOBERTO GOGOY G 550,VILCUN,Estab Junaeb,VERGARA 526 SNPATRICIO,Lautaro,-38.657551,-72.115189,true
5901,ESCVEGA REDONDA F310,VILCUN,Estab Junaeb,VEGA REDONDA,Lautaro,-38.576752,-72.268242,true
5902,ESCHOGMARTIN ALONQUEO F552,VILCUN,Estab Junaeb,AVDAPRAT 181 CAJON,Lautaro,-38.692051,-72.36319,true
5905,ESCCOLLIN ALTO G 292,VILCUN,Estab Junaeb,COLLIN ALTO CAMINO PRINCIPAL S/N,Lautaro,-38.564461,-72.238243,true
5911,ESCCANTINO G 505,VILCUN,Estab Junaeb,CANTINOCODIHUE,Lautaro,-38.735691,-72.294579,true
5919,ESCPDREOSVALDO VEGA P 157,VILCUN,Estab Junaeb,LIBERTAD 9 CHERQUENCO,Lautaro,-38.68819,-72.010689,true
5921,COMPLEDCHOGPDRENICOLAS,VILCUN,Estab Junaeb,ALA TORRE 242,Lautaro,-38.67094,-72.293327,true
5927,ESC CODIHUE P 1,VILCUN,Estab Junaeb,CODIHUE,Lautaro,-38.756161,-72.227074,true
5930,ESCSTAGERTRUDES P 34,VILCUN,Estab Junaeb,LUGCURELEO,Lautaro,-38.668442,-72.423126,true
5933,ESCEL NATRE P 132,VILCUN,Estab Junaeb,KM8 CAJON A VILCUN,Lautaro,-38.697929,-72.445908,true
5935,ESCHOGSTATERESITA DE CODIHUE P 187,VILCUN,Estab Junaeb,KM15 CAM ALAMBRADO,Lautaro,-38.780399,-72.260757,true
5938,ESCSAN MIGUEL P 237,VILCUN,Estab Junaeb,REDQUINTRILPE,Lautaro,-38.650879,-72.383926,true
5940,ESCVIRGEN DE FATIMA P 259,VILCUN,Estab Junaeb,LCRUZ MARTINEZ SN GRAL LOPEZ,Lautaro,-38.690842,-72.361656,true
5942,ESCSAN ANTONIO P 327,VILCUN,Estab Junaeb,LUG LLAMUCO CAJON,Lautaro,-38.680431,-72.440613,true
5947,ESCCRUZ DEL SUR P 436,VILCUN,Estab Junaeb,CURACO ALTO,Lautaro,-38.716671,-72.270233,true
5952,ESCSTAMONICA P 480,VILCUN,Estab Junaeb,LUGQUINTRILPE,Lautaro,-38.645081,-72.344971,true
5954,ESCLOS ROBLES P 492,VILCUN,Estab Junaeb,ASENTMIRADOR,Lautaro,-38.778969,-72.238472,true
5955,ESCMONTERREY P 500,VILCUN,Estab Junaeb,URRUTIA SN CAJON,Lautaro,-38.677391,-72.504837,true
6604,ESCLOS CARRERA F 288,LAUTARO,Estab Junaeb,CARRERA SN,Lautaro,-38.53384,-72.439293,true
6699,ESCAMBROSIO OHIGGINS P355,VILCUN,Estab Junaeb,KM23 CAM A NIAGARA,Lautaro,-38.75732,-72.373909,true
11467,ESCVILCUN P8,VILCUN,Estab Junaeb,CHORRILLOS S/N,Lautaro,-38.671009,-72.223343,true
11520,ESC. ESPECIAL AYELEN,LAUTARO,Estab Junaeb,CUATRO SUR SN,Lautaro,-38.547634,-72.43776,true
13207,ESCUELA ESPECIAL EL CASTILLO,VILCUN,Estab Junaeb,CHORRILLOS 670,Lautaro,-38.670589,-72.229496,true
19906,LPOLEMA ESPINOZA C C52,LAUTARO,Estab Junaeb,CARRERAMACIVER,Lautaro,-38.534,-72.420853,true
19912,ESCCRUZ DEL SUR G 833,VILCUN,Estab Junaeb,VILLA CRUZ DEL SUR,Lautaro,-38.81134,-72.264542,true
19914,ESCESPFEYENTUN F 834,VILCUN,Estab Junaeb,CHORRILLOS 825,Lautaro,-38.670807,-72.23029,true
19918,ESC ERICO HORNUNG,COLLIPULLI,Estab Junaeb,AVDA SAAVEDRA NORTE NRO 46,Lautaro,-37.95042,-72.44336,true
19922,ESC ANTUMALAL P 11,LAUTARO,Estab Junaeb,CHOLCHOL SN PILLANLELBUN,Lautaro,-38.634041,-72.455162,true
19950,ESC SAN ANDRES,CURACAUTÍN,Estab Junaeb,CALAMA NRO 316,Lautaro,-38.438999,-71.892281,true
19958,ESCUELA QUINQUEN,LONQUIMAY,Estab Junaeb,QUINQUEN,Lautaro,-38.658482,-71.386017,true
19999,ESC GALLETUE,LONQUIMAY,Estab Junaeb,GALLETUE,Lautaro,-38.70126,-71.299622,true
20008,COLEGIO EL LABRADOR,VICTORIA,Estab Junaeb,PORTALES NRO 1021,Lautaro,-38.242611,-72.326553,true
20052,COMPLEJO EDUCACIONAL,VICTORIA,Estab Junaeb,CARRERA NRO 1405,Lautaro,-38.239441,-72.320633,true
20074,ESCCAMBRIDGE COLLEGE PRIMAVERA,VILCUN,Estab Junaeb,AVDA CANADA N 1447 GENERAL LOPEZ,Lautaro,-38.688301,-72.368294,true
20089,C E I J A DE VILCUN,VILCUN,Estab Junaeb,CAMINO SAN PATRICIO KM 1 VOLCAN LLAIMA,Lautaro,-38.697334,-72.36755,true
20099,ESCALIWEN DE LLAMUCO P 15,VILCUN,Estab Junaeb,KM4 CAM QUINTRILPE,Lautaro,-38.6796,-72.477921,true
20108,COLEGIO LIDIA GONZALEZ BARRIGA,COLLIPULLI,Estab Junaeb,LAUTARO N?641,Lautaro,-37.948921,-72.434593,true
20113,ESC. VISTA HERMOSA P 3,PERQUENCO,Estab Junaeb,HIJUELA SANTA CECILIA,Lautaro,-38.4189,-72.288307,true
20133,ESCUELA NIÑOS FELICES,VILCUN,Estab Junaeb,PRADOS DE MENDOZA SN VILCUN,Lautaro,-38.66993,-72.219612,true
20141,ESC EMANUEL,VICTORIA,Estab Junaeb,HIJ LA CRUZADA RED PAILAHUEQUE,Lautaro,-38.34642,-72.34967,true
20152,ESC LA FORESTA,COLLIPULLI,Estab Junaeb,KM 568 RUTA 5,Lautaro,-37.890598,-72.388733,true
20161,ESCAMANCAY P 16,LAUTARO,Estab Junaeb,LEON GALLO 280,Lautaro,-38.537868,-72.430237,true
20162,ESC REINO DE SUECIA,VICTORIA,Estab Junaeb,SAN MARTIN NORTE NRO 1151,Lautaro,-38.224419,-72.324608,true
20164,LSAN SEBASTIAN,PERQUENCO,Estab Junaeb,KM12 ACCESO SUR,Lautaro,-38.430969,-72.390778,true
20168,J INFANTIL HORMIGUITA,LAUTARO,Estab Junaeb,ALBERTO EGGER N 502 POBL ULTRA CAUTIN,Lautaro,-38.544765,-72.430885,true
20196,COLEGIO ADULTOS NAHUEL,LAUTARO,Estab Junaeb,LEON GALLO 280,Lautaro,-38.553795,-72.43016,true
20206,ESCLENGUAJE ANDALUE,LAUTARO,Estab Junaeb,CARRERA N 5,Lautaro,-38.562824,-72.42943,true
20215,ESC SAN LEONARDO,ERCILLA,Estab Junaeb,CAMINO LA MONTAA KM 4,Lautaro,-38.126949,-72.322197,true
20240,ESCUELA DE LENGUAJE CAPULLITO,CURACAUTÍN,Estab Junaeb,SARGENTO ALDEA N?256,Lautaro,-38.39854,-71.97316,true
20271,ESCUELA SUYAI,VILCUN,Estab Junaeb,BERNARDO O`HIGGINS 772,Lautaro,-38.66873,-72.2288,true
20281,COLEGIO ARRAYAN,VILCUN,Estab Junaeb,KM 1 CAMINO VILCUN - SAN PATRICIO,Lautaro,-38.667599,-72.20089,true
880015,JUNJI S.C. 09211015 (EX 09211009) SC FLOR DE LUNA,VICTORIA,Estab Junji,GABRIELA MISTRAL 45,Lautaro,-38.339783,-72.502022,true
880112,JUNJI J.I. 09205001 LELSUN PIREN,LONQUIMAY,Estab Junji,JULIO GOMEZ NRO 95- POB. LAS AVUTARDAS,Lautaro,-38.45965,-71.369333,true
880113,JUNJI J.I. 09211020 LOS PEQUEÑITOS,VICTORIA,Estab Junji,RAMIREZ NRO 270- SELVA OSCURA,Lautaro,-38.367592,-72.163011,true
880313,JUNJI J.I.09119005 CASITA DE NIÑOS,VILCUN,Estab Junji,ESCUELA MUNICIPAL VEGA REDONDA,Lautaro,-38.57671,-72.2688,true
880573,JUNJI S.C. 09211018 ARCO IRIS,VICTORIA,Estab Junji,CARRERA NRO 1675- LOS COIGUES,Lautaro,-38.241156,-72.318893,true
880576,JUNJI J.I.09203005 RAYITO DE LUNA(EX ESCUELA MEXIC,CURACAUTÍN,Estab Junji,KM 4 RUTA A VICTORIA,Lautaro,-38.435783,-71.901616,true
880676,JUNJI J.I.09203006 VILLA LAS FLORES,CURACAUTÍN,Estab Junji,LAS ILUSIONES NRO 308- VILLA LAS FLORES,Lautaro,-38.443143,-71.871392,true
880681,JUNJI J.I.09202005 ESTACION INFANTIL,COLLIPULLI,Estab Junji,AVDA. SAAVEDRA NRO 922,Lautaro,-37.955497,-72.435601,true
880774,JUNJI J.I.09108014 VILLA YALU,LAUTARO,Estab Junji,PSJE. NAHUEL S/N- VILLA YALU,Lautaro,-38.515261,-72.436344,true
880777,JUNJI J.I.09203007 GOTITAS DE AGUA,CURACAUTÍN,Estab Junji,CAMINO LAUTARO SECTOR SANTA EMA,Lautaro,-38.470733,-72.033016,true
880977,JUNJI J.I.09204006 PASITOS DE AMOR,ERCILLA,Estab Junji,GALVARINO NRO 881,Lautaro,-38.067163,-72.368482,true
881565,JUNJI J.I. 09205006 CECI,LONQUIMAY,Estab Junji,MARIMENUCO,Lautaro,-38.733452,-71.16606,true
881566,JUNJI J.I.09205007 CECI ICALMA,LONQUIMAY,Estab Junji,SEDE HUNUCAL-ICALMA,Lautaro,-38.800195,-71.267926,true
881570,JUNJI J.I.09108019 CECI RAYEN MAHUIDA,LAUTARO,Estab Junji,KM 7 CAMINO LAUTARO - GALVARINO,Lautaro,-38.506593,-72.484408,true
882063,JUNJI J.I.09119020 LOS PIECECITOS DEL LLAIMA,VILCUN,Estab Junji,AVENIDA PRAT NRO 23- CAJON,Lautaro,-38.684334,-72.505351,true
883033,JUNJI J.I. LOS CORAZONCITOS,ERCILLA,Estab Junji,ESC.TEODOSIO URRUTIA,Lautaro,-38.012967374925,-72.4258580648892,true
883404,09113007 QUILLEM,PERQUENCO,Estab Junji,ARTURO PRAT S/N,Lautaro,-38.46674,-72.386355,true
883454,JUNJI J.I.09204009 CHACAICO,ERCILLA,Estab Junji,SECTOR CHACAICO,Lautaro,-38.11258,-72.39332,true
884252,JUNJI J.I.09202007 PMI LOS TINEOS,COLLIPULLI,Estab Junji,ESCUELA G 114 VILLA RIO AMARGO,Lautaro,-38.077323,-71.870221,true
884259,ANEXO RBD 5344 LICEO LAS ARAUCARIA,CURACAUTÍN,Estab Junaeb,AV MANUEL RODRIGUEZ N?205,Lautaro,-38.436015369818,-71.8954639200538,true
884260,JUNJI J.I.09205004 PMI WE NEWEN,LONQUIMAY,Estab Junji,CAMINO INTERNACIONAL PASO ICALMA KM65 ESC.BAS,Lautaro,-38.776617,-71.227583,true
884265,ANEXO RBD 20052 COMPLEJO EDUCACIONAL,VICTORIA,Estab Junaeb,LOS CARRERAS N?1405,Lautaro,-38.239441,-72.320633,true
884747,JUNJI J.I.09204019 TEMUCUICUI,ERCILLA,Estab Junji,SECTOR RURAL TEMUCUICUI ESCUELA MUNICIPAL,Lautaro,-38.093419,-72.434393,true
884752,JUNJI S.C. 09211022 AYILEN ANTU,VICTORIA,Estab Junji,CALLE MIRAFLORES N 610,Lautaro,-38.229604,-72.328452,true
884753,JUNJI J.I.09203010 QUILLAY (EX LAGUNA CONGUILLIO),CURACAUTÍN,Estab Junji,CALLE LAGUNA CONGUILLIO S/N VILLA SAN SEBASTI,Lautaro,-38.432409,-71.903622,true
884756,JUNJI J.I.09119022 SEMILLITAS DE CAJON,VILCUN,Estab Junji,LOS COIHUES N 55 CAJON,Lautaro,-38.679705,-72.506743,true
885299,ANEXO RBD 5613 COMPLEJO LA GRANJA,VILCUN,Estab Junaeb,AVDA PRAT 181,Lautaro,-38.6703577588377,-72.2219415557645,true
885456,INTEGRA J.I.CAUPOLICÁN,COLLIPULLI,Estab Integra,ALCAZAR 657,Lautaro,-37.9550612798049,-72.4408544042628,true
885644,JUNJI J.I.09108021 CREANDO SUEÑOS (EX J.I. PILLANL,LAUTARO,Estab Junji,CALLE RAMON FREIRE N 295 PILLANLELBUN,Lautaro,-38.640674,-72.450445,true
885802,JUNJI J.I.09119006 LA ESPERANZA,VILCUN,Estab Junji,ESCUELA G-505- CANTINO,Lautaro,-38.7392128095872,-72.2971527018103,true
885803,JUNJI J.I.09119012 RAYITO DE ALEGRIA,VILCUN,Estab Junji,ESCUELA CRUZ DEL SUR,Lautaro,-38.7163485824177,-72.2700545870271,true
885810,JUNJI J.I.09205016 MUNDO DE COLORES (EX J.I. LONQ,LONQUIMAY,Estab Junji,CALLE ZAPALA NÂ°100,Lautaro,-38.459307,-71.364643,true
885816,JUNJI J.I.09108022 ELUNEY (EX MANUEL RODRIGUEZ),LAUTARO,Estab Junji,IGNACIO SERRANO 380,Lautaro,-38.537799,-72.439708,true
885920,JUNJI J.I.09211024 SEMILLAS DE VICTORIA(EX CLUB HI,VICTORIA,Estab Junji,CLUB HIPICO 1490,Lautaro,-38.237424,-72.342844,true
886373,JUNJI J.I.09202010 CECI CHIHUAIHUE,COLLIPULLI,Estab Junji,ESCUELA CHIHUAIHUE,Lautaro,-37.92839,-72.51793,true
886377,JUNJI J.I.09119023 PINTANDO SUEÑOS (EX LAS ARAUCAR,VILCUN,Estab Junji,LAS ARAUCARIAS 200,Lautaro,-38.675869,-72.218886,true
886378,JUNJI J.I.09108023 CECI MUCO CHUREO,LAUTARO,Estab Junji,SECTOR MUCOCHUREO,Lautaro,-38.584751,-72.33017,true
886379,JUNJI J.I.09108024 CECI BLANCO LEPIN,LAUTARO,Estab Junji,ESCUELA BLANCO LEPIN,Lautaro,-38.611919,-72.377977,true
886380,JUNJI J.I.09202011 J.I. RAYUN DE MALLECO (EX MICHI,COLLIPULLI,Estab Junji,LA PAZ NÂ°590,Lautaro,-37.95873,-72.42481,true
886384,JUNJI J.I.09205017 CECI MARIMENUCO BAJO,LONQUIMAY,Estab Junji,SECTOR MARIMENUCO BAJO,Lautaro,-38.728312,-71.137279,true
886600,INTEGRA J.I.ENTRE JUEGOS Y SUEÑOS,VILCUN,Estab Integra,O'HIGGINS 930,Lautaro,-38.668808620882,-72.2266008178997,true
887469,JUNJI J.I.09108025 VILLA MIRADOR DE VOLCANES,LAUTARO,Estab Junji,VOLCAN VILLARRICA NÂ°0545,Lautaro,-38.518158,-72.424212,true
887473,JUNJI J.I.09202012 LOS LILIUM,COLLIPULLI,Estab Junji,LOS LILIUM 888,Lautaro,-37.95711,-72.42101,true
887905,ANEXO COMPLEJO PADRE NICOLAS,VILCUN,Estab Junaeb,ALA TORRE 242,Lautaro,-38.6708573895938,-72.2232776507453,true
888754,INTEGRA J.I.MAICA,COLLIPULLI,Estab Integra,SECTOR MAICA S/N,Lautaro,-37.855434,-72.359325,true
888826,JUNJI J.I. PMI LAS ABEJITAS DEL ESCUDO,LAUTARO,Estab Junji,CALLE DEL MEDIO KM 33 3ESC. EL ESCUDO,Lautaro,-38.5643270744296,-72.0866776665488,true
900218,JUNJI S.C. 09211014 RAYITOS DE SOL,VICTORIA,Estab Junji,PSJE. QUILLAY MARILUAN 4,Lautaro,-38.245869,-72.321625,true
909150,INTEGRA J.I.PIECECITOS DE NIÑOS,VICTORIA,Estab Integra,CALLE CHORRILLOS 1919,Lautaro,-38.2420665957243,-72.3294951954942,true
909233,JUNJI J.I.09108003 WE TREPENTUIN,LAUTARO,Estab Junji,POSTA SALUD RURAL COIHUECO,Lautaro,-38.499447,-72.581313,true
909339,JUNJI J.I.09108005 LAS AVELLANITAS,LAUTARO,Estab Junji,ESC. F-285 AGUA FRIA ÃERECO,Lautaro,-38.492244,-72.329264,true
909449,INTEGRA S.C. S.C. LAS RAÍCES,CURACAUTÍN,Estab Integra,LOS COIGUES 115,Lautaro,-38.4677843920987,-71.698343754158,true
909493,INTEGRA S.C. HUEPIL,COLLIPULLI,Estab Integra,ALCÁZAR 1048,Lautaro,-37.9582023908772,-72.4362119619333,true
941533,INTEGRA J.I.PADRE JUAN,CURACAUTÍN,Estab Integra,SERGIO FRESAR 135,Lautaro,-38.4329447971868,-71.8813064080526,true
943427,JUNJI J.I.09119009 RAYEN,VILCUN,Estab Junji,ESC. MUNICIPAL COLLIN ALTO- VILCUN,Lautaro,-38.567376,-72.240182,true
943491,09113003 LOS OSITOS,PERQUENCO,Estab Junji,SECTOR LOS QUINQUES,Lautaro,-38.441804,-72.454951,true
945275,09113004 RINCON FELIZ,PERQUENCO,Estab Junji,ESMERALDA NRO 780,Lautaro,-38.419718,-72.382154,true
945291,JUNJI J.I.09204003 PICHI AGE KUYEN,ERCILLA,Estab Junji,COLO COLO S/N,Lautaro,-38.060125,-72.374466,true
945300,JUNJI S.C. 09211007 GOTITA DE AMOR,VICTORIA,Estab Junji,CHACABUCO NRO 1130 POB. OHIGGINS,Lautaro,-38.234818,-72.344817,true
945734,JUNJI J.I.09202001 RAYITO DE SOL,COLLIPULLI,Estab Junji,MARTA GONZALES NRO 1591- COLLIPULLI,Lautaro,-37.953125,-72.422139,true
945789,JUNJI S.C. 09211008 ANGELITOS,VICTORIA,Estab Junji,MANUEL RODRIGUEZ ESQ. LAS HERAS,Lautaro,-38.2228,-72.322688,true
947511,JUNJI J.I.09119014 MI PEQUEÑO TESORO,VILCUN,Estab Junji,O`HIGGINS NRO 165 ESC. LAS AMERICAS VILCUN,Lautaro,-38.667922,-72.225925,true
947516,JUNJI S.C. 09108008 LOS COPIHUITOS,LAUTARO,Estab Junji,ESCUELA VEGA LARGA,Lautaro,-38.571333,-72.312738,true
947531,JUNJI J.I. 09108007 LICEO POLITECNICO,LAUTARO,Estab Junji,SAN PATRICIO NRO 500 POB. SANTA GUADALUPE,Lautaro,-38.534814,-72.421057,true
947533,JUNJI J.I.09119013 CAJONCITO DE AMOR,VILCUN,Estab Junji,AVDA. PRAT S/N ESCUELA LA GRANJA CAJON,Lautaro,-38.681077,-72.509955,true
947976,JUNJI S.C. 09108009 IRENE FREI,LAUTARO,Estab Junji,SAN MARTIN S/N VILLA IRENE FREI,Lautaro,-38.520532,-72.436742,true
947981,JUNJI S.C. 09108010 NAYEN KIMUN,LAUTARO,Estab Junji,ESCUELA F-300 BLANCO LEPIN,Lautaro,-38.534369,-72.434186,true
947994,JUNJI J.I.09204004 NIDITO DE AMOR,ERCILLA,Estab Junji,BALMACEDA S/N PAILHUEQUE,Lautaro,-38.122443,-72.31557,true
949225,JUNJI J.I.09119016 CUNCUNITA PUTRE,VILCUN,Estab Junji,LAS ARAUCARIAS NRO 201,Lautaro,-38.676448,-72.218207,true
949230,JUNJI J.I.09119015 TERNURAS DEL LLAIMA,VILCUN,Estab Junji,JAPON NRO 78 CHERQUENCO,Lautaro,-38.68342,-72.004521,true
949437,JUNJI J.I.09211009 LAS ABEJITAS,VICTORIA,Estab Junji,GABRIELA MISTRAL 55,Lautaro,-38.339794,-72.502415,true
949440,JUNJI J.I.09203003 ARCOIRIS,CURACAUTÍN,Estab Junji,YUNGAY NRO 743 SECTOR BARRIO ALTO,Lautaro,-38.44365,-71.888283,true
949442,JUNJI J.I.09211010 PULGARCITO,VICTORIA,Estab Junji,BAQUEDANO NRO 216- PUA,Lautaro,-38.335967,-72.377325,true
949446,JUNJI J.I.09203004 DE LOS SUEÃOS,CURACAUTÍN,Estab Junji,PSJE. CARDENAL ARTURO MEDINA S/N,Lautaro,-38.431783,-71.895116,true
950015,JUNJI J.I. SEMILLITAS DE ILUSION,COLLIPULLI,Estab Junji,LOS PEUMOS #742 POBLACION EL BOSQUE (Mininco),Lautaro,-37.7864979371059,-72.469431742706,true
950120,JUNJI J.I.09108011 LOS BROTECITOS,LAUTARO,Estab Junji,FRANCISCO FRESCH S/N- SECTOR ULTRA CAUTIN,Lautaro,-38.545066,-72.4252,true
950221,JUNJI J.I.09108012 RAYITO DE LUZ,LAUTARO,Estab Junji,CAUTIN NRO 125 PILLANLELBUN,Lautaro,-38.636864,-72.448994,true
950319,JUNJI J.I.09211011 RINCON FELIZ,VICTORIA,Estab Junji,VILLA ALEGRE NRO 2440- MARILUAN 5,Lautaro,-38.244466,-72.318716,true
950362,JUNJI S.C. 09211019 LOS TRIGUITOS,VICTORIA,Estab Junji,OKOREN NRO 265- SELVA OSCURA,Lautaro,-38.367583,-72.163016,true
950420,JUNJI J.I.09211012 CARITAS FELICES,VICTORIA,Estab Junji,DARTNELL NRO 1358 LICEO MANUEL MONTT,Lautaro,-38.237216,-72.340316,true
950421,JUNJI J.I.09211013 CARITA DE ANGEL,VICTORIA,Estab Junji,MIRAFLORES NRO 2250- MIGUEL HUERTA,Lautaro,-38.24525,-72.328016,true
950464,JUNJI J.I.09211017 CARACOLITO,VICTORIA,Estab Junji,SANGENTO ALDEA NRO 1424- LUIS NACKRAY,Lautaro,-38.224066,-72.3206,true
950685,ANEXO RBD 5315 ESC WOLFGANG AMADEO M,COLLIPULLI,Estab Junaeb,LYNCH N 208,Lautaro,-37.9548165096011,-72.439381528034,true
993113,UNIVERSIDAD ARTURO PRAT,VICTORIA,Estab Junaeb,OHIGGINS SN,Lautaro,-38.2322191270947,-72.3421349907519,true
995249,JUNJI J.I.09203008 PINOCHO,CURACAUTÍN,Estab Junji,1 NORTE NRO 10 POB. MANUEL RODRIGUEZ,Lautaro,-38.441217,-71.877043,true
995250,JUNJI J.I.09211001 LOS ENANITOS,VICTORIA,Estab Junji,CHILLAN 560,Lautaro,-38.234685,-72.347963,true
998345,INTEGRA J.I.MIGUEL ZERENE,COLLIPULLI,Estab Integra,LAUTARO 127,Lautaro,-37.9548191196231,-72.4244378619336,true
998346,INTEGRA J.I.RAYITO DE SOL,COLLIPULLI,Estab Integra,MANUEL RODRIGUEZ S/N,Lautaro,-37.795594,-72.472313,true
998347,INTEGRA J.I.SANTA CRUZ,COLLIPULLI,Estab Integra,SAAVEDRA NORTE 146,Lautaro,-37.9505470092923,-72.4440497196046,true
998348,INTEGRA J.I.JOSÉ MARÍA CARO,LONQUIMAY,Estab Integra,TENIENTE MERINO 935,Lautaro,-38.4523569986701,-71.3702358434165,true
998350,INTEGRA J.I.MALLÍN EL TREILE,LONQUIMAY,Estab Integra,SECTOR MALLÍN EL TREILE S/N,Lautaro,-38.381857,-71.457734,true
998351,INTEGRA J.I.EL NARANJITO,LONQUIMAY,Estab Integra,SECTOR NARANJITO S/N,Lautaro,-38.43396,-71.366024,true
998355,INTEGRA J.I.LOS PIÑONCITOS,LONQUIMAY,Estab Integra,PEDREGOSO S/N,Lautaro,-38.5375263221579,-71.2573242376313,true
998356,INTEGRA J.I.PEHUENCITO,CURACAUTÍN,Estab Integra,IQUIQUE S/N,Lautaro,-38.434116,-71.885089,true
998358,INTEGRA J.I.TÍA LAURA,CURACAUTÍN,Estab Integra,BALMACEDA 285,Lautaro,-38.474933,-71.582489,true
998359,INTEGRA J.I.PRINCESITA,CURACAUTÍN,Estab Integra,LOS COIGUES 123,Lautaro,-38.438755,-71.89863,true
998361,INTEGRA J.I.MUNDO DE COLORES,ERCILLA,Estab Integra,QUILAPAN 444,Lautaro,-38.063678,-72.376402,true
998362,INTEGRA J.I.PRIMEROS PASOS,ERCILLA,Estab Integra,BLANCO ENCALADA S/N,Lautaro,-38.132852,-72.318192,true
998363,INTEGRA J.I.JAVIERA CARRERA,VICTORIA,Estab Integra,SAN MARTIN 1807,Lautaro,-38.240596,-72.323728,true
998364,INTEGRA J.I.MARTA BRUNET,VICTORIA,Estab Integra,MANUEL RODRIGUEZ 1230,Lautaro,-38.222703,-72.323461,true
998378,INTEGRA J.I.SANTA GUADALUPE,LAUTARO,Estab Integra,SAN PATRICIO S/N,Lautaro,-38.535654,-72.423296,true
998379,INTEGRA J.I. GIRASOL,LAUTARO,Estab Integra,RECABARREN S/N,Lautaro,-38.63541,-72.44915,true
998380,INTEGRA J.I.LAS ARAUCARIAS,LAUTARO,Estab Integra,MANUEL RODRIGUEZ S/N,Lautaro,-38.520059,-72.431328,true
998381,BETANIA,PERQUENCO,Estab Integra,NICASIO DE TORO 362,Lautaro,-38.422973,-72.375606,true
998382,INTEGRA J.I.PEQUEÑOS ARTISTAS,VILCUN,Estab Integra,LIBERTAD 329,Lautaro,-38.685425,-72.00561,true
998384,INTEGRA J.I.COPITO DE NIEVE,VILCUN,Estab Integra,AVDA INGLESA 190,Lautaro,-38.660376,-72.114798,true
998385,INTEGRA J.I. BELLAVISTA,VILCUN,Estab Integra,CHORRILLOS 474,Lautaro,-38.670983,-72.225553,true
4022,ESCUELA QUINEL,CABRERO,Estab Junaeb,SECTOR QUINEL KM 35,Los Ángeles,-36.923771,-72.495888,true
4160,LICEO COMERCIAL CAMILO HENRIQUEZ,LOS ANGELES 803,Estab Junaeb,GALVARINO 1310,Los Ángeles,-37.46563,-72.367432,true
4162,LICEO COMERCIAL DIEGO PORTALES PALAZUELO,LOS ANGELES 802,Estab Junaeb,AVDA RICARDO VICUNA 180,Los Ángeles,-37.471207,-72.351662,true
4163,LICEO LOS ANGELES,LOS ANGELES 802,Estab Junaeb,AVDA RICARDO VICUNA 320,Los Ángeles,-37.472881,-72.344063,true
4164,LICEO COEDUCACIONAL STA MARIA DE LOS ANGELES,LOS ANGELES 802,Estab Junaeb,AVDA RICARDO VICUNA 492,Los Ángeles,-37.473179,-72.352127,true
4165,LICEO INDUSTRIAL SAMUEL VIVANCO PARADA,LOS ANGELES 803,Estab Junaeb,COLO COLO 1151,Los Ángeles,-37.46981,-72.364731,true
4166,LICEO TECNICO JUANITA FERNANDEZ SOLAR,LOS ANGELES 803,Estab Junaeb,PATRICIO CASTRO 1151,Los Ángeles,-37.468491,-72.364929,true
4168,ESCUELA GENERAL BERNARDO OHIGGINS,LOS ANGELES 803,Estab Junaeb,MENDOZA 560,Los Ángeles,-37.46093,-72.362846,true
4169,ESCUELA ESPANA,LOS ANGELES 802,Estab Junaeb,SAN MARTIN 199,Los Ángeles,-37.474152,-72.353027,true
4171,ESCUELA COLONIA ARABE,LOS ANGELES 803,Estab Junaeb,MIGUEL GACITUA 885,Los Ángeles,-37.4627,-72.357224,true
4172,ESCUELA GENERAL JOSE DE SAN MARTIN,LOS ANGELES 803,Estab Junaeb,ERCILLA 575,Los Ángeles,-37.46674,-72.355003,true
4173,ESCUELA BLANCO ENCALADA,LOS ANGELES 802,Estab Junaeb,BLANCO ENCALADA 184,Los Ángeles,-37.47366,-72.357437,true
4174,ESCUELA HOGAR NIEVES VASQUEZ PALACIOS,LOS ANGELES 803,Estab Junaeb,AVDASOR VICENTA CASILLA 83,Los Ángeles,-37.44347,-72.330093,true
4175,ESCUELA THOMAS JEFERSON,LOS ANGELES 803,Estab Junaeb,MIRAFLORES 255,Los Ángeles,-37.456478,-72.348907,true
4176,ESCUELA JOSE MANSO DE VELASCO,LOS ANGELES 802,Estab Junaeb,JOSE MANSO DE VELASCO SN,Los Ángeles,-37.47258,-72.347,true
4177,ESCUELA CLARA REBOLLEDO DE GODOY,LOS ANGELES 803,Estab Junaeb,ALMAGRO 1811,Los Ángeles,-37.455971,-72.344612,true
4179,ESCUELA PEDRO RUIZ ALDEA,LOS ANGELES 802,Estab Junaeb,LAUTARO 463,Los Ángeles,-37.470051,-72.352058,true
4180,ESCUELA ARTURO ALESSANDRI PALMA,LOS ANGELES 802,Estab Junaeb,EDMUNDO ARELLANO 100,Los Ángeles,-37.492279,-72.327271,true
4181,ESCUELA REPUBLICA DE ISRAEL,LOS ANGELES 803,Estab Junaeb,ESPANA ESQUINA JAPON POB GALVARINO,Los Ángeles,-37.461849,-72.342613,true
4183,ESCUELA 21 DE MAYO,LOS ANGELES 802,Estab Junaeb,CALLE RIO BIOBIO NRO 170,Los Ángeles,-37.487228,-72.346764,true
4185,ESCUELA ISLA DEL LAJA,LOS ANGELES 803,Estab Junaeb,FCO RIOSECO 1164 POBL OHIGG,Los Ángeles,-37.463249,-72.364838,true
4186,REPUBLICA DE ALEMANIA,LOS ANGELES 802,Estab Junaeb,CINCO DE ABRIL SN,Los Ángeles,-37.482491,-72.356987,true
4187,ESCUELA ESPECIAL ESPERANZA,LOS ANGELES 802,Estab Junaeb,ALMAGRO 148,Los Ángeles,-37.472221,-72.349724,true
4188,REPUBLICA DE GRECIA,LOS ANGELES 802,Estab Junaeb,VOLCAN CALBUCO SN POBL CANTERAS GOMEZ,Los Ángeles,-37.4674,-72.34565,true
4189,11 DE SEPTIEMBRE,LOS ANGELES 803,Estab Junaeb,MENDOZA 156,Los Ángeles,-37.47007,-72.367569,true
4190,SANTA FE,LOS ANGELES 802,Estab Junaeb,SANTA FE,Los Ángeles,-37.466728,-72.579788,true
4191,SANTA CLARA DE CHACAYAL,LOS ANGELES 803,Estab Junaeb,SECTOR CHACAYAL CASILLA 770,Los Ángeles,-37.429089,-72.136253,true
4193,LOS MOLINOS,LOS ANGELES 803,Estab Junaeb,SECTOR PEDREGAL KM 32,Los Ángeles,-37.26268,-72.184174,true
4194,LA QUEBRADA,LOS ANGELES 803,Estab Junaeb,LA QUEBRADA KM 22 LOS ANGELES,Los Ángeles,-37.301208,-72.215317,true
4195,LLANO BLANCO,LOS ANGELES 802,Estab Junaeb,LLANO BLANCO KM 22 CASILLA 840 LOS ANGEL,Los Ángeles,-37.56366,-72.179413,true
4197,CORONEL GUILLERMO MARIN CARMONA,LOS ANGELES 802,Estab Junaeb,PATA DE GALLINA KM 8 LOS ANGELES,Los Ángeles,-37.49984,-72.405098,true
4199,AGUADA DE CUEL,LOS ANGELES 802,Estab Junaeb,CAMINO LOS ANGELES A COIGUE KM 14,Los Ángeles,-37.547482,-72.542908,true
4200,VIRQUENCO,LOS ANGELES 802,Estab Junaeb,KM 14 CAMINO STA FE,Los Ángeles,-37.468029,-72.500038,true
4201,ITILHUE,LOS ANGELES 802,Estab Junaeb,SAN CARLOS PUREN KM 18,Los Ángeles,-37.595131,-72.276901,true
4202,LOS TRONCOS,LOS ANGELES 803,Estab Junaeb,LOS TRONCOS KM 25 LOS ANGELES,Los Ángeles,-37.27676,-72.427238,true
4204,MILLANTU,LOS ANGELES 802,Estab Junaeb,MIGUEL SAGARDIA SN MILLANTU KM 30,Los Ángeles,-37.3978,-72.621193,true
4205,DIEGO PORTALES PALAZUELOS,LOS ANGELES 802,Estab Junaeb,CAMINO EL PERAL KM 15,Los Ángeles,-37.488461,-72.214211,true
4207,LA RINCONADA DEL SALTO,LOS ANGELES 802,Estab Junaeb,SALTO DEL LAJA KM 30,Los Ángeles,-37.217621,-72.353157,true
4210,COYANCO,LOS ANGELES 802,Estab Junaeb,COYANCO CUEL KM 21,Los Ángeles,-37.494621,-72.533577,true
4212,LAS QUINTAS,LOS ANGELES 803,Estab Junaeb,LAS QUINTAS CAMINO A LAS TRANCAS,Los Ángeles,-37.42247,-72.450089,true
4216,EL CHEQUEN,LOS ANGELES 802,Estab Junaeb,CAMINO A COIGUE KM 23,Los Ángeles,-37.536041,-72.569809,true
4221,LA CAPILLA,LOS ANGELES 803,Estab Junaeb,LA CAPILLA CASILLA 348,Los Ángeles,-37.390369,-72.180733,true
4228,LA MANCHA,LOS ANGELES 803,Estab Junaeb,LA MANCHA KM 25 CAMINO PUENTE PERALES,Los Ángeles,-37.307941,-72.455971,true
4231,LA LEYENDA,LOS ANGELES 803,Estab Junaeb,SECTOR MORTANDAD KM 28,Los Ángeles,-37.365002,-72.096802,true
4235,AMANECER DE DUQUECO,LOS ANGELES 802,Estab Junaeb,CAMINO A MULCHEN SECTOR DUQUECO KM 8,Los Ángeles,-37.54158,-72.31205,true
4241,TENIENTE IGNACIO SERRANO,LOS ANGELES 802,Estab Junaeb,HUERTO LA PERLA KM 22,Los Ángeles,-37.531448,-72.223824,true
4254,PUENTE PERALES,LAJA,Estab Junaeb,CAMINO A PUENTE PERALES KM 30,Los Ángeles,-37.249069,-72.52195,true
4255,EL NOGAL,LOS ANGELES 803,Estab Junaeb,CAMINO SANTA CLARA,Los Ángeles,-37.412392,-72.308617,true
4258,SANTA MARIA DE LOS ANGELES,LOS ANGELES 802,Estab Junaeb,COLO COLO 62,Los Ángeles,-37.46896,-72.345444,true
4259,PART SAN NICOLAS,LOS ANGELES 803,Estab Junaeb,OROMPELLO 1069,Los Ángeles,-37.46059,-72.363503,true
4260,CENTRO EDUCACIONAL Y CAPACITACION LABORAL CECAP,LOS ANGELES 802,Estab Junaeb,AVDA ALEMANA 353,Los Ángeles,-37.46945,-72.34372,true
4262,MARTA BRUNET,LOS ANGELES 802,Estab Junaeb,FREIRE 424,Los Ángeles,-37.477402,-72.34964,true
4268,ADVENTISTA,LOS ANGELES 803,Estab Junaeb,AVENIDA SOR VICENTA 2710,Los Ángeles,-37.443459,-72.330528,true
4270,LICEO CARLOS CONDELL,LOS ANGELES 802,Estab Junaeb,PATRICIO LYNCH 956,Los Ángeles,-37.4767,-72.361908,true
4272,DIEGO DE ALMAGRO,LOS ANGELES 803,Estab Junaeb,DIEGO DE ALMAGRO 1496,Los Ángeles,-37.456169,-72.345093,true
4275,LA VICTORIA,LOS ANGELES 802,Estab Junaeb,CAMINO SANTA FE KM 16,Los Ángeles,-37.463638,-72.544746,true
4277,CEALA BASICA,LOS ANGELES 803,Estab Junaeb,CAMINO ANTUCO,Los Ángeles,-37.432491,-72.184799,true
4280,SAN JOSE,LOS ANGELES 803,Estab Junaeb,LONGITUDINAL NORTE KM15 9D LOS ANGELES,Los Ángeles,-37.35043,-72.381607,true
4281,LOS COPIHUES,LOS ANGELES 802,Estab Junaeb,PARCELA 10 SECTOR DUQUECO,Los Ángeles,-37.548241,-72.288094,true
4287,LICEO AGRICOLA EL HUERTON,LOS ANGELES 803,Estab Junaeb,CAMINO A ANTUCO KM 6 CAS2D LOS ANGELES,Los Ángeles,-37.456501,-72.277092,true
4288,LICEO POLITECNICO GRALOSCAR BONILLA BRA,CABRERO,Estab Junaeb,CARLOS VIEL 25,Los Ángeles,-37.083931,-72.436996,true
4289,MANUEL ARISTIDES ZANARTU ZANARTU,CABRERO,Estab Junaeb,AVENIDA VIALPALACIOS,Los Ángeles,-37.03413,-72.397346,true
4290,CHARRUA,CABRERO,Estab Junaeb,CHARRUA CAMINO A POLCURA,Los Ángeles,-37.10183,-72.323517,true
4292,SALTO DEL LAJA,CABRERO,Estab Junaeb,FUNDO SALTO DEL LAJA,Los Ángeles,-37.20034,-72.389526,true
4295,PILLANCO,CABRERO,Estab Junaeb,FUNDO PILLANCO CABRERO,Los Ángeles,-37.151272,-72.35083,true
4297,LAS OBRAS,CABRERO,Estab Junaeb,LAS OBRAS DE RIO CLARO CABRERO,Los Ángeles,-37.079971,-72.509987,true
4298,EL MANZANO,CABRERO,Estab Junaeb,FDO EL MANZANO CABRERO,Los Ángeles,-37.150829,-72.323418,true
4299,EL PARAISO,CABRERO,Estab Junaeb,CASERIO CHILLANCITO,Los Ángeles,-37.204262,-72.354469,true
4300,LOMAS DE ANGOL,CABRERO,Estab Junaeb,LOMAS DE ANGOL CABRERO,Los Ángeles,-36.993992,-72.402573,true
4302,COLICHEO,CABRERO,Estab Junaeb,COLONIA COLICHEU CABRERO,Los Ángeles,-37.03392,-72.27771,true
4303,LOS CAULLES,CABRERO,Estab Junaeb,CAMINO PASO HONDO CABRERO,Los Ángeles,-36.989769,-72.446114,true
4304,LOS LEONES,CABRERO,Estab Junaeb,FUNDO LAS CASAS DE RIO CLARO,Los Ángeles,-37.008549,-72.492828,true
4305,HACIENDA MONTENEGRO,CABRERO,Estab Junaeb,HACIENDA MONTE AGUILA,Los Ángeles,-37.112141,-72.441329,true
4306,EL PROGRESO,CABRERO,Estab Junaeb,PARCELAS PROGRESO CABRERO,Los Ángeles,-37.073608,-72.286713,true
4307,SAN JOSE,CABRERO,Estab Junaeb,MENBRILLAR 300,Los Ángeles,-37.03524,-72.40564,true
4308,ABEL INOZTROZA - MONTE AGUILA,CABRERO,Estab Junaeb,AHUMADA 219,Los Ángeles,-37.087372,-72.438362,true
4309,HUEPIL,TUCAPEL,Estab Junaeb,12 DE FEBRERO 171,Los Ángeles,-37.240139,-71.942047,true
4310,TUCAPEL,TUCAPEL,Estab Junaeb,ALAMEDA RUSTICO MOLINA 240,Los Ángeles,-37.290211,-71.945969,true
4311,LOS AVELLANOS,TUCAPEL,Estab Junaeb,RI0 CLARO SN,Los Ángeles,-37.28883,-71.722221,true
4312,ALEJANDRO PEREZ URBANO,TUCAPEL,Estab Junaeb,A PEREZ SN,Los Ángeles,-37.27697,-71.833656,true
4314,LAS HIJUELAS,TUCAPEL,Estab Junaeb,LAS HIJUELAS CAMINO A HUEPIL,Los Ángeles,-37.2131,-71.856697,true
4317,VILLA LOS AROMOS,TUCAPEL,Estab Junaeb,VILLA LOS RASTROJOS TUCAPEL,Los Ángeles,-37.28569,-71.769417,true
4321,LAS LOMAS DE TUCAPEL,TUCAPEL,Estab Junaeb,LOMAS DE TUCAPEL,Los Ángeles,-37.325371,-71.910316,true
4324,LICEO DR VICTOR RIOS RUIZ BASICA,ANTUCO,Estab Junaeb,ARTURO PRAT 105,Los Ángeles,-37.332001,-71.677879,true
4327,VOLCAN ANTUCO,ANTUCO,Estab Junaeb,VILLA LOS CANELOS ANTUCO,Los Ángeles,-37.359581,-71.529114,true
4328,CERRO PILQUE,ANTUCO,Estab Junaeb,CORREO ANTUCO,Los Ángeles,-37.336029,-71.617752,true
4330,OLGA RIOS DE PINOCHET,ANTUCO,Estab Junaeb,MIRRIHUE KM 55,Los Ángeles,-37.329121,-71.741692,true
4331,FRANCISCO BASCUNAN GUERRERO,QUILLECO,Estab Junaeb,ARTURO PRAT 398,Los Ángeles,-37.467651,-71.981171,true
4333,LICEO ISABEL RIQUELME,QUILLECO,Estab Junaeb,AVDA BDO OHIGGINS SN LAS CANTERAS,Los Ángeles,-37.402241,-72.011917,true
4334,VILLA MERCEDES,QUILLECO,Estab Junaeb,CALLE DUQUECO SN,Los Ángeles,-37.40472,-71.979584,true
4337,LA HOYADA,QUILLECO,Estab Junaeb,BAJO DUQUECO QUILLECO,Los Ángeles,-37.533939,-71.918617,true
4339,CENTINELA,QUILLECO,Estab Junaeb,KM 12 CAMINO CENTINELA,Los Ángeles,-37.514671,-71.923424,true
4340,PROFESORA ALBERTINA SANCHEZ VALENZUELA,QUILLECO,Estab Junaeb,CAMINO TINAJON KM 10,Los Ángeles,-37.438622,-71.887306,true
4341,LAS ARENAS,QUILLECO,Estab Junaeb,RIO PRADO KM 36 VILLA ALEGRE,Los Ángeles,-37.497459,-72.047577,true
4342,ERMINDA GOMEZ DE POLIC,QUILLECO,Estab Junaeb,CAMINO PERALILLO KM 50,Los Ángeles,-37.41721,-71.856842,true
4345,RIO PARDO,QUILLECO,Estab Junaeb,KM 13 CAMINO RIO PARDO,Los Ángeles,-37.509991,-72.079361,true
4347,BLANCA ESTRELLA,QUILLECO,Estab Junaeb,HIJUELAS CANTERAS KM 33,Los Ángeles,-37.386181,-71.955597,true
4348,EL ESFUERZO,QUILLECO,Estab Junaeb,SECTOR PEJERREY KM 25,Los Ángeles,-37.559952,-72.14447,true
4352,ENRIQUE BERNSTEIN CARABANTES,SANTA BARBARA,Estab Junaeb,DIEGO PORTALES SN,Los Ángeles,-37.669079,-72.025162,true
4353,LICEO CARDENAL ANTONIO SAMORE,SANTA BARBARA,Estab Junaeb,ARTURO PRAT SN,Los Ángeles,-37.66568,-72.033081,true
4354,ESC FRONTERIZA RALCO,ALTO BIO BIO,Estab Junaeb,RALCO ALTO BIOBIO,Los Ángeles,-37.880081,-71.637192,true
4355,EL HUACHI,SANTA BARBARA,Estab Junaeb,EL HUACHI SANTA BARBARA,Los Ángeles,-37.64135,-71.772507,true
4356,LOS BOLDOS,SANTA BARBARA,Estab Junaeb,LOS BOLDOS CAMINO A STA BARBARA,Los Ángeles,-37.64426,-72.17157,true
4357,VILLUCURA,SANTA BARBARA,Estab Junaeb,VILLUCURA SANTA BARBARA,Los Ángeles,-37.555809,-71.910583,true
4358,MARIANO PUGA VEGA,SANTA BARBARA,Estab Junaeb,LOS JUNQUILLOS SANTA BARBARA,Los Ángeles,-37.6623,-71.864799,true
4359,MANIL,SANTA BARBARA,Estab Junaeb,MANIL SANTA BARBARA,Los Ángeles,-37.624569,-72.10553,true
4361,CORCOVADO,SANTA BARBARA,Estab Junaeb,CAMINO VILLUCURA KM 7 SANTA BARBARA,Los Ángeles,-37.631748,-71.975632,true
4365,RINCONADA,SANTA BARBARA,Estab Junaeb,RINCONADA SANTA BARBARA,Los Ángeles,-37.57542,-72.076233,true
4368,LOS NOTROS,SANTA BARBARA,Estab Junaeb,LOS NOTROS CAMINO A RALCO SANTA BARBARA,Los Ángeles,-37.74144,-71.784363,true
4372,QUILLAILEO,SANTA BARBARA,Estab Junaeb,QUILLAILEO SANTA BARBARA,Los Ángeles,-37.652142,-71.71257,true
4374,PITRIL,ALTO BIO BIO,Estab Junaeb,PITRIL SANTA BARBARA,Los Ángeles,-37.832901,-71.569962,true
4375,ESCUELA RALCO LEPOY,ALTO BIO BIO,Estab Junaeb,REDUCCION INDIGENA RALCO LEPOY,Los Ángeles,-38.064468,-71.35392,true
4379,CALLAQUI,ALTO BIO BIO,Estab Junaeb,CALLAQUI CAMINO A RALCO STA BARBARA,Los Ángeles,-37.85516,-71.670013,true
4381,CENTRO DE LENGUAJE Y APRENDIZAJE,SANTA BARBARA,Estab Junaeb,CARRERA ESQUINA OHIGGINS,Los Ángeles,-37.6693,-72.022995,true
4382,STA BARBARA,SANTA BARBARA,Estab Junaeb,ROZAS 372,Los Ángeles,-37.66711,-72.021347,true
4386,NUEVA GUAYALI,ALTO BIO BIO,Estab Junaeb,FUNDO GUAYALI SANTA BARBARA,Los Ángeles,-38.045219,-71.275284,true
4387,LAS PARCELAS,LOS ANGELES 802,Estab Junaeb,PARCELAS LIPIN,Los Ángeles,-37.546791,-72.215698,true
4389,TRAPA TRAPA,ALTO BIO BIO,Estab Junaeb,CAMINO STA BARBARA TRAPA TRAPA KM 180,Los Ángeles,-37.710899,-71.265244,true
4391,EL CASTILLO,SANTA BARBARA,Estab Junaeb,FUNDO EL CASTILLO,Los Ángeles,-37.51688,-71.846123,true
4392,QUILACO,QUILACO,Estab Junaeb,ARTURO PRAT 1491,Los Ángeles,-37.684052,-72.001701,true
4393,RUCALHUE,QUILACO,Estab Junaeb,DIEGO PORTALES 316,Los Ángeles,-37.712608,-71.904846,true
4395,CERRO EL PADRE,QUILACO,Estab Junaeb,CERRO EL PADRE,Los Ángeles,-37.769539,-71.865707,true
4396,CAMPAMENTO,QUILACO,Estab Junaeb,CAMPAMENTO KM 13,Los Ángeles,-37.67741,-72.118561,true
4398,BELLAVISTA,QUILACO,Estab Junaeb,BELLAVISTA KM 23,Los Ángeles,-37.798439,-71.930702,true
4402,LONCOPANGUE,QUILACO,Estab Junaeb,LONCOPANGUE,Los Ángeles,-37.780029,-71.755478,true
4404,PROFESOR MIGUEL ANGEL CERDA,MULCHEN,Estab Junaeb,GANA 450,Los Ángeles,-37.71909,-72.244713,true
4405,COLEGIO BLANCO ENCALADA,MULCHEN,Estab Junaeb,FUENZALIDA 512,Los Ángeles,-37.717979,-72.245293,true
4406,MULCHEN,MULCHEN,Estab Junaeb,VILLAGRAN 785,Los Ángeles,-37.722408,-72.241241,true
4407,IGNACIO VERDUGO CAVADA,MULCHEN,Estab Junaeb,UNZUETA 052 MULCHEN,Los Ángeles,-37.720951,-72.250504,true
4408,CRISOL,MULCHEN,Estab Junaeb,CAMPILLO 1213,Los Ángeles,-37.719139,-72.234833,true
4409,SACERDOTE ALEJANDRO MANERA,MULCHEN,Estab Junaeb,BERNARDO OHIGGINS 21,Los Ángeles,-37.726349,-72.232948,true
4410,VILLA LAS PENAS,MULCHEN,Estab Junaeb,SOTOMAYOR 1202 FRENTE LICEO NVOMUNDO,Los Ángeles,-37.711449,-72.240578,true
4412,ALHUELEMU,MULCHEN,Estab Junaeb,ALHUELEMU MULCHEN,Los Ángeles,-37.81958,-72.395332,true
4414,MUNILQUE IZAURIETA,MULCHEN,Estab Junaeb,MUNILQUE IZAURIETA KM 26,Los Ángeles,-37.57687,-72.428993,true
4417,SAN LUIS DE MALVEN,MULCHEN,Estab Junaeb,CAMINO A NEGRETE KM 15,Los Ángeles,-37.68322,-72.374718,true
4419,BUREO,MULCHEN,Estab Junaeb,CAMINO LICURA NEGRETE KM 60,Los Ángeles,-37.57774,-72.461853,true
4421,PILQUEN,MULCHEN,Estab Junaeb,CAMINO AL MORRO KM 13,Los Ángeles,-37.830589,-72.219238,true
4426,EL PARRON,MULCHEN,Estab Junaeb,CAMINO A CALEDONIA KM 28,Los Ángeles,-37.813141,-72.025414,true
4432,EL EDEN,MULCHEN,Estab Junaeb,CAMINO CALEDONIA KM 20,Los Ángeles,-37.777699,-72.070343,true
4433,RAPELCO,MULCHEN,Estab Junaeb,CAMINO A NEGRETE KM 22,Los Ángeles,-37.63385,-72.456291,true
4435,LOS HINOJOS,MULCHEN,Estab Junaeb,CAMINO AL MORRO KM 24,Los Ángeles,-37.891178,-72.157204,true
4436,SANTA ADRIANA,MULCHEN,Estab Junaeb,CAMINO SANTA ADRIANA KM 22,Los Ángeles,-37.758438,-72.017677,true
4437,AURORA DE ENERO,MULCHEN,Estab Junaeb,CAMINO MANZANOCHE,Los Ángeles,-37.709129,-72.458313,true
4441,CASAS DE PILE,MULCHEN,Estab Junaeb,CASAS DE PILE KM 10,Los Ángeles,-37.723339,-72.118713,true
4443,SAN BERNARDINO DE SENA,MULCHEN,Estab Junaeb,CALLE MISION 265,Los Ángeles,-37.722549,-72.238007,true
4446,LICEO LA FRONTERA,NEGRETE,Estab Junaeb,SERRANO 2,Los Ángeles,-37.58379,-72.532333,true
4447,RIHUE,NEGRETE,Estab Junaeb,SAN GABRIEL RIHUE,Los Ángeles,-37.626011,-72.593071,true
4448,VILLA COIGUE,NEGRETE,Estab Junaeb,VILLA COIGUE,Los Ángeles,-37.553902,-72.59745,true
4449,VAQUERIA,NEGRETE,Estab Junaeb,VAQUERIA,Los Ángeles,-37.625401,-72.549278,true
4451,LICEO DE NACIMIENTO,NACIMIENTO,Estab Junaeb,GENERAL PRIETO 880,Los Ángeles,-37.506809,-72.672203,true
4452,EL SABER,NACIMIENTO,Estab Junaeb,SAN MARTIN 480,Los Ángeles,-37.501202,-72.671982,true
4453,OSCAR GUERRERO - VILLA ALEGRE,NACIMIENTO,Estab Junaeb,VILLA ALEGRE SN,Los Ángeles,-37.496281,-72.679733,true
4454,CANADA,NACIMIENTO,Estab Junaeb,AVENIDA LA CRUZ 567,Los Ángeles,-37.502602,-72.68013,true
4455,TOQUI LAUTARO,NACIMIENTO,Estab Junaeb,CALLE EL PINO SN,Los Ángeles,-37.508678,-72.660347,true
4456,DOLLINCO,NACIMIENTO,Estab Junaeb,DOLLINCO CAMINO SANTA JUANA KM 10,Los Ángeles,-37.451591,-72.768623,true
4459,SAN RAMON,NACIMIENTO,Estab Junaeb,FUNDO SAN RAMON,Los Ángeles,-37.363911,-72.862297,true
4462,EL PERAL,NACIMIENTO,Estab Junaeb,FUNDO EL PERAL,Los Ángeles,-37.453209,-72.763123,true
4466,CHOROICO,NACIMIENTO,Estab Junaeb,FUNDO CHOROICO KM 30,Los Ángeles,-37.546379,-72.823303,true
4467,SANTA LUISA,NACIMIENTO,Estab Junaeb,FUNDO SANTA LUISA,Los Ángeles,-37.453209,-72.697243,true
4469,PALMILLA,NACIMIENTO,Estab Junaeb,PALMILLA,Los Ángeles,-37.50465,-72.788597,true
4470,SAN FRANCISCO DE MILLAPOA,NACIMIENTO,Estab Junaeb,FUNDO SN FRANCISCO,Los Ángeles,-37.468899,-72.721336,true
4472,SAN ROQUE,NACIMIENTO,Estab Junaeb,FUNDO SAN ROQUE,Los Ángeles,-37.413059,-72.837486,true
4474,MILLAPOA DIUQUIN,NACIMIENTO,Estab Junaeb,MILLAPOA DIUQUIN,Los Ángeles,-37.37112,-72.676308,true
4479,CHEQUENAL,NACIMIENTO,Estab Junaeb,FUNDO CHEQUENAL,Los Ángeles,-37.370579,-72.734978,true
4480,EL CARRIZAL N? 7,NACIMIENTO,Estab Junaeb,CAMINO LA SUERTE KM 13,Los Ángeles,-37.515949,-72.692642,true
4481,JOSE ABELARDO NUNEZ,LAJA,Estab Junaeb,BALMACEDA 320,Los Ángeles,-37.27948,-72.715347,true
4482,NIVEQUETEN,LAJA,Estab Junaeb,MAGNOLIOS 230 POBL NIUEQUETEN,Los Ángeles,-37.28017,-72.702171,true
4483,HEROES DE LA CONCEPCION C H,LAJA,Estab Junaeb,BAQUEDANO 210,Los Ángeles,-37.278782,-72.713203,true
4484,LA COLONIA,LAJA,Estab Junaeb,LA COLONIA,Los Ángeles,-37.288521,-72.590813,true
4485,FRANCISCO ZATTERA (JOSE B SUAREZ),LAJA,Estab Junaeb,SANTA ELENA,Los Ángeles,-37.34993,-72.534172,true
4486,INTERNADO LAS CIENAGAS,LAJA,Estab Junaeb,LAS CIENAGAS,Los Ángeles,-37.34988,-72.488617,true
4495,DIEGO JOSE BENAVENTE BUSTAMANTE,LAJA,Estab Junaeb,FUNDO MARENGO CHORRILLOS,Los Ángeles,-37.311119,-72.619278,true
4496,SAN MAURICIO,LAJA,Estab Junaeb,EL ESTANQUE 238,Los Ángeles,-37.273479,-72.714233,true
4497,ALFA Y OMEGA,LAJA,Estab Junaeb,EL PINO 130,Los Ángeles,-37.270222,-72.710312,true
4500,LICEO SAN ROSENDO,SAN ROSENDO,Estab Junaeb,VALLEJOS SN,Los Ángeles,-37.261749,-72.722427,true
4502,TURQUIA,SAN ROSENDO,Estab Junaeb,ESTACION TURQUIA,Los Ángeles,-37.230721,-72.659416,true
4503,CALLEJONES,SAN ROSENDO,Estab Junaeb,LOS CALLEJONES DE TURQUIA,Los Ángeles,-37.21291,-72.668533,true
4505,LICEO P LUIS ALBERTO SALDES,YUMBEL,Estab Junaeb,QUEZADA 750,Los Ángeles,-37.096722,-72.565392,true
4506,HEROES DE CHILE (2) PAE VERA.,YUMBEL,Estab Junaeb,OHIGGINS 599,Los Ángeles,-37.100658,-72.56102,true
4507,LICEO T P GONZALO GUGLIELMI MONTIEL,YUMBEL,Estab Junaeb,IGNACIO CARRERA PINTO 369,Los Ángeles,-37.142551,-72.538696,true
4509,LICEO MUNICIPAL DE RIO CLARO,YUMBEL,Estab Junaeb,AVDA B OHIGGINS SN,Los Ángeles,-37.102119,-72.56076,true
4512,ESC ENRIQUE PUFFE KIND - LA AGUADA,YUMBEL,Estab Junaeb,FUNDO LA AGUADA KM 20,Los Ángeles,-37.212688,-72.433922,true
4513,P PEDRO CAMPOS MENCHACA - TOMECO,YUMBEL,Estab Junaeb,TOMECO,Los Ángeles,-36.987869,-72.623253,true
4514,ESCUELA MUNICIPAL DE RERE,YUMBEL,Estab Junaeb,PEDRO AGUIRRE CERDA SN,Los Ángeles,-37.132999,-72.727219,true
4527,ESCUELA MUNICIPAL DE CERRO PARRA,YUMBEL,Estab Junaeb,CERRO PARRA YUMBEL,Los Ángeles,-37.150909,-72.604797,true
4530,INSTITUTO SAN SEBASTIAN,YUMBEL,Estab Junaeb,CASTELLON 521,Los Ángeles,-37.097252,-72.562019,true
11408,SANTA PILAR,LOS ANGELES 803,Estab Junaeb,KM 506 PANAMERICANA SUR,Los Ángeles,-37.42218,-72.337219,true
11429,ALIWEN (EX STA HILDA),LOS ANGELES 802,Estab Junaeb,AVDAALEMANIA 472,Los Ángeles,-37.46841,-72.341179,true
11430,TERESIANO PADRE ENRIQUE,NACIMIENTO,Estab Junaeb,AV ESPANA 1125S POBL EL PINAR,Los Ángeles,-37.497898,-72.682167,true
11674,CANICU,ALTO BIO BIO,Estab Junaeb,CAMINO SANTA BARBARA KM 86,Los Ángeles,-37.71093,-71.481911,true
11677,ANDRES ALCAZAR,LAJA,Estab Junaeb,BAQUEDANO 210,Los Ángeles,-37.280449,-72.711449,true
11711,LUIS MAXIMILIANO MARTINEZ GONZALEZ,TUCAPEL,Estab Junaeb,INDEPENDENCIA 444,Los Ángeles,-37.2397,-71.941139,true
11716,COLEGIO MARIA INMACULADA,LOS ANGELES 802,Estab Junaeb,LAS QUINTAS N 188,Los Ángeles,-37.484169,-72.349167,true
11718,JUAN PABLO SEGUNDO,LOS ANGELES 803,Estab Junaeb,PJE1 765 STGOSOTOMAYOR,Los Ángeles,-37.464581,-72.368294,true
11719,BIO BIO,LOS ANGELES 803,Estab Junaeb,CAMINO LAS TRANCAS,Los Ángeles,-37.460758,-72.375,true
11739,PARTICULAR TRAPA TRAPA,ALTO BIO BIO,Estab Junaeb,BUTALELBUN,Los Ángeles,-37.75737,-71.217857,true
12005,CDE EDINTEGRAL DE ADULTOS ESC TALLER,LOS ANGELES 803,Estab Junaeb,VALDIVIA 1111,Los Ángeles,-37.460289,-72.351387,true
12020,ENRIQUE ZANARTU PRIETO,CABRERO,Estab Junaeb,PALACIOS 301,Los Ángeles,-37.035938,-72.404984,true
12022,CHACAYAL SUR,LOS ANGELES 803,Estab Junaeb,CHACAYAL SUR,Los Ángeles,-37.447971,-72.139427,true
12031,ESC PARROQUIAL SAN DIEGO DE ALCALA,TUCAPEL,Estab Junaeb,SAN FRANCISCO 70,Los Ángeles,-37.244202,-71.944183,true
12037,HNAS MAESTRAS DE LA SANTA CRUZ,LAJA,Estab Junaeb,BULNES SN,Los Ángeles,-37.286701,-72.702843,true
12042,MANANTIAL DE AGUA VIVA,LAJA,Estab Junaeb,BALMACEDA 672,Los Ángeles,-37.27622,-72.71779,true
12051,ESC ESPECIAL DE LA SOLIDARIDAD,MULCHEN,Estab Junaeb,SOTO 1025,Los Ángeles,-37.71986,-72.24693,true
12059,ESCUELA GRANJA LOS MAYOS,SANTA BARBARA,Estab Junaeb,LOS MAYOS,Los Ángeles,-37.67458,-71.934181,true
12767,INGLES THE SOWER SCHOOL,YUMBEL,Estab Junaeb,VICENTE REYES N?20,Los Ángeles,-37.107262,-72.563133,true
16899,ESCUELA ESPECIAL DE LENGUAJE AMAPOLA,LOS ANGELES 803,Estab Junaeb,MANZANA 77 SITIO 1 Y 2 VILLA GENESIS,Los Ángeles,-37.46648,-72.39149,true
16998,ESC ESP LENG CONTIGO APRENDO,LOS ANGELES 802,Estab Junaeb,EL PERAL N? 805,Los Ángeles,-37.48477,-72.33106,true
17638,SANTO TOMAS DE AQUINO,LOS ANGELES 802,Estab Junaeb,FCO BILBAO 1804,Los Ángeles,-37.480598,-72.338509,true
17643,LICEO AGRICOLA SEPADE,NEGRETE,Estab Junaeb,PARCELAS 1 Y 2 ESPIGA DE ORO,Los Ángeles,-37.590382,-72.527061,true
17647,TALLER LABORAL UNPADE,LOS ANGELES 802,Estab Junaeb,FRANCISCO RIOSECO 1406,Los Ángeles,-37.47206,-72.349884,true
17652,RAIQUEN,YUMBEL,Estab Junaeb,VALDIVIA 310,Los Ángeles,-37.098221,-72.558601,true
17690,P BEATO DAMIAN,LOS ANGELES 802,Estab Junaeb,PSANTA LUCIA VILLA TODOS LOS SANTOS,Los Ángeles,-37.489269,-72.351997,true
17704,AMANDA LABARCA,LAJA,Estab Junaeb,LCRUZ MARTINEZ,Los Ángeles,-37.279938,-72.71698,true
17715,COLEGIO ACUMAR,MULCHEN,Estab Junaeb,CAMINO SAN MIGUEL,Los Ángeles,-37.75687,-72.200821,true
17726,CEIA CEPLEA,LOS ANGELES 802,Estab Junaeb,LAS AZUCENAS 895 POBL OHIGGINS,Los Ángeles,-37.46224,-72.36526,true
17732,UMBRALES DEL ALBA,MULCHEN,Estab Junaeb,CALLE MANUEL MONTT ESQ ARRIAGADA,Los Ángeles,-37.720959,-72.243294,true
17745,COLEGIO STERNENKINDER NIAS DE LAS ESTRR,LOS ANGELES 802,Estab Junaeb,CONTRY STA ELENA,Los Ángeles,-37.487038,-72.39215,true
17751,LA GRANJA,MULCHEN,Estab Junaeb,POBLACON VILLA LA GRANJA,Los Ángeles,-37.730679,-72.235909,true
17776,ESCUELA ESPECIAL AMANECER,LOS ANGELES 802,Estab Junaeb,JOSE MIGUEL INFANTE 345,Los Ángeles,-37.48004,-72.35468,true
17778,SAN JUAN DE DIOS,NACIMIENTO,Estab Junaeb,JZAVALA SN LOS POZOS,Los Ángeles,-37.505791,-72.689217,true
17787,ORLANDO VERA VILLARROEL,CABRERO,Estab Junaeb,CARLOS VIEL 25 MONTE AGUILAA,Los Ángeles,-37.086948,-72.440559,true
17790,LICEO POLIVALENTE NUEVO MUNDO,MULCHEN,Estab Junaeb,SOTOMAYOR SN,Los Ángeles,-37.711979,-72.240471,true
17795,CHILE CONTINENTAL,LOS ANGELES 802,Estab Junaeb,FRANCISCO BILBAO 1804 VILLA MILLARAY,Los Ángeles,-37.48065,-72.33831,true
17797,ARAUCARIA SCHOOL,SANTA BARBARA,Estab Junaeb,DIEGO PORTALES 170,Los Ángeles,-37.669079,-72.025162,true
17807,JESUS MAESTRO,NACIMIENTO,Estab Junaeb,RUBEN DARIO 518,Los Ángeles,-37.502342,-72.67232,true
17813,CACIQUE LEVIAN,SANTA BARBARA,Estab Junaeb,ARTURO PRAT 111,Los Ángeles,-37.67001,-72.027527,true
17814,ALTO CABRERO,CABRERO,Estab Junaeb,ALTO CABRERO,Los Ángeles,-37.032902,-72.399002,true
17846,CEIA,YUMBEL,Estab Junaeb,QUEZADA 750,Los Ángeles,-37.096275,-72.56388,true
17847,CEIA RUBEN CAMPOS LOPEZ,LAJA,Estab Junaeb,BALMACEDA 320,Los Ángeles,-37.28196,-72.71432,true
17852,ESC ESP LENG Y JARDIN INFANTIL LOS ANGELES,LOS ANGELES 803,Estab Junaeb,MADRID 1230 VILLA ESPANA,Los Ángeles,-37.45759,-72.34113,true
17880,CEIA ADELAIDA MORENO,TUCAPEL,Estab Junaeb,12 DE FEBRERO 171,Los Ángeles,-37.240974,-71.94289,true
17883,COLEGIO SANTA TERESA DE LOS ANDES,LOS ANGELES 803,Estab Junaeb,COLOCOLO 2025,Los Ángeles,-37.47213,-72.378777,true
17888,ESC ESPECIAL SOL DE LOS ANGELES,LOS ANGELES 802,Estab Junaeb,LOS CARRERAS 500B,Los Ángeles,-37.47827,-72.348209,true
17924,NACIMIENTO DE NUESTRO SEOR,NACIMIENTO,Estab Junaeb,VILLA ALEGRE 1415,Los Ángeles,-37.492168,-72.684303,true
18008,AMPALU,NACIMIENTO,Estab Junaeb,SAN MARTIN 1107,Los Ángeles,-37.497982,-72.67955,true
18021,DIEGO PORTALES PALAZUELOS,YUMBEL,Estab Junaeb,ELEUTERIO RAMIREZ 120,Los Ángeles,-37.104771,-72.554337,true
18034,SOUTHERN COLLEGE,LOS ANGELES 803,Estab Junaeb,AVENIDA PADRE HURTADO S,Los Ángeles,-37.469879,-72.371422,true
18037,LICEO TECNICO INTERCULTURAL RALCO,ALTO BIO BIO,Estab Junaeb,CALLE N 3 VILLA RALCO,Los Ángeles,-37.87896,-71.640213,true
18050,COLEGIO LA FUENTE,LOS ANGELES 803,Estab Junaeb,CAMINO A CERRO COLORADO KM 05,Los Ángeles,-37.43869,-72.320717,true
18090,SAN LORENZ,LOS ANGELES 803,Estab Junaeb,CAMINO A LUANCO KM 9,Los Ángeles,-37.364769,-72.297279,true
18113,ESC ESPECIAL LOS GIRASOLES,NEGRETE,Estab Junaeb,PARCELA SAN SEBASTIAN SN,Los Ángeles,-37.58458,-72.547485,true
18123,ESCUELA DE LENGUAJE PEUMAYEN,CABRERO,Estab Junaeb,BEETHOVEN N? 62 VILLA ALEMANA,Los Ángeles,-37.029991,-72.395592,true
18143,ESTRELLITA DE BELEN,LOS ANGELES 803,Estab Junaeb,NN,Los Ángeles,-37.462273,-72.36528,true
18157,ESC ESP LENG RAYEN,SAN ROSENDO,Estab Junaeb,EJERCITO 402,Los Ángeles,-37.262547,-72.72205,true
18169,CENTRO DE ESTIMULACION TEMPRANA ANTU,LOS ANGELES 803,Estab Junaeb,DARIO BARRUETO 283,Los Ángeles,-37.471302,-72.36455,true
18170,MONTE AGUILA COLLEGE,CABRERO,Estab Junaeb,LOS NARDOS N 3,Los Ángeles,-37.028431,-72.395912,true
18184,COLEGIO BORDERIO,MULCHEN,Estab Junaeb,SD,Los Ángeles,-37.720558,-72.250443,true
18192,ESCUELA DE LENGUAJE HUEPIL,TUCAPEL,Estab Junaeb,LOS SAUCES 790,Los Ángeles,-37.252277,-71.9365,true
18208,ESC LENG ALTOS DEL LAJA,LAJA,Estab Junaeb,LOS GUINDOS 321,Los Ángeles,-37.286785,-72.70922,true
18234,COLEGIO ALTAZOR,ANTUCO,Estab Junaeb,OHIGGINS 294,Los Ángeles,-37.3311,-71.674004,true
20392,COLEGIO SAN PABLO,LOS ANGELES 802,Estab Junaeb,LOS CONQUISTADORES 336,Los Ángeles,-37.474159,-72.344841,true
20421,ESC ESP LENG TUCAPEL,TUCAPEL,Estab Junaeb,CONDELL N? 190,Los Ángeles,-37.289909,-71.950582,true
31107,COLEGIO ESPERANZA,CABRERO,Estab Junaeb,CALLE LOS PINOS N? 10,Los Ángeles,-37.08873,-72.42704,true
31121,DR OSVALDO QUINTEROS,LOS ANGELES 803,Estab Junaeb,AGUAS CALIENTES N? 2401,Los Ángeles,-37.466549,-72.381561,true
31124,PROACAP,LOS ANGELES 803,Estab Junaeb,ALMAGRO 847,Los Ángeles,-37.463318,-72.34913,true
31137,ESC ESP LENG LETRITAS,LOS ANGELES 802,Estab Junaeb,OHIGGINS 452 HUERTO 9 SANTA FE,Los Ángeles,-37.47756,-72.35131,true
31350,EL CERECITO,MULCHEN,Estab Junaeb,OHIGGINS 280,Los Ángeles,-37.71788,-72.23743,true
821230,S.C. S.C. EL HOGAR,LOS ANGELES 803,Estab Integra,AVENIDA LAS TRANCAS 1850,Los Ángeles,-37.4606036,-72.3749862,true
880495,08301033 VILLA GENESIS,LOS ANGELES 803,Estab Junji,NELTUME N? 3480,Los Ángeles,-37.467428,-72.39748,true
881245,J.S.R. PUENTE PERALES,LAJA,Estab Integra,ESCUELA PUENTE PERALES S/N,Los Ángeles,-37.2475533,-72.5207705999999,true
881501,08301034 J I VILLAS LAS AMERICAS,LOS ANGELES 802,Estab Junji,TOLPAN N 750,Los Ángeles,-37.488406,-72.333957,true
881534,JARDIN LOS TESORITOS,YUMBEL,Estab Junji,RIO CLARO,Los Ángeles,-37.16775016679,-72.5876827510972,true
881543,08307007 CECI SEMILLITAS,NEGRETE,Estab Junji,SAN GABRIEL S/N RIHUE,Los Ángeles,-37.625478,-72.593073,true
881665,08301045 CECI EL FUERTECITO,LOS ANGELES 802,Estab Junji,ANDRES MATERNE S/N,Los Ángeles,-37.59488,-72.275974,true
882303,08301046 CECI PEQUENOS SONADORES BASILIO MUNOZ,LOS ANGELES 803,Estab Junji,SAN GABRIEL 1804 POBL BAS MUNOZ SECTOR AVEL,Los Ángeles,-37.455305,-72.340612,true
883257,08314004 JARDIN CALLAQUI,ALTO BIO BIO,Estab Junji,PARADERO ESCUELA CALLAQUI,Los Ángeles,-37.875287,-71.644156,true
883458,08314057 CASH QUEPUCA RALCO SECTOR MALLA,ALTO BIO BIO,Estab Junji,SECTOR QUEPUCA RALCO SECTOR MALLA,Los Ángeles,,,true
883629,ANEXO 4324 LICEO DR VICTOR RIOS RUIZ MEDIA,ANTUCO,Estab Junaeb,JOSE MANSO DE VELASCO 352,Los Ángeles,-37.466389,-72.3459915999999,true
883630,ANEXO 4451 LICEO TECNICO DE NACIMIENTO,NACIMIENTO,Estab Junaeb,NN,Los Ángeles,-37.502988,-72.675315,true
883631,ANEXO 4382 COLEGIO STA BARBARA PREBASICA,SANTA BARBARA,Estab Junaeb,ROZAS 399,Los Ángeles,-37.6643902,-72.0245951,true
883632,ANEXO 4277 COLEGIO CEALA MEDIA,LOS ANGELES 803,Estab Junaeb,CAMINO ANTUCO KM 15,Los Ángeles,-37.4658628,-72.3248383,true
883633,ANEXO 4483 HEROES DE LA CONCEPCION TEC PRO,LAJA,Estab Junaeb,AV LOS RIOS S/N,Los Ángeles,-37.2683046960776,-72.7112872443119,true
883635,ANEXO 4307 SAN JOSE,CABRERO,Estab Junaeb,LOS JAZMINES 200,Los Ángeles,-37.0312966,-72.3986151,true
883639,ANEXO 4382 COLEGIO SANTA BARBARA MEDIA,SANTA BARBARA,Estab Junaeb,OHIGGINS,Los Ángeles,-37.6686149,-72.022581,true
883844,08314029 PMI KUPULWE,ALTO BIO BIO,Estab Junji,TRAPA TRAPA,Los Ángeles,,,true
883863,08314036 CASH QUIÃELON,ALTO BIO BIO,Estab Junji,QUIÃELON,Los Ángeles,,,true
883865,08314037 CASH Ralco Lepoy,ALTO BIO BIO,Estab Junji,RALCO S/N,Los Ángeles,,,true
883876,ANEXO 4162 LICEO COMERCIAL ANEXO,LOS ANGELES 802,Estab Junaeb,ALMAGRO 221 ESQ CAUPOLICAN,Los Ángeles,-37.4713021,-72.3513078,true
883885,J.S.R. LA LEYENDA,LOS ANGELES 803,Estab Integra,CAMINO CERRO COLORADO KM. 28 S/N,Los Ángeles,-37.364863,-72.0969779,true
884078,LOS ANGELITOS,LOS ANGELES 802,Estab Integra,SAN MARTIN 243,Los Ángeles,-37.4748136,-72.3530028,true
884176,GALVARINO,LOS ANGELES 803,Estab Integra,GALVARINO 1625,Los Ángeles,-37.4658279999999,-72.3726184,true
884282,ANEXO 4446 LICEO LA FRONTERA,NEGRETE,Estab Junaeb,SERRANO 2,Los Ángeles,-37.584167,-72.5318667,true
884291,ANEXO 12020 ENRIQUE ZANARTU PRIETO,CABRERO,Estab Junaeb,CABRERO,Los Ángeles,-37.0409026,-72.4012985,true
884293,FREIRE,NACIMIENTO,Estab Integra,FREIRE 493,Los Ángeles,-37.5020181,-72.6724449,true
884501,08314040 PMI EL BARCO,SANTA BARBARA,Estab Junji,COMUNIDAD EL BARCO,Los Ángeles,-38.01007,-71.306723,true
884535,08307012 CASH ESPIGA DE ORO,NEGRETE,Estab Junji,ESPIGA,Los Ángeles,,,true
884538,08305020 CASH MIRADOR BIO BIO NORTE,MULCHEN,Estab Junji,MIRADOR O HIGGINS PONIENTE N 77 PISO 4 CONCEP,Los Ángeles,,,true
884574,08301047 PMI PASITO SEGURO,LOS ANGELES 803,Estab Junji,BOMBERO FRANCISCO RIESCO N? 2212,Los Ángeles,-37.465678,-72.381111,true
884578,08301050 PMI PATA DE GALLINA,LOS ANGELES 802,Estab Junji,SECTOR PATA DE GALLINA KM 2 4,Los Ángeles,-37.499688,-72.404563,true
884590,08307011 JARDIN INFANTIL TRENCITO,NEGRETE,Estab Junji,JUAQUIN DIAZ GARCES S/N,Los Ángeles,-37.556806,-72.595465,true
885396,08314055 CASH Butalelbun 4,ALTO BIO BIO,Estab Junji,sede del sector,Los Ángeles,,,true
885398,08314069 CASH Pitril Bajo,ALTO BIO BIO,Estab Junji,SEDE,Los Ángeles,,,true
885399,08314049 CASH Malla Malla posta alto,ALTO BIO BIO,Estab Junji,sede del sector,Los Ángeles,,,true
885400,08314050 CASH malla malla pasarela lonko,ALTO BIO BIO,Estab Junji,SEDE,Los Ángeles,,,true
885408,08314059 CASH cauñicu,ALTO BIO BIO,Estab Junji,Chefquelafquen,Los Ángeles,,,true
885410,08314061 CASH cauñicu los chenque,ALTO BIO BIO,Estab Junji,Rahueco,Los Ángeles,,,true
885411,08314062 CASH Chinchitahue,ALTO BIO BIO,Estab Junji,Chinchitahue,Los Ángeles,,,true
885414,08306011 J I ELUNEY,NACIMIENTO,Estab Junji,JUAN PAREDES PASMINO,Los Ángeles,-37.494375,-72.693942,true
885424,08314041 CASH CuÃ±icu Ãibertun,ALTO BIO BIO,Estab Junji,Ãiberntu,Los Ángeles,,,true
885662,08305022 JARDIN LILIANTU,MULCHEN,Estab Junji,UNZUETA N? 0250,Los Ángeles,-37.720525,-72.253383,true
885664,08304010 MI PEQUENO MUNDO,LAJA,Estab Junji,CALLE VIOLETA PARRA N! 2404,Los Ángeles,-37.263178,-72.705903,true
885665,08304011 RENACER DE CAPONNI,LAJA,Estab Junji,CALLE ROMA N? 16 VILLA CAPONI,Los Ángeles,-37.281411,-72.69685,true
885671,08301052 KETRAWE,LOS ANGELES 802,Estab Junji,SECTOR LAUQUEN,Los Ángeles,-37.492747,-72.327042,true
885672,08301053 TREN DE MIS SUENOS,LOS ANGELES 802,Estab Junji,PASAJE TORO POBLACION PAILIHUEN,Los Ángeles,-37.487922,-72.346047,true
885696,08314055 CASH BUTALELBUN IV,ALTO BIO BIO,Estab Junji,SECTOR BUTALELBUN,Los Ángeles,,,true
885698,08302007 CASH ANTUCO,ANTUCO,Estab Junji,ANTUCO,Los Ángeles,,,true
885699,08305025 CASH MIRADOR DEL SUR,MULCHEN,Estab Junji,Sede Social Mirador del Bio Bio,Los Ángeles,,,true
885700,08305026 CASH SAN LUIS DE MALVEN,MULCHEN,Estab Junji,SECTOR RURAL SAN LUIS DE MALVEN,Los Ángeles,,,true
886193,LOS CARRERA,LOS ANGELES 802,Estab Integra,LOS CARRERA 619,Los Ángeles,-37.4799724,-72.3486259,true
886206,ANEXO 18008 AMPALU AV ESTACION,NACIMIENTO,Estab Junaeb,AVENIDA ESTACION 484 POBL ENTRE RIOS,Los Ángeles,-37.5059062,-72.6737875,true
886426,08301029 J I PEQUENOS HISTORIADORES,LOS ANGELES 802,Estab Junji,AVENIDA ORIENTE 1891 VILLA LOS HISTORIADORES,Los Ángeles,-37.487333,-72.327672,true
886428,08301032 J I ISLA DE LOS TESOROS,LOS ANGELES 803,Estab Junji,COSTANERA QUILQUE NORTE 1510,Los Ángeles,-37.4681,-72.370911,true
886449,08301057 PMI LA PERLITA,LOS ANGELES 802,Estab Junji,CAMINO LA PERLA S/N,Los Ángeles,-37.530822,-72.222829,true
886461,08314065 CASH RAHUECO NORTE,ALTO BIO BIO,Estab Junji,SEDE SOCIAL,Los Ángeles,,,true
886462,08314066 J.I. CASH EL BANDERA MAWIDA,ALTO BIO BIO,Estab Junji,SEDE SOCIAL,Los Ángeles,,,true
886464,08314068 CASH CALLAQUI,ALTO BIO BIO,Estab Junji,SEDE SOCIAL,Los Ángeles,,,true
886466,08301059 J I CHACAYAL,LOS ANGELES 803,Estab Junji,SANTA CLARA S/N,Los Ángeles,-37.429117,-72.136386,true
886906,08302008 CASH ABANICO III,ANTUCO,Estab Junji,SEDE SOCIAL ANTUCO,Los Ángeles,,,true
887545,08307013 CASH SANTA ROSA,NEGRETE,Estab Junji,SEDE SOCIAL,Los Ángeles,,,true
887552,08312008 HERNECIA DE HUEPIL,TUCAPEL,Estab Junji,ARTURO PRAT 375,Los Ángeles,-37.241989,-71.940794,true
887565,08301048 LOS CARIÃOSITOS,LOS ANGELES 802,Estab Junji,Marina del Rey 1257 Paillihue,Los Ángeles,-37.480557,-72.332083,true
887572,JARDIN MI DESPERTAR,MULCHEN,Estab Junji,BALMACEDA 785,Los Ángeles,-37.7129475,-72.2378014,true
887739,ANEXO ESCUELA RALCO,ALTO BIO BIO,Estab Junaeb,SECTOR QUEPUCA RALCO S/N,Los Ángeles,-38.0008229,-71.4870964,true
888145,TRAWUN LOB,LOS ANGELES 802,Estab Junaeb,AURISTELA DAVILA 173 LOS ANGELES,Los Ángeles,-37.4717221999999,-72.3445711999999,true
888741,J.S.R. EL OLIVO,LOS ANGELES 802,Estab Integra,EL OLIVO S/NUMERO,Los Ángeles,-37.4438282176064,-72.1419736459116,true
888750,HUEPIL,TUCAPEL,Estab Integra,ESMERALDA 62,Los Ángeles,-37.2405474595572,-71.9481205833038,true
888760,J.S.R. DICAHUE,LOS ANGELES 803,Estab Integra,DICAHUE S/N,Los Ángeles,-37.299827,-72.2801531,true
888762,J.S.R. HARAS DE LAJA,LOS ANGELES 803,Estab Integra,HARAS DE LAJA S/N,Los Ángeles,-37.282683,-72.427875,true
888815,08301017 LOS LICEOS TREMEMN,LOS ANGELES 803,Estab Junji,GABRIELA DECAPS/N,Los Ángeles,,,true
888816,08305004 MI PEQUENO MUNDO,MULCHEN,Estab Junji,ARRIAGADA N? 367,Los Ángeles,-37.720525,-72.242513,true
888845,J.S.R. LA AGUADA 2,YUMBEL,Estab Integra,CALLE SAN PEDRO S/N,Los Ángeles,,,true
908048,SANTA FÉ,LOS ANGELES 802,Estab Integra,O'HIGGINS (SECTOR SANTA FE) S/N,Los Ángeles,-37.4629159,-72.3612251,true
908063,CHACAYAL SUR,LOS ANGELES 803,Estab Integra,ARTURO PRAT (SECTOR CHACAYAL SUR) S/N,Los Ángeles,-37.4465585,-72.1248184,true
908064,TRUPÁN,TUCAPEL,Estab Integra,O'HIGGINS (SECTOR TRUPAN) S/N,Los Ángeles,-37.2728835,-71.8378475,true
908065,LAS CANTERAS,QUILLECO,Estab Integra,AVDA BERNARDO O'HIGGINS (SECTOR CANTERAS) S/N,Los Ángeles,-37.4679498,-71.9782652999999,true
908548,08314003 ETNICO RALCO LEPOY,ALTO BIO BIO,Estab Junji,COMUNIDAD RALCO LEPOY,Los Ángeles,-37.833064,-71.573739,true
928062,08311008 LAS CAMPANITAS,SANTA BARBARA,Estab Junji,RECINTO ESCUELA RINCONADA,Los Ángeles,-37.575603,-72.076079,true
928067,08301010 LA CASITA DE MIS SUENOS,LOS ANGELES 803,Estab Junji,LAGO TODOS LOS SANTOS N?1484,Los Ángeles,-37.464455,-72.370095,true
928068,LAS DALIAS,MULCHEN,Estab Integra,SANTA MARIA 1298,Los Ángeles,-37.723255,-72.2349009,true
928075,08301012 EL HORIZONTE,LOS ANGELES 803,Estab Junji,ESTANILAO ANGUITA S/N,Los Ángeles,-37.463976,-72.37715,true
928117,08311011 JARDIN JUAN WESLEY,SANTA BARBARA,Estab Junji,ZENTENO Nº 2,Los Ángeles,,,true
944117,08301015 MI GRAN MUNDO,LOS ANGELES 802,Estab Junji,COSTANERA PAILLIHUE N? 100,Los Ángeles,-37.484016,-72.345071,true
944220,S.C. 08301016 SALA CUNA UNIVERSITARIA,LOS ANGELES 802,Estab Junji,DARIO BARRUETO N? 106,Los Ángeles,,,true
944232,08304005 RAYITO DE SOL,LAJA,Estab Junji,EL PINO N? 120,Los Ángeles,-37.270444,-72.709623,true
945354,S.C. 08306003 SALVADOR ALLENDE,NACIMIENTO,Estab Junji,SANTA MARIA N? 1436 VILLA EL CIPRES,Los Ángeles,-37.491405,-72.687568,true
945356,08307003 PIECESITOS DE AYUN,NEGRETE,Estab Junji,EMILIO SERRANO N? 2,Los Ángeles,-37.584056,-72.531581,true
946089,08303002 RAYITO DE LUZ,CABRERO,Estab Junji,AVENIDA PADRE HURTADO ESQUINA LOS GUINDOS S/,Los Ángeles,-37.0341,-72.3958,true
946091,S.C. 08303003 ARQUITA DE NOE,CABRERO,Estab Junji,AVENIDA PADRE HURTADO N? 103,Los Ángeles,-37.036052,-72.395927,true
946096,08303004 CAPULLITO DE SOL,CABRERO,Estab Junji,VILLA O HIGGINS N? 702,Los Ángeles,-37.089728,-72.436855,true
946097,08313003 DIENTECITOS DE LECHE,YUMBEL,Estab Junji,CHACABUCO S/N LICEO GONZALO GUGLIELMI MONTIEL,Los Ángeles,-37.141412,-72.537413,true
946101,08303005 TRENCITO DE MIS SUENOS,CABRERO,Estab Junji,LOS CIPRESES S/N,Los Ángeles,-37.085356,-72.431064,true
946107,08303006 PEQUENOS ANGELITOS,CABRERO,Estab Junji,CARLOS VIEL ESQUINA DELDIN MUNOZ S/N,Los Ángeles,-37.0812,-72.4387,true
946118,08301021 KIMELTU,LOS ANGELES 802,Estab Junji,O?HIGGINS N? 8226,Los Ángeles,-37.466689,-72.579916,true
946124,08301023 ANGELITOS TRAVIESOS,LOS ANGELES 802,Estab Junji,AVENIDA CARLOS BODEAUX N? 51,Los Ángeles,-37.467414,-72.500277,true
946129,08301024 ISLA DEL LAJA,LOS ANGELES 803,Estab Junji,LAS FUCSIAS S/N,Los Ángeles,-37.46397,-72.364772,true
946138,08304006 ARCOIRIS,LAJA,Estab Junji,RUCAHUE N? 1700,Los Ángeles,-37.265827,-72.705997,true
946143,S.C. 08312003 RINCONCITO DE AMOR,TUCAPEL,Estab Junji,ANIBAL PINTO S/N,Los Ángeles,-37.29427,-71.955753,true
946148,S.C. 08312004 PEQUENOS GENIOS,TUCAPEL,Estab Junji,IDEPENDENCIA N? 640,Los Ángeles,-37.300433,-71.952924,true
946149,08312002 MIS PRIMEROS PASOS,TUCAPEL,Estab Junji,AVENIDA O?HIGGINS ESQUINA LAS PALMERAS,Los Ángeles,-37.290971,-71.947116,true
946153,08312006 LA ESPERANZA,TUCAPEL,Estab Junji,JOSE DONOSO S/N,Los Ángeles,-37.274175,-71.955833,true
946159,08301025 RINCONADA DEL SALTO,LOS ANGELES 803,Estab Junji,CAMINO PARAGUAY 2 4KM,Los Ángeles,-37.21821,-72.352649,true
946164,08313002 RAYITO DE LUZ,YUMBEL,Estab Junji,CASTELLON N? 171,Los Ángeles,-37.096462,-72.555614,true
946176,08304007 SANTA LUCIA,LAJA,Estab Junji,LOS LURELES N?7 VILLA NUEVO AMANECER,Los Ángeles,-37.285447,-72.697057,true
946188,08306004 LAUTARO,NACIMIENTO,Estab Junji,LA FRONTERA N? 780,Los Ángeles,-37.506779,-72.660387,true
946193,08306005 LUCY KOJCHEN,NACIMIENTO,Estab Junji,TOLINDOR VALDEBENITO N? 1045,Los Ángeles,-37.507244,-72.684853,true
946198,S.C. 08306006 LA CRUZ,NACIMIENTO,Estab Junji,AVENIDA LA CRUZ N? 367,Los Ángeles,-37.5016,-72.6758,true
946209,S.C. 08309001 ESPUMITA,QUILLECO,Estab Junji,LAJA S/N,Los Ángeles,-37.405,-71.9798,true
948174,08312005 LOS CIPRECES,TUCAPEL,Estab Junji,LOS MAITENES S/N,Los Ángeles,-37.289484,-71.953382,true
948175,08305006 VILLA LA GRANJA,MULCHEN,Estab Junji,LAS ARAUCARIAS 850. VILLA LA GRANJA,Los Ángeles,-37.731121,-72.236227,true
948191,S.C. 08310001 MICHEL BACHELET,SAN ROSENDO,Estab Junji,25 DE OCTUBRE S/N,Los Ángeles,-37.265847,-72.72667,true
948201,08311014 RONDA DE NINOS Y NINAS,SANTA BARBARA,Estab Junji,SECTOR LOS BOLDOS,Los Ángeles,-37.643599,-72.171137,true
948202,08311012 MI PEQUENO MUNDO,SANTA BARBARA,Estab Junji,RECINTO ESCUELA MARIANO PUGA VEGA LOS JUNQUIL,Los Ángeles,-37.662256,-71.865005,true
948203,08311013 MIS PRIMEROS PASOS,SANTA BARBARA,Estab Junji,LAS ROZAS N? 418,Los Ángeles,-37.663291,-72.022394,true
948209,08305008 VILLA REHUEN,MULCHEN,Estab Junji,EL MORRO N? 499,Los Ángeles,-37.728073,-72.249435,true
948234,S.C. 08309002 SORISAS DE ANGELES,QUILLECO,Estab Junji,DIEGO PORTALES N? 230,Los Ángeles,-37.40221,-72.009339,true
948236,08301030 VILLA LAS TRANQUERAS,LOS ANGELES 803,Estab Junji,EL BOLSON N? 1937,Los Ángeles,-37.460296,-72.381334,true
948276,S.C. 08301031 VILLA LOS RIOS,LOS ANGELES 802,Estab Junji,AVENIDA FERROCARRIL N? 920,Los Ángeles,-37.491113,-72.3311559999999,true
948283,08314005 COPITO DE NIEVE,ALTO BIO BIO,Estab Junji,CALLE 9 N? 110,Los Ángeles,-37.878319,-71.638762,true
950571,08304008 MANITOS PINTADAS,LAJA,Estab Junji,ESCUELA F-984 SECTOR SANTA ELENA,Los Ángeles,-37.349572,-72.534248,true
950671,JARDIN MIS DULCES PASOS,LAJA,Estab Junji,PUENTE PERALES N° 3562,Los Ángeles,-37.2627429582839,-72.7044545799413,true
950772,S.C. 08312007 RAYITO DE SOL,TUCAPEL,Estab Junji,LOS PEUMOS N?15,Los Ángeles,-37.27944,-71.826536,true
950774,S.C. 08308001 SEMILLITAS DEL FUTURO,QUILACO,Estab Junji,COLON S/N,Los Ángeles,-37.684761,-72.007071,true
950872,08309003 MANITOS MAGICAS,QUILLECO,Estab Junji,SEDE SOCIAL S/N,Los Ángeles,-37.453847,-71.979894,true
950876,08301026 LLANO BLANCO,LOS ANGELES 802,Estab Junji,KM 16 CAMINO SANTA BARBARA,Los Ángeles,-37.53,-72.178,true
950970,08305007 ALHUELEMU,MULCHEN,Estab Junji,SECTOR ALHUELEMU,Los Ángeles,-37.807392,-72.402938,true
950971,08301027 EL NOGAL,LOS ANGELES 803,Estab Junji,RARINCO NATRE KM 504 CAMINO SANTA CLARA,Los Ángeles,-37.411414,-72.308533,true
950976,08301028 EL PERAL,LOS ANGELES 802,Estab Junji,AVENIDA EL PERAL N? 800,Los Ángeles,-37.484675,-72.212291,true
995202,08301001 PRESIDENTE KENNEDY,LOS ANGELES 803,Estab Junji,LOS CANELOS N? 161,Los Ángeles,-37.470658,-72.365517,true
995203,08301002 SALA CUNA RENACER,LOS ANGELES 803,Estab Junji,COLO- COLO N? 1245,Los Ángeles,-37.47091,-72.368578,true
995204,08301003 21 DE MAYO,LOS ANGELES 802,Estab Junji,CHOLGUAGUE N? 1290,Los Ángeles,-37.4629159,-72.3612251,true
995205,08301004 EL PRINCIPITO,LOS ANGELES 802,Estab Junji,VOLCAN CALBUCO N? 393,Los Ángeles,-37.467056,-72.345648,true
995206,08311001 LAS ABEJITAS,SANTA BARBARA,Estab Junji,CARRERA N? 191,Los Ángeles,-37.66876,-72.026513,true
996356,08303001 NUBELUZ,CABRERO,Estab Junji,RECINTO ESCUELA HOGAR CHARRUA,Los Ángeles,-37.101688,-72.323014,true
998049,AGUA CRISTALINA,MULCHEN,Estab Integra,MANUEL RODRIGUEZ 440,Los Ángeles,-37.7225138,-72.2552043,true
998259,CARACOLITO,LOS ANGELES 803,Estab Integra,AVDA NAHUELBUTA 971,Los Ángeles,-37.4660534,-72.3817279,true
998260,MILLANTÚ,LOS ANGELES 802,Estab Integra,MANUEL RODRIGUEZ (SECTOR MILLANTU) 534,Los Ángeles,-37.3953537,-72.6203495,true
998261,PEQUEÑOS ARTISTAS,LOS ANGELES 802,Estab Integra,CONDELL 1015,Los Ángeles,-37.4773963,-72.3630027999999,true
998262,PIECECITOS DE NIÑO,LOS ANGELES 802,Estab Integra,HERNÁN DIAZ 1420,Los Ángeles,-37.485146,-72.338995,true
998263,MERCADITO DE SUEÑOS,LOS ANGELES 803,Estab Integra,AV.COSTANERA QUILQUE NORTE 350,Los Ángeles,-37.4655157,-72.3452784999999,true
998264,PULIHUEN,CABRERO,Estab Integra,"CARLOS VIEL, 227",Los Ángeles,-37.0846402,-72.4381006999999,true
998265,JAVIERA CARRERA,CABRERO,Estab Integra,AVDA LAS VIOLETAS 690,Los Ángeles,-37.0409026,-72.4012985,true
998266,LAS ARDILLITAS,TUCAPEL,Estab Integra,BULNES (SECTOR TUCAPEL) 262,Los Ángeles,-37.2951038,-71.9499036,true
998267,LOS CHINCOLITOS,TUCAPEL,Estab Integra,SANTA ANA (HUEPIL) S/N,Los Ángeles,-37.2408008,-71.935849,true
998269,POLCURA,TUCAPEL,Estab Integra,AV.MATTA (SECTOR POLCURA) 467,Los Ángeles,-37.287934,-71.7236033,true
998270,ISABEL RIQUELME,ANTUCO,Estab Integra,SARGENTO ALDEA S/N,Los Ángeles,-37.3298303,-71.6741565,true
998273,PICHI - RAYÉN,QUILLECO,Estab Integra,MANUEL RODRIGUEZ S/N,Los Ángeles,-37.4718126,-71.9825662,true
998274,EL PROGRESO,QUILLECO,Estab Integra,HUAQUI S/N,Los Ángeles,-37.4044779,-71.9802294,true
998276,ALASKA,SANTA BARBARA,Estab Integra,DIEGO PORTALES 498,Los Ángeles,-37.6649882,-72.0250743,true
998277,LOS COPIHUES,QUILACO,Estab Integra,COLON 450,Los Ángeles,-37.6837844,-72.0067864,true
998278,BUREO,MULCHEN,Estab Integra,BALMACEDA 851,Los Ángeles,-37.7131404,-72.2368879,true
998279,CAPERUCITA ROJA,NEGRETE,Estab Integra,AVENIDA NÉSTOR DEL RÍO 373,Los Ángeles,-37.5842183,-72.5268143,true
998280,LOS CAPULLITOS,NACIMIENTO,Estab Integra,SOR TERESA DE LOS ANDES 1408,Los Ángeles,-37.4926781,-72.6836158999999,true
998281,MI PEQUEÑO HOGAR,NACIMIENTO,Estab Integra,LA FRONTERA 750,Los Ángeles,-37.5069649,-72.6601238,true
998282,ENTRE RÍOS,LAJA,Estab Integra,MANUEL RODRIGUEZ 800,Los Ángeles,-37.2800037,-72.7023634,true
998283,LOS CASTAÑOS,SAN ROSENDO,Estab Integra,IBIETA 165,Los Ángeles,-37.2634824999999,-72.7269185,true
998284,INÉS DE SUÁREZ,YUMBEL,Estab Integra,PRADENA 1000,Los Ángeles,-37.0946281,-72.5685288,true
998286,SAN SEBASTIÁN,YUMBEL,Estab Integra,AV.PEDRO AGUIRRE CERDA S/N,Los Ángeles,-37.0990182,-72.5559686,true
6848,ESCUELA PART EL BOSQUE,LAGO RANCO,Estab Junaeb,CALCURRUPE ALTO SN,Paillaco,-40.244431,-72.219383,true
6983,COLEGIO JOSE M BALMACEDA,FUTRONO,Estab Junaeb,BALMACEDA 485FUTRONO,Paillaco,-40.13195,-72.38678,true
6984,ESCUELA RURAL NONTUELA,FUTRONO,Estab Junaeb,CAMINO A FUTRONO KM 18,Paillaco,-40.0563999999999,-72.543533,true
6986,ESC FRONTERIZA LLIFEN,FUTRONO,Estab Junaeb,CAMINO A LLIFEN KM 19,Paillaco,-40.198139,-72.258698,true
6988,ESCUELA RURAL LONCOPAN BAJO,FUTRONO,Estab Junaeb,CAMINO A LONCOPAN KM 25 ANEXO,Paillaco,-40.02206,-72.601967,true
6989,ESCUELA RURAL LOS CERRILLOS,FUTRONO,Estab Junaeb,CAMINO A LOS CERRILLOS KM 18,Paillaco,-40.122768,-72.388939,true
6991,ESCUELA RURAL ISLA HUAPI,FUTRONO,Estab Junaeb,ISLA HUAPIFUTRONO,Paillaco,-40.21471,-72.382408,true
6992,ESCUELA RURAL VISTA HERMOSA,FUTRONO,Estab Junaeb,SANTA FILOMENAFUTRONO,Paillaco,-40.098122,-72.454918,true
6996,ESCUELA RURAL PUMOL,FUTRONO,Estab Junaeb,CAMINO A PUMOL KM 7,Paillaco,-40.099949,-72.345421,true
7000,ESCUELA RURAL HUEINAHUE,FUTRONO,Estab Junaeb,HUEINAHUEFUTRONO,Paillaco,-40.31234,-71.976898,true
7003,ESCUELA RURAL CURRINE,FUTRONO,Estab Junaeb,CURRINEFUTRONO,Paillaco,-40.230221,-72.003517,true
7004,ESCUELA MARIA DEOGRACIA,FUTRONO,Estab Junaeb,BALMACEDA 280FUTRONO,Paillaco,-40.131531,-72.388977,true
7006,LICEO SAN CONRADO,FUTRONO,Estab Junaeb,PADRE LEODAGANIO 236,Paillaco,-40.128239,-72.387619,true
7009,ESCUELA PART L CHOLLINCO,FUTRONO,Estab Junaeb,CHOLLINCO SN LOS LLOLLES,Paillaco,-40.199829,-72.235321,true
7011,ESCUELA PART CHIHUIO,FUTRONO,Estab Junaeb,CHAMBRANCO CHIHUIO FUTRONO,Paillaco,-40.23288,-71.958961,true
7128,COLEGIO DE CULTURA Y DIFART,LA UNION,Estab Junaeb,MANUEL MONTT SN,Paillaco,-40.2966,-73.078735,true
7129,LICEO ABDON ANDRADE COLOMA,LA UNION,Estab Junaeb,ARTURO PRAT 369LA UNION,Paillaco,-40.29813,-73.083611,true
7130,ESCUELA LA UNION,LA UNION,Estab Junaeb,21 DE MAYO 198 ESQRAMIREZ,Paillaco,-40.29089,-73.082542,true
7131,ESCUELA PDTE JORGE ALESSANDRI,LA UNION,Estab Junaeb,RICARDO SIEGLE 231LA UNION,Paillaco,-40.303291,-73.074417,true
7132,ESCUELA DIFERENCIAL VILLA S JOSE,LA UNION,Estab Junaeb,OHIGGINS 175LA UNION,Paillaco,-40.291073,-73.084015,true
7133,ESCUELA RADIMADI,LA UNION,Estab Junaeb,ADOLFO WEIDELINER N 211,Paillaco,-40.29089,-73.082542,true
7135,ESCUELA HONORIO OJEDA V,LA UNION,Estab Junaeb,ESMERALDA 951LA UNION,Paillaco,-40.292339,-73.079422,true
7136,ESCUELA RURAL CATAMUTUN,LA UNION,Estab Junaeb,CATAMUTUN KM 22 LA UNION,Paillaco,-40.116699,-73.116699,true
7137,ESCUELA RURAL CHOROICO,LA UNION,Estab Junaeb,CHOROICOLA UNION,Paillaco,-40.29089,-73.082542,true
7138,ESCUELA RURAL PUERTO NUEVO,LA UNION,Estab Junaeb,PUERTO NUEVO KM 48 LA UNION,Paillaco,-40.241459,-72.589668,true
7140,ESCUELA RURAL LOS ESTEROS,LA UNION,Estab Junaeb,LOS ESTEROSLA UNION,Paillaco,-40.29089,-73.082542,true
7141,ESCUELA RURAL FOLLECO,LA UNION,Estab Junaeb,FOLLECO KM 20 LA UNION,Paillaco,-40.29089,-73.082542,true
7142,ESCUELA RURAL CUINCO,LA UNION,Estab Junaeb,CUINCO ALTOLA UNION,Paillaco,-40.216881,-72.669098,true
7147,ESCUELA RURAL HUILLINCO,LA UNION,Estab Junaeb,CAMINO LAS TRANCAS KM 15,Paillaco,-40.29089,-73.082542,true
7157,ESCUELA RURAL TRAIGUEN,LA UNION,Estab Junaeb,CAMINO A PTO NUEVO KM19,Paillaco,-40.29089,-73.082542,true
7158,ESCUELA RURAL CARIMANCA,LA UNION,Estab Junaeb,CAMINO A CUDICO KM 12,Paillaco,-40.29089,-73.082542,true
7160,ESCUELA RURAL FLOR MUNDACA,LA UNION,Estab Junaeb,CUDICO KM 7 LA UNION,Paillaco,-40.29089,-73.082542,true
7166,ESCUELA RURAL ALDEA CAMPESINA,LA UNION,Estab Junaeb,ALDEA CAMPESINA LA UNION,Paillaco,-40.30518,-73.058929,true
7168,ESCUELA RURAL LLANCACURA,LA UNION,Estab Junaeb,LLANCACURA KM 39 LA UNION,Paillaco,-40.29089,-73.082542,true
7170,ESCUELA RURAL MASHUE,LA UNION,Estab Junaeb,CAMINO A LLANCACURA KM 27,Paillaco,-40.29089,-73.082542,true
7172,ESCUELA RURAL PILPILCAHUIN,LA UNION,Estab Junaeb,CAMINO A LAS TRANCAS KM 25,Paillaco,-40.29089,-73.082542,true
7173,ESCUELA RURAL EL HUAPE,LA UNION,Estab Junaeb,EL HUAPELA UNION,Paillaco,-40.224529,-72.756653,true
7174,ESCUELA RURAL LOS CHILCOS,LA UNION,Estab Junaeb,CAMINO A PTO NUEVO KM 40,Paillaco,-40.29089,-73.082542,true
7178,ESCUELA RURAL HUACAHUE,LA UNION,Estab Junaeb,HUACAHUE KM 12 LA UNION,Paillaco,-40.29089,-73.082542,true
7183,COLEGIO PADRE DAMIAN,LA UNION,Estab Junaeb,MANUEL OSSA 329 LA UNION,Paillaco,-40.299389,-73.0737,true
7185,ESCUELA PART LOS AVELLANOS,LA UNION,Estab Junaeb,RAPACOLA UNION,Paillaco,-40.238991,-73.005913,true
7186,ESCUELA PART MONTES AZULES,LA UNION,Estab Junaeb,CRUCE MACAYAMASHUELA UNION,Paillaco,-40.287701,-73.080063,true
7188,ESCUELA PART TRES VENTANAS,LA UNION,Estab Junaeb,CAMINO VIEJO A VALDIVIA KM 18,Paillaco,-40.170231,-73.101799,true
7192,ESCUELA PART PUMAIHUE,LA UNION,Estab Junaeb,CAMINO A SANTA ELISA KM 27,Paillaco,-40.169868,-73.181602,true
7236,LICEO VICENTE PEREZ ROSALES,RIO BUENO,Estab Junaeb,EJERCITO LIBERTADOR SN,Paillaco,-40.336208,-72.94957,true
7237,ESCUELA RIO BUENO,RIO BUENO,Estab Junaeb,ARTURO PRAT 990RIO BUENO,Paillaco,-40.338299,-72.957779,true
7238,ESCUELA PATRICIO LYNCH,RIO BUENO,Estab Junaeb,PATRICIO LYNCH 2004RIO BUENO,Paillaco,-40.330379,-72.943176,true
7239,ESCUELA SAN JOSE DE FILUCO,RIO BUENO,Estab Junaeb,FILUCORIO BUENO,Paillaco,-40.46809,-72.724548,true
7240,ESCUELA RURAL CRUCERO,RIO BUENO,Estab Junaeb,CRUCERORIO BUENO,Paillaco,-40.41819,-72.805367,true
7242,ESCUELA RURAL VIVANCO,RIO BUENO,Estab Junaeb,VIVANCORIO BUENO,Paillaco,-40.373322,-72.617149,true
7243,ESCUELA RURAL CARIMALLIN,RIO BUENO,Estab Junaeb,CARIMALLINRIO BUENO,Paillaco,-40.55492,-72.772598,true
7244,ESCUELA RURAL COLONIA DIUMEN,RIO BUENO,Estab Junaeb,CAYURRUCARIO BUENO,Paillaco,-40.307041,-72.692543,true
7249,ESCUELA RURAL TIQUECO,RIO BUENO,Estab Junaeb,TIQUECORIO BUENO,Paillaco,-40.450809,-72.846512,true
7250,ESCUELA RURAL VALLE MANTILHUE BAJO,RIO BUENO,Estab Junaeb,MANTILHUE BAJORIO BUENO,Paillaco,-40.617088,-72.4851,true
7252,ESCUELA RURAL MANTILHUE ALTO,RIO BUENO,Estab Junaeb,MANTILHUE ALTORIO BUENO,Paillaco,-40.630489,-72.425873,true
7253,ESCUELA RURAL CURRALHUE GRANDE,RIO BUENO,Estab Junaeb,CURRALHUERIO BUENO,Paillaco,-40.511082,-72.608307,true
7256,ESCUELA RURAL FOLILCO,RIO BUENO,Estab Junaeb,FOLILCORIO BUENO,Paillaco,-40.574539,-72.652908,true
7257,ESCUELA RURAL FUTAHUENTE,RIO BUENO,Estab Junaeb,FUTAHUENTERIO BUENO,Paillaco,-40.48616,-72.629898,true
7260,ESCUELA RURAL CHAMPULLI,RIO BUENO,Estab Junaeb,CHAMPULLIRIO BUENO,Paillaco,-40.528221,-72.697884,true
7261,ESCUELA RURAL CHIRRE,RIO BUENO,Estab Junaeb,CHIRRERIO BUENO,Paillaco,-40.57653,-72.650101,true
7262,ESCUELA RURAL PISUPISUE,RIO BUENO,Estab Junaeb,PISUPISUERIO BUENO,Paillaco,-40.374409,-72.321938,true
7266,ESCUELA RURAL TRAPI,RIO BUENO,Estab Junaeb,TRAPIRIO BUENO,Paillaco,-40.401989,-72.704353,true
7268,ESCUELA RURAL CURRALHUE CHICO,RIO BUENO,Estab Junaeb,CURRALHUERIO BUENO,Paillaco,-40.48037,-72.85331,true
7273,ESCUELA RURAL EL ARRAYAN,RIO BUENO,Estab Junaeb,EL ARRAYANRIO BUENO,Paillaco,-40.601059,-72.516457,true
7279,ESCUELA LA AGUADA,RIO BUENO,Estab Junaeb,SECTOR CACHILLAHUERIO BUENO,Paillaco,-40.336521,-72.729393,true
7282,ESCUELA NUEVA LUMACO,RIO BUENO,Estab Junaeb,NUEVA LUMACORIO BUENO,Paillaco,-40.494129,-72.881577,true
7284,ESCUELA NUEVA PINDACO,RIO BUENO,Estab Junaeb,PINDACORIO BUENO,Paillaco,-40.286789,-72.78167,true
7285,ESCUELA BOQUIAL,RIO BUENO,Estab Junaeb,CURRALHUERIO BUENO,Paillaco,-40.580311,-72.664093,true
7288,ESCUELA PLAYA GRANDE,RIO BUENO,Estab Junaeb,CHISCAIHUERIO BUENO,Paillaco,-40.623611,-72.595016,true
7290,ESCUELA TREHUACO,RIO BUENO,Estab Junaeb,TREHUACORIO BUENO,Paillaco,-40.605289,-72.670349,true
7296,ESCUELA LOS AZADORES,RIO BUENO,Estab Junaeb,LOS AZADORESRIO BUENO,Paillaco,-40.524712,-72.657707,true
7297,ESCUELA SANTA ISABEL,RIO BUENO,Estab Junaeb,SANTA ISABELRIO BUENO,Paillaco,-40.53056,-72.589493,true
7298,ESCUELA EL RADAL,RIO BUENO,Estab Junaeb,FOLILCORIO BUENO,Paillaco,-40.443272,-72.652893,true
7299,LICEO ANTONIO VARAS BASICA,LAGO RANCO,Estab Junaeb,SANTIAGO 320 LAGO RANCO,Paillaco,-40.32111,-72.47612,true
7301,ESCUELA RURAL ILIHUE,LAGO RANCO,Estab Junaeb,CAMINO A RININAHUE KM 10,Paillaco,-40.323448,-72.377411,true
7302,ESCUELA RURAL PITRENO,LAGO RANCO,Estab Junaeb,PITRENOLAGO RANCO,Paillaco,-40.327709,-72.317482,true
7303,ESCUELA RURAL RININAHUE,LAGO RANCO,Estab Junaeb,RININAHUE BAJO KM 28,Paillaco,-40.318489,-72.209412,true
7304,ESCUELA RURAL CALCURRUPE,LAGO RANCO,Estab Junaeb,CALCURRUPE BAJOLAGO RANCO,Paillaco,-40.235401,-72.250587,true
7305,ESCUELA RURAL ILLAHUAPI,LAGO RANCO,Estab Junaeb,ILLAHUAPELAGO RANCO,Paillaco,-40.27153,-72.310631,true
7306,ESCUELA RURAL QUILLIN,LAGO RANCO,Estab Junaeb,PUERTO LAPIQUILLIN KM 8,Paillaco,-40.28561,-72.544601,true
7307,ESCUELA RURAL ENSENADA,LAGO RANCO,Estab Junaeb,CAMINO ILLAHUAPI KM 46,Paillaco,-40.2794,-72.267776,true
7308,ESCUELA RURAL LAS JUNTAS,LAGO RANCO,Estab Junaeb,LA JUNTALAGO RANCO,Paillaco,-40.25544,-72.650398,true
7309,ESCUELA RURAL PITRIUCO,LAGO RANCO,Estab Junaeb,PITRIUCOLAGO RANCO,Paillaco,-40.28009,-72.618393,true
7312,ESCUELA PART CARRAN,LAGO RANCO,Estab Junaeb,POCURA RININAHUELAGO RANCO,Paillaco,-40.339321,-72.10302,true
7314,ESCUELA PART LOS GUINDOS,LAGO RANCO,Estab Junaeb,RUPUMEICA ALTOLAGO RANCO,Paillaco,-40.35677,-71.9851,true
7315,ESCUELA PART RUPUMEICA,LAGO RANCO,Estab Junaeb,RUPUMEICALAGO RANCO,Paillaco,-40.321072,-71.967537,true
7316,ESCUELA PART POCURA,LAGO RANCO,Estab Junaeb,POCURA RININAHUE LAGO RANCO,Paillaco,-40.344501,-72.107422,true
7318,ESCUELA PART HUEIMEN,LAGO RANCO,Estab Junaeb,HUEIMEN KM 2 LAGO RANCO,Paillaco,-40.36013,-72.46209,true
11547,ESCUELA NOLGUEHUE,RIO BUENO,Estab Junaeb,NOLGUEHUERIO BUENO,Paillaco,-40.491589,-72.786186,true
11582,ESCUELA PART FOLLECO ALTO,LA UNION,Estab Junaeb,FOLLECO ALTO KM 22 LA UNION,Paillaco,-40.175621,-73.003487,true
11584,LOS GRILLITOS,FUTRONO,Estab Integra,PADRE LEODEGARIO S/N,Paillaco,-40.1232359,-72.3862097,true
11591,LICEO RURAL LLIFEN,FUTRONO,Estab Junaeb,CAMINO A LLIFEN KM 19,Paillaco,-40.198139,-72.258698,true
12188,ESCUELA CERRO ALEGRE,RIO BUENO,Estab Junaeb,MANTILHUE BAJORIO BUENO,Paillaco,-40.613129,-72.406998,true
22016,ESCUELA PART CARRAN CHICO,LAGO RANCO,Estab Junaeb,CARRAN CHICO FUTRONO,Paillaco,-40.299271,-72.092247,true
22077,ESCUELA PART LLAQUITO,LA UNION,Estab Junaeb,CAMINO LAS TRANCAS KM 27,Paillaco,-40.338631,-73.257042,true
22125,ESCUELA PART COMUY,LAGO RANCO,Estab Junaeb,CALCURRUPE ALTO SN,Paillaco,-40.249168,-72.198738,true
22140,LICEO INDUST RICARDO FENNER R,LA UNION,Estab Junaeb,SAN JAVIER KM 7,Paillaco,-40.313129,-73.000214,true
22148,ESCUELA PART EL PARQUE,RIO BUENO,Estab Junaeb,EL PARQUE,Paillaco,-40.56292,-72.73423,true
22153,ESC PART ESTRELLA SOLITARIA,LAGO RANCO,Estab Junaeb,POCURA ALTO SECTOR DE RININAHUE,Paillaco,-40.376511,-72.107147,true
22158,ESCUELA PART EL PRADO,LA UNION,Estab Junaeb,AUQUINCO LA UNION,Paillaco,-40.255901,-72.948174,true
22159,ESCUELA PART EL MINERO,RIO BUENO,Estab Junaeb,EL MINERO,Paillaco,-40.497311,-72.533699,true
22207,ESCUELA PART SAN SEBASTIAN,LA UNION,Estab Junaeb,CUINCO ALTO,Paillaco,-40.194309,-72.615982,true
22225,ESCUELA PART CHAQUIAN,LA UNION,Estab Junaeb,CAMINO A SANTA ELISA KM 13,Paillaco,-40.19622,-73.079262,true
22228,ESCUELA PARTICULAR AYELEN,LA UNION,Estab Junaeb,LOS ESTEROS SECTOR NISCON,Paillaco,-40.295719,-73.083,true
22240,ESCUELA PARVULOS LOS PUMITAS,FUTRONO,Estab Junaeb,BALMACEDA SN,Paillaco,-40.130585,-72.390045,true
22277,COLEGIO NACIONAL DE LA UNION,LA UNION,Estab Junaeb,CAUPOLICAN N 970,Paillaco,-40.29932,-73.074516,true
22280,COLEGIO PART ALONSO DE ERCILLA,FUTRONO,Estab Junaeb,SECTOR RURAL CURRINE SN,Paillaco,-40.21722,-71.998611,true
22337,ESC PART LOS CASTANOS,FUTRONO,Estab Junaeb,LOS CIPRESES N 500,Paillaco,-40.12162,-72.388947,true
22349,ESCUELA PART SICHAHUE,FUTRONO,Estab Junaeb,SECTOR CHISCAIHUE A 7 KM DE LLIFEN,Paillaco,-40.20956,-72.174873,true
22352,ESCUELA PART DESPERTAR,RIO BUENO,Estab Junaeb,VILLA RALICURA SN,Paillaco,-40.341869,-72.992844,true
22354,ESCUELA EL MAITEN BASICA,LA UNION,Estab Junaeb,SECTOR LOS PELLINES N 491,Paillaco,-40.306862,-73.086807,true
22414,ESCUELA PAMPA RIOS,RIO BUENO,Estab Junaeb,SECTOR URBANO,Paillaco,-40.33886,-72.948257,true
22445,CENTRO DE EDUC DE ADULTOS ELIER,LA UNION,Estab Junaeb,SECTOR RURAL SANTA CRUZ,Paillaco,-40.30125,-73.13982,true
22446,CENTRO EDUCACIONAL INTEGRADO PROFASOC,RIO BUENO,Estab Junaeb,PATRICIO LYNCH N 1196,Paillaco,-40.331173,-72.95494,true
22458,ESCUELA CELIPRAS,RIO BUENO,Estab Junaeb,PANGUIPULLI,Paillaco,-40.33514,-72.957848,true
22495,ESC PART CARDENAL RAUL SILVA H,RIO BUENO,Estab Junaeb,SECTOR URBANO,Paillaco,-40.33329,-72.949303,true
22503,COLEGIO AGUILAS DEL SUR,LA UNION,Estab Junaeb,CAUPOLICAN 970,Paillaco,-40.299484,-73.07504,true
22552,ESCUELA PART SAGRADA FAMILIA,FUTRONO,Estab Junaeb,CAMINO REUMEN FUTRONO KM24,Paillaco,-40.064732,-72.547302,true
22613,ESCUELA PART CRECER,LA UNION,Estab Junaeb,SECTOR MARIANO PARCELA COLINAS KM 6,Paillaco,-40.27927,-73.120293,true
22752,LICEO POLITECNICO WERNER GROB S,LA UNION,Estab Junaeb,SECTOR SAN JAVIER KM 9 LA UNION,Paillaco,-40.310539,-73.002357,true
22754,CENTRO EDUCATIVO HUELEMU,FUTRONO,Estab Junaeb,CALLE GERMAN RIESCO N 68 FUTRONO,Paillaco,-40.131157,-72.38579,true
22755,LICEO TECNICO PROFESIONAL RIO BUENO,RIO BUENO,Estab Junaeb,AVENIDA LOS LAURELES 1400,Paillaco,-40.341469,-72.94368,true
22758,LICEO TECNICO RURAL IGNAO BASICA,LAGO RANCO,Estab Junaeb,CALLE PRINCIPAL SN,Paillaco,-40.334129,-72.556557,true
31005,COLEGIO VIMAGIO,LA UNION,Estab Junaeb,PHILLIPI #676,Paillaco,-40.295139,-73.08606,true
40152,ESCUELA ESPECIAL MI SOL,FUTRONO,Estab Junaeb,FUTRONO,Paillaco,-40.140186,-72.385056,true
41533,CEIA LATINOAMERICANO,LAGO RANCO,Estab Junaeb,RININAHUE SECTOR MAYAY LAGO RANCO,Paillaco,-40.3298,-72.22519,true
880329,14203001 J ALKALITOS,LAGO RANCO,Estab Junji,ILLAHUAPE LAGO RANCO,Paillaco,-40.272055,-72.311335,true
880427,14203002 J TRENTRENCO,LAGO RANCO,Estab Junji,ILIHUE,Paillaco,-40.32374,-72.377363,true
882128,14201011 PMI LOS PUMITAS,LA UNION,Estab Junji,ESCUELA PARTICULAR PUMAIHUE,Paillaco,-40.170116,-73.182124,true
882534,J.S.R. CHAMPULLI,RIO BUENO,Estab Integra,SEDE SOCIAL JUNTA DE VECINOS CHAMPULLI S/N,Paillaco,-40.5300665,-72.6984007,true
882545,JARDIN ESTACIONAL PAMPA RIO,RIO BUENO,Estab Junji,SECTOR URBANO,Paillaco,-40.3336,-72.9559,true
883085,14204021 TRAPI,RIO BUENO,Estab Junji,TRAPI S/N?,Paillaco,-40.402376,-72.705252,true
883087,14201013 ERIKIN,LA UNION,Estab Junji,CHOROICO S/N?,Paillaco,-40.206549,-72.915296,true
883095,14201014 JARDIN FCO JOSE BODE,LA UNION,Estab Junji,ARTURO PRAT N?293,Paillaco,-40.299114,-73.084397,true
883100,14202007 CECI PUMOL,FUTRONO,Estab Junji,ESCUELA RURAL PUMOL,Paillaco,-40.09967,-72.345998,true
884636,PINTITAS DE AYELÉN,RIO BUENO,Estab Integra,AVDA BALMACEDA S/N,Paillaco,-40.3380374,-72.9509452,true
884891,14201015 J I RENACER DEL BOSQUE (MASHUE),LA UNION,Estab Junji,SECTOR MASHUE,Paillaco,-40.311349,-73.335572,true
886051,14201016 J I LOS ESTEROS,LA UNION,Estab Junji,SECTOR RURAL LOS ESTEROS,Paillaco,-40.211278,-72.791142,true
886056,14204027 PMI GOTITAS DE LECHE,RIO BUENO,Estab Junji,FILUCO S/N,Paillaco,-40.506016,-72.699571,true
886149,HUELLITAS DEL RANCO,FUTRONO,Estab Integra,LOS CARRERA 12,Paillaco,-40.129606,-72.3909114,true
886684,14204030 CASH LOS PUYESITOS (MANTILHUE ALTO),RIO BUENO,Estab Junji,ESCUELA RURAL MANTILHUE ALTO,Paillaco,-40.6201616,-72.4856888,true
886686,14201017 J I FOLLECO,LA UNION,Estab Junji,SECTOR RURAL DE FOLLECO,Paillaco,-40.195432,-72.996125,true
886842,14204031 J I AYELEN MAPU (CARIMALLIN),RIO BUENO,Estab Junji,SECTOR CARIMALLIN,Paillaco,-40.554828,-72.773414,true
886846,14201018 J I CLASICO TRAIGUEN,LA UNION,Estab Junji,SECTOR RURAL TRAIGUEN S/N,Paillaco,-40.27663,-72.884316,true
886847,14203007 J I CALLE OSORNO,LAGO RANCO,Estab Junji,CALLE OSORNO N?512,Paillaco,-40.325009,-72.483229,true
886849,14204028 MIRAFLORES,RIO BUENO,Estab Junji,CALLE MIRAFLORES,Paillaco,-40.334034,-72.962689,true
886850,14204020 CASH GOTITAS DE AMOR(EX RAYITO DE LUZ),RIO BUENO,Estab Junji,SEDE SOCIAL 12 TREHUACO,Paillaco,-40.6049662226153,-72.6703894451319,true
888252,14202008 CLASICO FUTRONO URBANO,FUTRONO,Estab Junji,PEDRO DE VALDIVIA NA°900,Paillaco,-40.134527,-72.380356,true
888550,J.S.R.TRINGLO,LAGO RANCO,Estab Integra,--,Paillaco,,,true
889074,LICEO ANTONIO VARAS ANEXO (MEDIA),LAGO RANCO,Estab Junaeb,SANTIAGO 320,Paillaco,-40.3219254,-72.4800317,true
889075,LICEO TECNICO RURAL IGNAO ANEXO (MEDIA),LAGO RANCO,Estab Junaeb,CALLE PRINCIPAL S/N,Paillaco,-40.3325936,-72.5538287,true
889076,ESCUELA EL MAITEN PREBASICA,LA UNION,Estab Junaeb,SECTOR LOS PELLINES N 491,Paillaco,-40.3071091306461,-73.08734470941,true
889118,ORATORIO MARIANO,LAGO RANCO,Estab Junaeb,FUNDO CARRAN NILAHUE,Paillaco,,,true
930068,14204003 CARRUSEL,RIO BUENO,Estab Junji,AVDA LOS LAURELES ESQ LOS ULMOS P PA TADEO,Paillaco,-40.33803,-72.939786,true
947741,14201003 SEMILLITAS,LA UNION,Estab Junji,TERESA CARVALLO S/N POB IRENE DAIBER,Paillaco,-40.307386,-73.072352,true
947745,14204004 LAS AZUCENAS,RIO BUENO,Estab Junji,LOS JAZMINES N? 1735 POB MANUEL BALMACEDA,Paillaco,-40.339818,-72.94654,true
947759,14201004 VISTA HERMOSA,LA UNION,Estab Junji,CALLE HORACIO ONATE N? 1425 VISTA HERMOSA,Paillaco,-40.286236,-73.080628,true
947760,14202004 LAS ORUGUITAS,FUTRONO,Estab Junji,EL LAUREL S/N,Paillaco,-40.104938,-72.505455,true
948015,14202003 RAYEN UNELFE,FUTRONO,Estab Junji,SECTOR RURAL MAIHUE,Paillaco,-40.251749,-72.01732,true
949282,14203004 LOS BROTECITOS DE IGNAO,LAGO RANCO,Estab Junji,PUERTO VARAS N? 112,Paillaco,-40.331825,-72.554129,true
949284,14201007 CREANDO SUENOS,LA UNION,Estab Junji,PSJE TRINIDAD N? 1640 POB LOS LAGOS 2,Paillaco,-40.296824,-73.065184,true
949390,14202006 SEMILLITAS DEL EDEN,FUTRONO,Estab Junji,ESCUELA FRONTERIZA LLIFEN KM 19,Paillaco,-40.197952,-72.260033,true
949391,14203005 J I Y S C RAYITO DE SOL,LAGO RANCO,Estab Junji,CAMINO VECINAL SECTOR RURAL,Paillaco,-40.309202,-72.226927,true
949397,14204012 S C CAYURRUCA,RIO BUENO,Estab Junji,CAYURRUCA S/N,Paillaco,-40.307044,-72.692994,true
950582,14201008 VILLA CAUPOLICAN,LA UNION,Estab Junji,PADRE HURTADO S/N,Paillaco,-40.305005,-73.062372,true
950681,14204011 PADRE HURTADO,RIO BUENO,Estab Junji,PROLOGACI?N CALLE LOS LAURELES,Paillaco,-40.330727,-72.93965,true
950682,14201009 RETONO DE LOS RIOS,LA UNION,Estab Junji,ENRIQUE LARRE S/N,Paillaco,-40.286377,-73.078176,true
950781,14201010 LOS CARINOSITOS,LA UNION,Estab Junji,CAMINO PUERTO YANEZ,Paillaco,-40.250152,-72.579869,true
990037,ACOGIDA,LA UNION,Estab Integra,CARLOS BOETHER S/N,Paillaco,-40.3046864,-73.0734739,true
996490,14203003 PICHILAMIEN (MUJER CHIQUITA),LAGO RANCO,Estab Junji,ESCUELA PITRIUCO,Paillaco,-40.280342,-72.619172,true
998424,BLANCA NIEVES,LA UNION,Estab Integra,PASAJE TINEOS ESQUINA CALLE LOS LAURELES S/N,Paillaco,-40.3066886,-73.0813447,true
998425,MANITOS CONTENTAS,LA UNION,Estab Integra,ARTURO PRAT 1775,Paillaco,-40.2822034,-73.0753241,true
998426,ARCOÍRIS,RIO BUENO,Estab Integra,PJE 14 690,Paillaco,-40.3345874,-72.9673178,true
998427,ROJA FLOR,RIO BUENO,Estab Integra,PJE 1 48,Paillaco,-40.3364301,-72.9441474,true
998428,PULGARCITO,RIO BUENO,Estab Integra,BAQUEDANO 805,Paillaco,-40.3375269,-72.9407778,true
998429,RUCANTU,LAGO RANCO,Estab Integra,ANTOFAGASTA 219,Paillaco,-40.3225245,-72.4801868,true
2102,LICEO TECNICO DE RANCAGUA,RANCAGUA,Estab Junaeb,AVDA CACHAPOAL 160,Rancagua,-34.176361,-70.742317,true
2103,LICEO INDUSTRIAL PSDTE. PEDRO AGUIRRE CERDA,RANCAGUA,Estab Junaeb,AVDA VICTORIA SN,Rancagua,-34.16912,-70.723778,true
2104,LICEO COMERCIAL DIEGO PORTALES,RANCAGUA,Estab Junaeb,ALMARZA 971,Rancagua,-34.176239,-70.739059,true
2105,ERNESTO PINTO LAGARRIGUE,RANCAGUA,Estab Junaeb,AVDA REPUBLICA DE CHILE 255,Rancagua,-34.154991,-70.735352,true
2109,LICEO DE NINAS MARIA LUISA BOM,RANCAGUA,Estab Junaeb,PLAZA DE LOS HEROES 475,Rancagua,-34.17044,-70.741074,true
2110,LICEO OSCAR CASTRO Z,RANCAGUA,Estab Junaeb,ALMARZA 410,Rancagua,-34.170921,-70.738097,true
2111,LICEO JOSE VICTORINO LASTARRIA,RANCAGUA,Estab Junaeb,ALMARZA 1013,Rancagua,-34.17776,-70.739723,true
2112,COLEGIO MOISES MUSSA,RANCAGUA,Estab Junaeb,OCARROL 868,Rancagua,-34.170631,-70.748009,true
2114,COLEGIO MARCELA PAZ,RANCAGUA,Estab Junaeb,ALMARZAR 1029,Rancagua,-34.178009,-70.739517,true
2115,COLEGIO RENE SCHNEIDER CHEREAU,RANCAGUA,Estab Junaeb,J M DE ROZAS 0981,Rancagua,-34.16362,-70.719703,true
2116,COLEGIO EDUARDO DE GEYTER,RANCAGUA,Estab Junaeb,ITALIA 582,Rancagua,-34.16116,-70.740928,true
2118,COLEGIO ESPANA,RANCAGUA,Estab Junaeb,ALMARZA 1045,Rancagua,-34.17804,-70.739448,true
2119,COLEGIO MANUEL RODRIGUEZ,RANCAGUA,Estab Junaeb,AVDA MIGUEL RAMIREZ 1195,Rancagua,-34.174518,-70.70826,true
2120,COLEGIO MINERAL EL TENIENTE,RANCAGUA,Estab Junaeb,ARTURO ARANCIBIA 764,Rancagua,-34.175941,-70.717339,true
2121,COLEGIO REPUBLICA ARGENTINA,RANCAGUA,Estab Junaeb,OCARROL 850,Rancagua,-34.171082,-70.74791,true
2122,COLEGIO EL COBRE,RANCAGUA,Estab Junaeb,RAPEL 4 N 937,Rancagua,-34.152859,-70.744536,true
2123,INSTITUTO TECNOLOGICO MINERO BERNARDO O?HIGGINS,RANCAGUA,Estab Junaeb,GRAL CUEVAS 0455,Rancagua,-34.17089,-70.730087,true
2124,LICEO INTEGRADO LIBERTADOR SIMON BOLIVAR,RANCAGUA,Estab Junaeb,AVDA GRAL BAQUEDANO 390,Rancagua,-34.16774,-70.759193,true
2125,COLEGIO PABLO GARRIDO,RANCAGUA,Estab Junaeb,LORD COCHRANE 637,Rancagua,-34.188591,-70.730537,true
2126,COLEGIO JOSE A MANSO DE VELASCO Y S,RANCAGUA,Estab Junaeb,CHORRILLOS 1072,Rancagua,-34.15224,-70.740112,true
2129,AURORA DE CHILE,RANCAGUA,Estab Junaeb,CALDERON 24,Rancagua,-34.167011,-70.730728,true
2131,COLEGIO CARLOS MIRANDA MIRANDA,RANCAGUA,Estab Junaeb,BUERAS 0356,Rancagua,-34.177479,-70.746758,true
2132,COLEGIO PATRICIO MEKIS,RANCAGUA,Estab Junaeb,J MARTINEZ DE ROZAS 658,Rancagua,-34.158951,-70.723892,true
2133,COLEGIO DR. RICARDO OLEA GULDEMONT,RANCAGUA,Estab Junaeb,AVDA GENERAL BULNES 219,Rancagua,-34.178977,-70.740631,true
2134,LICEO COMERCIAL B34 JORGE ALESSANDRI R,RANCAGUA,Estab Junaeb,ITALIA 608,Rancagua,-34.161518,-70.741829,true
2135,COLEGIO JEAN PIAGET,RANCAGUA,Estab Junaeb,"21 DE MAYO 340, POB. LOURDES",Rancagua,-34.171829,-70.759079,true
2136,COLEGIO ISABEL RIQUELME,RANCAGUA,Estab Junaeb,FREIRE 810,Rancagua,-34.175789,-70.736069,true
2138,ESCUELA ALBERTO BLEST GANA,RANCAGUA,Estab Junaeb,CARLOS MIRANDA 248,Rancagua,-34.19442,-70.742767,true
2139,COLEGIO VIRGINIA BRAVO,RANCAGUA,Estab Junaeb,CAMINO CHANCON KM 12,Rancagua,-34.101521,-70.808701,true
2140,COLEGIO AUGUSTO DHALMAR,RANCAGUA,Estab Junaeb,CAMINO VIEJO LA CIA KM 3,Rancagua,-34.153481,-70.703789,true
2143,COLEGIO HERMANOS CARRERA,RANCAGUA,Estab Junaeb,ILLANES 0345,Rancagua,-34.14703,-70.723038,true
2145,COLEGIO MARTA BRUNET,RANCAGUA,Estab Junaeb,CAMINO PUBLICO KM 7,Rancagua,-34.17778,-70.830208,true
2146,COLEGIO MANUEL ROJAS,RANCAGUA,Estab Junaeb,SANTA JULIA SN,Rancagua,-34.182159,-70.754417,true
2147,COLEGIO PDTE JOSE MANUEL BALMACEDA,RANCAGUA,Estab Junaeb,CAMINO VIEJO A GRANEROS KM 2,Rancagua,-34.151409,-70.766578,true
2155,COLEGIO WHIPPLE SCHOOL,RANCAGUA,Estab Junaeb,ALAMEDA BDO OHIGGINS 268,Rancagua,-34.165889,-70.73806,true
2160,ESCUELA JULIO VALENZUELA,RANCAGUA,Estab Junaeb,BALMACEDA 400,Rancagua,-34.162731,-70.730461,true
2162,COLEGIO ADVENTISTA,RANCAGUA,Estab Junaeb,ARAUCANA N° 560,Rancagua,-34.17729,-70.72345,true
2164,COLEGIO GABRIELA MISTRAL N 31,RANCAGUA,Estab Junaeb,GERMAN RIESCO 206,Rancagua,-34.136809,-70.740356,true
2165,NINO JESUS DE PRAGA,RANCAGUA,Estab Junaeb,BALMACEDA 180,Rancagua,-34.163688,-70.730377,true
2182,COLEGIO PARTICULAR MANZANAL,RANCAGUA,Estab Junaeb,CLAUDIO MATTE 635,Rancagua,-34.177891,-70.721619,true
2246,ESCUELA DE EDUCACION ESPECIAL,MACHALI,Estab Junaeb,CASTRO 300,Rancagua,-34.183792,-70.649246,true
2247,COLEGIO GABRIELA MISTRAL,MACHALI,Estab Junaeb,CASTRO 300,Rancagua,-34.183182,-70.649742,true
2248,ESCUELA GRAL OSCAR BONILLA,MACHALI,Estab Junaeb,ARTURO PRAT 289,Rancagua,-34.177608,-70.651489,true
2249,COLEGIO LOS LLANOS,MACHALI,Estab Junaeb,PAULA JARAQUEMADA 101,Rancagua,-34.16634,-70.649483,true
2250,COLEGIO SANTA TERESA DE LOS ANDES,MACHALI,Estab Junaeb,LAS LILAS 450,Rancagua,-34.17944,-70.688605,true
2251,COLEGIO BELLAVISTA,MACHALI,Estab Junaeb,JOHN KENNEDY NÂ° 178,Rancagua,-34.199379,-70.533737,true
2255,ESCUELA SAN JOAQUIN DE LOS MAYOS,MACHALI,Estab Junaeb,CARRETERA EL COBRE KM 5,Rancagua,-34.19936,-70.715012,true
2257,ESCUELA CHACAYES,MACHALI,Estab Junaeb,CHACAYES KM 43,Rancagua,-34.264511,-70.466697,true
2258,SAN LORENZO,MACHALI,Estab Junaeb,POBL CENTRAL 34 EDIF 34 CMPTO,Rancagua,-34.20525,-70.525108,true
2259,ARTURO PRAT,MACHALI,Estab Junaeb,SAN JUAN 291,Rancagua,-34.182029,-70.64946,true
2262,ESCUELA MARIA VILLALOBOS ARTEAGA,OLIVAR,Estab Junaeb,MANUEL OLEGARIO SOTO 389,Rancagua,-34.209781,-70.815552,true
2263,ESCUELA GULTRO,OLIVAR,Estab Junaeb,CAMINO TERMAS DE CAUQUENES KM,Rancagua,-34.201302,-70.757889,true
2264,ESCUELA NUESTRA SRA DE LA MERCED,OLIVAR,Estab Junaeb,CAMINO A COINCO KM 8,Rancagua,-34.232979,-70.876953,true
2265,ESCUELA BERTA SAAVEDRA SEGURA,REQUINOA,Estab Junaeb,PABLO RUBIO 395,Rancagua,-34.282871,-70.815758,true
2266,ESCUELA CAMPO LINDO,REQUINOA,Estab Junaeb,AVDA EL ABRA KM 4,Rancagua,-34.276241,-70.841164,true
2267,ESC. REPUBLICA DE FRANCIA,REQUINOA,Estab Junaeb,MANUEL RODRIGUEZ SN,Rancagua,-34.226329,-70.784813,true
2268,ESCUELA SANTA AMALIA,REQUINOA,Estab Junaeb,SANTA AMALIA,Rancagua,-34.3027,-70.811072,true
2271,ESCUELA SUECIA,REQUINOA,Estab Junaeb,C. PUBLICO KM 7 TOTIHUE,Rancagua,-34.336261,-70.765244,true
2274,ESCUELA LA PIMPINELA,REQUINOA,Estab Junaeb,LA PIMPINELA S/N PMI,Rancagua,-34.333939,-70.723549,true
2275,ESCUELA DAVID DEL CURTO,REQUINOA,Estab Junaeb,LONGITUDUNAL SUR KM 100,Rancagua,-34.26532,-70.805321,true
2278,LICEO SAN JOSE,REQUINOA,Estab Junaeb,CAUPOLICAN N 109,Rancagua,-34.285099,-70.819312,true
2279,ESCUELA CANADA,REQUINOA,Estab Junaeb,ROMA 125,Rancagua,-34.280548,-70.82383,true
2280,LICEO POLIT TOMAS MARIN DE POVEDA,RENGO,Estab Junaeb,CONDELL 22,Rancagua,-34.409248,-70.861366,true
2282,ESCUELA BASICA LO DE LOBO,RENGO,Estab Junaeb,LO DE LOBO,Rancagua,-34.339199,-70.860489,true
2283,LICEO LUIS URBINA FLORES,RENGO,Estab Junaeb,ALONSO DE ERCILLA 51,Rancagua,-34.403728,-70.855827,true
2284,COLEGIO LA PAZ,RENGO,Estab Junaeb,MANUEL SOLIS 97,Rancagua,-34.40517,-70.860001,true
2285,ESCUELA MANUEL FRANCISCO CORREA MORENO,RENGO,Estab Junaeb,SAN IGNACIO SN,Rancagua,-34.349579,-70.837883,true
2286,ESCUELA LUIS GALDAMES,RENGO,Estab Junaeb,ARTURO PRAT 1028,Rancagua,-34.400841,-70.855942,true
2288,COLEGIO CARLOS CONDELL,RENGO,Estab Junaeb,CARLOS CONDELL 427,Rancagua,-34.4123,-70.863197,true
2289,ESCUELA REPUBLICA DE ALEMANIA,RENGO,Estab Junaeb,AVDA BISQUERT 262,Rancagua,-34.41478,-70.850821,true
2291,ESCESP TERESA L NARETTO DE NICOLETTI,RENGO,Estab Junaeb,CARLOS CONDELL 900,Rancagua,-34.408195,-70.853668,true
2292,ESCUELA VICENTE HUIDOBRO,RENGO,Estab Junaeb,GUACOLDA SN,Rancagua,-34.41399,-70.858887,true
2293,ESCUELA LOS CHOAPINOS,RENGO,Estab Junaeb,LONGITUDINAL SUR KM 105,Rancagua,-34.32508,-70.833153,true
2294,ESCUELA COLONIA ESMERALDA,RENGO,Estab Junaeb,CAMINO PUBLICO KM 14,Rancagua,-34.330959,-70.900261,true
2296,ESCUELA LO CARTAGENA,RENGO,Estab Junaeb,LO CARTAGENA,Rancagua,-34.382561,-70.865959,true
2297,ESCUELA GUSTAVO BISQUERTT S,RENGO,Estab Junaeb,CAMINO LAS NIEVES KM 10,Rancagua,-34.440818,-70.780777,true
2299,ESC BASICA HUILQUIO DE EL CERRILLO,RENGO,Estab Junaeb,EL CERRILLO,Rancagua,-34.39682,-70.781891,true
2300,ESCUELA LA ISLA EMMA ESCOBAR DE LAGOS,RENGO,Estab Junaeb,ARTURO PRAT 3122,Rancagua,-34.38385,-70.845428,true
2301,ESCUELA APALTA,RENGO,Estab Junaeb,APALTA,Rancagua,-34.339981,-70.865883,true
2302,ESCUELA VICTOR NICOLETTI TAMANINI,RENGO,Estab Junaeb,CHANQUEAHUE,Rancagua,-34.415218,-70.789139,true
2304,ESCUELA VILLA DEL COBIL,RENGO,Estab Junaeb,VILLA DEL COBIL,Rancagua,-34.394989,-70.886421,true
2307,ESCUELA MARTA AVARIA SALVATIERRA,RENGO,Estab Junaeb,CAMINO LAS NIEVES KM 5,Rancagua,-34.410759,-70.813332,true
2310,ESCUELA ALCIDES REYES FRIAS,MALLOA,Estab Junaeb,LA GLORIA S/N,Rancagua,-34.444889,-70.945633,true
2311,ESCUELA PELEQUEN,MALLOA,Estab Junaeb,DOCE DE OCTUBRE SN,Rancagua,-34.463661,-70.896187,true
2312,ESCUELA PANQUEHUE,MALLOA,Estab Junaeb,LOS NARANJALES SN,Rancagua,-34.408791,-70.918792,true
2313,ESCUELA LIMAHUE,MALLOA,Estab Junaeb,LIMAHUE EL ESFUERZO,Rancagua,-34.464909,-70.92408,true
2314,ESCUELA CORCOLEN,MALLOA,Estab Junaeb,"CALLEJON DEL RIO KM 13, CORCOLEN",Rancagua,-34.40733,-71.000816,true
2319,ANEXO REPUBLICA DE ITALIA,QUINTA DE TILCOCO,Estab Junaeb,CASTRO 151,Rancagua,-34.353062,-70.964691,true
2320,ESCUELA VIOLETA FUENTES CARVAJAL,QUINTA DE TILCOCO,Estab Junaeb,LA ESTACADA,Rancagua,-34.367618,-71.028847,true
2321,ESCUELA AMPARO RAYO HORTA,QUINTA DE TILCOCO,Estab Junaeb,CARDENAL CARO SN,Rancagua,-34.353149,-71.014664,true
2322,ESCUELA LA VINILLA,SAN VICENTE,Estab Junaeb,LA VINILLA S/N,Rancagua,-34.3863185419125,-71.0554226030367,true
2324,ESCUELA JAIME FELDMAN MILLER,QUINTA DE TILCOCO,Estab Junaeb,LA VINA,Rancagua,-34.336418,-70.965378,true
2325,RAUL RAMIREZ MAYOL,QUINTA DE TILCOCO,Estab Junaeb,PUENTE ALTA,Rancagua,-34.371159,-70.981491,true
2326,COLEGIO DEL SAGRADO CORAZON DE JESUS,QUINTA DE TILCOCO,Estab Junaeb,ARGOMEDO 1694,Rancagua,-34.353859,-70.962729,true
2327,COLEGIO MUNICIPAL DE EDUCACION ESPECIAL,QUINTA DE TILCOCO,Estab Junaeb,ARGOMEDO SN,Rancagua,-34.354152,-70.96672,true
2328,ESC. ESPECIAL PAULA JARAQUEMADA,SAN VICENTE,Estab Junaeb,CARMEN GALLEGOS 191,Rancagua,-34.440727,-71.077232,true
2329,LICEO IGNACIO CARRERA PINTO - BASICA.,SAN VICENTE,Estab Junaeb,CARMEN GALLEGOS 555,Rancagua,-34.441521,-71.079399,true
2330,ESCUELA CARMEN GALLEGOS DE ROBLE,SAN VICENTE,Estab Junaeb,HORACIO ARANGUIZ N° 800,Rancagua,-34.441029,-71.07753,true
2331,CENTRO EDUCACIONAL REQUEGUA,SAN VICENTE,Estab Junaeb,CALLE VIEJA 07,Rancagua,-34.450459,-71.008591,true
2333,ESCUELA GUIDO ASSIS GONZALEZ,SAN VICENTE,Estab Junaeb,EL TAMBO COLONIA P A CERDA,Rancagua,-34.476959,-70.980652,true
2334,ESCUELA RASTROJOS,SAN VICENTE,Estab Junaeb,PARADERO 2 1/2 LOS RASTROJOS,Rancagua,-34.463638,-71.028313,true
2335,ESCUELA ENRIQUE YANEZ GONZALEZ,SAN VICENTE,Estab Junaeb,"ESC. ENRIQUE YANEZ G-143, TUNCA ABAJO",Rancagua,-34.418739,-71.116943,true
2336,ESCUELA EL LIBERTADOR,SAN VICENTE,Estab Junaeb,CALLEJONES 409 ESC. EL LIBERTADOR F-167,Rancagua,-34.438499,-71.101967,true
2338,ESCUELA JUAN BARROS ROLDAN,SAN VICENTE,Estab Junaeb,RINCONADA,Rancagua,-34.496422,-71.074059,true
2339,ESCUELA ZUÑIGA - BASICA,SAN VICENTE,Estab Junaeb,AVDA. PRINCIPAL S/N,Rancagua,-34.414928,-71.1157,true
2343,ESCUELA TOQUIHUA,SAN VICENTE,Estab Junaeb,TOQUIHUA,Rancagua,-34.3804205315453,-71.1235470206634,true
2347,ESCUELA PARROCO MIGUEL BUSTAMANTE,SAN VICENTE,Estab Junaeb,ESC. MIGUEL BUSTAMANTE PUEBLO DE INDIOS,Rancagua,-34.42998,-71.057411,true
2348,ESCUELA VIÑA TAGUATAGUA,SAN VICENTE,Estab Junaeb,VINA TAGUA TAGUA,Rancagua,-34.457321,-71.109917,true
2350,ESCUELA SAN ALBERTO DE IDAHUE,SAN VICENTE,Estab Junaeb,FUNDO IDAHUE,Rancagua,-34.3401093128701,-71.157193828736,true
2352,ESCUELA LAS PATAGUAS,SAN VICENTE,Estab Junaeb,SAN JOSE DE PATAGUAS,Rancagua,-34.5050676665372,-71.1209190980825,true
2356,COLEGIO SANTA INES,SAN VICENTE,Estab Junaeb,HORACIO ARANGUIZ 1601,Rancagua,-34.43927,-71.086472,true
2359,ESCUELA PORTEZUELO,PICHIDEGUA,Estab Junaeb,PORTEZUELO DE LARMAHUE,Rancagua,-34.413479,-71.24247,true
2360,CENTRO EDUCATIVO SIGLO XXI,PICHIDEGUA,Estab Junaeb,AVDA. IGNACIO CARRERA PINTO 104 MAL PASO,Rancagua,-34.366261,-71.265259,true
2361,ESCUELA ENRIQUE SERRANO DE VIALERIGO,PICHIDEGUA,Estab Junaeb,SANTA MARIA SN,Rancagua,-34.356171,-71.283821,true
2362,ESCUELA AMELIA LYNCH DE LYON,PICHIDEGUA,Estab Junaeb,"Camino Público Km. 10, Santa Amelia, DEL LIBERTADO",Rancagua,-34.408217,-71.301964,true
2363,ESCUELA SAN ROBERTO,PICHIDEGUA,Estab Junaeb,SAN ROBERTO,Rancagua,-34.40137,-71.366707,true
2364,ESCUELA REINO DE DINAMARCA,PICHIDEGUA,Estab Junaeb,PATAGUAS ORILLAS,Rancagua,-34.309928,-71.344292,true
2365,ESCUELA BASICA PATAGUAS CERRO,PICHIDEGUA,Estab Junaeb,PATAGUAS CERRO,Rancagua,-34.308109,-71.389183,true
2366,ESCUELA FERNANDO HUERTA PEA,PICHIDEGUA,Estab Junaeb,Camino a Pichidegua Km. 15 ( Esc. Basica Caleuche,Rancagua,-34.417332,-71.194839,true
2367,ESCUELA BASICA JOSE BERNALES CASTILLO,PICHIDEGUA,Estab Junaeb,CAMINO PUBLICO S/N PICHIDEGUA KM 21,Rancagua,-34.35754,-71.412109,true
2372,ESCUELA MUNICIPAL EL SALTO,PICHIDEGUA,Estab Junaeb,EL SALTO,Rancagua,-34.440708,-71.28791,true
2373,ESCUELA BASICA SAN JOSE,PICHIDEGUA,Estab Junaeb,"Camino A Pichidegua Km. 20, DEL LIBERTADOR BERNARD",Rancagua,-34.295859,-71.438766,true
2374,ESCUELA BASICA CALEUCHE,PICHIDEGUA,Estab Junaeb,"Camino A Pichidegua Km 15, DEL LIBERTADOR BERNARDO",Rancagua,-34.416888,-71.373161,true
2375,LICEO LATINOAMERICANO,PICHIDEGUA,Estab Junaeb,INDEPENDENCIA S/N,Rancagua,-34.361252,-71.278816,true
2378,LICEO JEAN BUCHAMAN DE LARRAIN,PEUMO,Estab Junaeb,CARMEN SN,Rancagua,-34.397629,-71.1633,true
2379,ESCUELA ANTONIO DE ZUNIGA,PEUMO,Estab Junaeb,CARMEN 09,Rancagua,-34.394748,-71.170807,true
2380,ESCUELA ALCALDE G BURMESTER,PEUMO,Estab Junaeb,"AGUAS CLARAS 707, ESQ. ESC-F-93 G. BUSMESTER",Rancagua,-34.39199,-71.183548,true
2381,ESCUELA JUAN VALDES ORTUZAR,PEUMO,Estab Junaeb,LA ESPERANZA,Rancagua,-34.305079,-71.269783,true
2384,COLEGIO ROSARIO,PEUMO,Estab Junaeb,ROSARIO DE CODAO,Rancagua,-34.343269,-71.230721,true
2386,LUIS GARCIA DE LA HUERTA,PEUMO,Estab Junaeb,CODAO,Rancagua,-34.355122,-71.216072,true
2387,ESCUELA OSVALDO RUIZ GARCIA,COLTAUCO,Estab Junaeb,AVDA BERNARDO OHIGGINS SN,Rancagua,-34.293419,-71.08908,true
2388,ESCUELA SBTTE LUIS CRUZ MARTINEZ,COLTAUCO,Estab Junaeb,PARRAL DE PUREN,Rancagua,-34.265369,-71.05497,true
2389,ESCUELA NUESTRA SEÑORA DE LORETO,COLTAUCO,Estab Junaeb,LORETO,Rancagua,-34.263939,-71.029197,true
2390,COLEGIO QUILLAYQUEN RINCONADA DE PARRAL,COLTAUCO,Estab Junaeb,RINCONADA DE PARRAL,Rancagua,-34.246971,-71.071388,true
2391,SUBTTE JULIO MONTT SALAMANCA,COLTAUCO,Estab Junaeb,MONTE GRANDE,Rancagua,-34.2798,-71.026259,true
2392,ESCUELA LUCILA GODOY ALCAYAGA,COLTAUCO,Estab Junaeb,LO ULLOA,Rancagua,-34.281872,-71.092583,true
2393,ESCUELA LO DE CUEVAS,COLTAUCO,Estab Junaeb,CAMINO PUBLICO S/N,Rancagua,-34.231339,-70.999283,true
2394,ESCUELA JOSEFINA VIAL DE VIAL,COLTAUCO,Estab Junaeb,HIJUELA DEL MEDIO,Rancagua,-34.231651,-71.039306,true
2395,ESCUELA G76,COLTAUCO,Estab Junaeb,VINA LA CRUZ,Rancagua,-34.325329,-71.146057,true
2396,ESCUELA RINCONADA DE IDAHUE,COLTAUCO,Estab Junaeb,CAMINO EL CRISTO ESC. G-79 RONCONADA IDAHUE,Rancagua,-34.292671,-71.146172,true
2397,ESC CAP IGNACIO CARRERA P,COLTAUCO,Estab Junaeb,CAP IGNACIO CARRERA PINTO SN,Rancagua,-34.27882,-71.062622,true
2398,ESC SUBTTE ARTURO PEREZ C,COLTAUCO,Estab Junaeb,IDAHUE,Rancagua,-34.318481,-71.135902,true
2400,AMADA SOFIA GARCIA,COLTAUCO,Estab Junaeb,AVDA BDO OHIGGINS 33,Rancagua,-34.294399,-71.082413,true
2401,SAN VICENTE DE PAUL,COLTAUCO,Estab Junaeb,CAMINO LOS BRONCES SN,Rancagua,-34.21405,-70.999008,true
2406,LICEO MUNICIPAL DE COINCO,COINCO,Estab Junaeb,FRANCISCO DIAZ MUNOZ 5,Rancagua,-34.26963,-70.950111,true
2407,ESCUELA CHILLEHUE,COINCO,Estab Junaeb,CHILLEHUE 813,Rancagua,-34.282761,-70.982429,true
2409,ESCUELA COPEQUEN,COINCO,Estab Junaeb,COPEQUEN,Rancagua,-34.249611,-70.926041,true
2410,ESCUELA EL RULO,COINCO,Estab Junaeb,EL RULO,Rancagua,-34.30899,-71.018837,true
2411,LICEO CLAUDIO ARRAU LEON,DONIHUE,Estab Junaeb,ERRAZURICH SN,Rancagua,-34.223689,-70.962852,true
2412,ESCUELA LAURA MATUS MELENDEZ,DONIHUE,Estab Junaeb,AVDA RANCAGUA 398,Rancagua,-34.22419,-70.968436,true
2413,ESCUELA DE PARVULOS,DONIHUE,Estab Junaeb,PASAJE DOCTOR SANHUEZA SN,Rancagua,-34.223442,-70.962059,true
2414,COLEGIO LA ISLA,DONIHUE,Estab Junaeb,LO MIRANDA,Rancagua,-34.20977,-70.903801,true
2415,ESCUELA LO MIRANDA,DONIHUE,Estab Junaeb,PEDRO AGUIRRE CERDA SN,Rancagua,-34.191521,-70.889687,true
2416,COLEGIO REPUBLICA DE CHILE,DONIHUE,Estab Junaeb,PEDRO DE MIRANDA SN,Rancagua,-34.18948,-70.881523,true
2417,ESCUELA CERRILLOS,DONIHUE,Estab Junaeb,CERRILLOS,Rancagua,-34.236621,-70.979523,true
2419,COLEGIO JULIO SILVA LAZO,DONIHUE,Estab Junaeb,RINCONADA DE DONIHUE,Rancagua,-34.211979,-70.947143,true
2420,ESCUELA PLAZUELA,DONIHUE,Estab Junaeb,SANTIAGO DROGUETT SN,Rancagua,-34.19212,-70.90976,true
2422,LICEO FRANCISCO ANTONIO ENCINA ARMANET,LAS CABRAS,Estab Junaeb,A PEREZ CANTO 720,Rancagua,-34.29343,-71.30838,true
2423,ESCUELA BASICA ROMILIO ARELLANO TRONCOSO,LAS CABRAS,Estab Junaeb,ARTURO PEREZ CANTO N° 640,Rancagua,-34.28973,-71.305458,true
2424,ESCUELA OSVALDO CORREA FUENZALIDA,LAS CABRAS,Estab Junaeb,COCALAN KM 13,Rancagua,-34.207451,-71.275673,true
2425,ESCUELA LOS AROMOS,LAS CABRAS,Estab Junaeb,EL DURAZNO KM 15,Rancagua,-34.178027,-71.363297,true
2426,ESC. CONTRAMAESTRE CONSTANTINO MICALVI,LAS CABRAS,Estab Junaeb,EL MANZANO,Rancagua,-34.178261,-71.401711,true
2427,ESCUELA MAESTRO JORGE LOPEZ OSORIO,LAS CABRAS,Estab Junaeb,"CAM. MELIPILLA KM 9, ESC. F-109, EL CARMEN",Rancagua,-34.257111,-71.383217,true
2428,ESCUELA REPUBLICA DE GRECIA,LAS CABRAS,Estab Junaeb,LLALLAUQUEN,Rancagua,-34.220421,-71.440163,true
2429,COLEGIO INES DE SUAREZ,LAS CABRAS,Estab Junaeb,SANTA INES,Rancagua,-34.09402,-71.373611,true
2432,ESCUELA VILMA ALIAGA CALDERON,LAS CABRAS,Estab Junaeb,"EL DURAZNO KM 17, ESC. G-101, LLAVERIA",Rancagua,-34.16888,-71.325042,true
2436,ESCUELA G112,LAS CABRAS,Estab Junaeb,EX INTERNADO LAS CABRAS,Rancagua,-34.209122,-71.313766,true
2437,ESCUELA TENIENTE HERNAN MERINO CORREA,LAS CABRAS,Estab Junaeb,"EL ESTERO S/N, ESC. G-115",Rancagua,-34.157058,-71.446426,true
2439,ESCUELA LA PALMERIA,LAS CABRAS,Estab Junaeb,LA PALMERIA,Rancagua,-34.201369,-71.209953,true
2440,ESCUELA VALDEBENITO,LAS CABRAS,Estab Junaeb,VALDEBENITO,Rancagua,-34.105159,-71.343628,true
2475,ESCUELA LOS MAQUIS,MALLOA,Estab Junaeb,LOS MAQUIS,Rancagua,-34.48682,-70.828132,true
11245,COLEGIO MUNICIPAL DE EDUCACION ESPECIAL,REQUINOA,Estab Junaeb,SAN JOSE 113,Rancagua,-34.28383,-70.8259,true
11248,ESCUELA ADRIANA ARANGUIZ CERDA,SAN VICENTE,Estab Junaeb,PLAZA DE PENCAHUE,Rancagua,-34.433559,-71.153801,true
11265,COLEGIO ENA BELLEMANS MONTI - BASICA,RANCAGUA,Estab Junaeb,ILLANES 1170,Rancagua,-34.152721,-70.731247,true
11284,LICEO FRANCISCO TELLO GONZALEZ,RANCAGUA,Estab Junaeb,ESTADO 365,Rancagua,-34.173046,-70.741615,true
11287,LICEO BERTA ZAMORANO LIZANA,COLTAUCO,Estab Junaeb,AV 11 DE SEPTIEMBRE,Rancagua,-34.28756,-71.082123,true
12282,JARDIN LAS ABEJITAS,QUINTA DE TILCOCO,Estab Integra,CARRIZAL,Rancagua,-34.376473,-71.056313,true
15502,INSTITUTO MONSENOR LECAROS,COLTAUCO,Estab Junaeb,ARTURO PRAT SN,Rancagua,-34.291168,-71.08197,true
15503,DUENDE MELODIA,RANCAGUA,Estab Junaeb,MUJICA 354,Rancagua,-34.165321,-70.742317,true
15528,SC BELLO HORIZONTE,RENGO,Estab Integra,SERRANO,Rancagua,-34.407951,-70.854284,true
15535,SANTA TERESA DE AVILA,RENGO,Estab Junaeb,BULNES SN,Rancagua,-34.34008,-70.835136,true
15544,COLEGIO CRIPTOCARYA ALBA,PEUMO,Estab Junaeb,VICUNA MACKENA N36,Rancagua,-34.394641,-71.166649,true
15551,ESC. DE AUDICION Y LENGUAJE CRECER,RANCAGUA,Estab Junaeb,CHORRILLOS 535,Rancagua,-34.160151,-70.741714,true
15557,FRAY AVE MARIA,RANCAGUA,Estab Junaeb,BAQUEDANO N 140,Rancagua,-34.16859,-70.75514,true
15571,ESCUELA LA PRIMAVERA,QUINTA DE TILCOCO,Estab Junaeb,ARGOMEDO 2230,Rancagua,-34.357521,-70.967911,true
15582,COLEGIO SAN MIGUEL ARCANGEL,RANCAGUA,Estab Junaeb,AVDA ENTRAL 177 P VILLA TRIANA,Rancagua,-34.176116,-70.711174,true
15583,LICEO AGRICOLA EL TAMBO,SAN VICENTE,Estab Junaeb,EL TAMBO,Rancagua,-34.47723,-70.979523,true
15588,COLEGIO SAINT GREGORYS COLLEGE,RENGO,Estab Junaeb,LAS DALIAS ESQ LOS JAZMINES,Rancagua,-34.349449,-70.841292,true
15596,INSTITUTO SAN VICENTE,SAN VICENTE,Estab Junaeb,JOSE MIGUEL CARRERA S/N,Rancagua,-34.43483,-71.080719,true
15600,COLEGIO ALBERTO HURTADO CRUCHAGA,DONIHUE,Estab Junaeb,SUBTENIENTE VALENZUELA 380,Rancagua,-34.226139,-70.968079,true
15614,ESCUELA EL NARANJAL,RENGO,Estab Junaeb,EL NARANJAL,Rancagua,-34.40549,-70.871146,true
15624,COLEGIO MISTRAL (BASICA),LAS CABRAS,Estab Junaeb,BERNARDO OHIGGINS N°1100,Rancagua,-34.290352,-71.311409,true
15627,COLEGIO SAN FRANCISCO,MACHALI,Estab Junaeb,CARRETERA EDOFREY KM 4,Rancagua,-34.19006,-70.705833,true
15628,JARDIN INFANTIL SAN FRANCISCO,RANCAGUA,Estab Junaeb,CERRO GUACARHUE 741,Rancagua,-34.149227,-70.717437,true
15632,COLEGIO SAN ANGELO,RANCAGUA,Estab Junaeb,BOMBEROS VILLALOBO 0490,Rancagua,-34.168201,-70.705833,true
15643,INSTITUTO CRISTIANO EDUMASTER COLLEGE,RANCAGUA,Estab Junaeb,CHORRILLOS 1072,Rancagua,-34.14782,-70.733559,true
15656,CENTRO TRAST. LENGUAJE LOS BRUJITOS,MACHALI,Estab Junaeb,STERESITA N 17 SAN LORENZO,Rancagua,-34.172615,-70.684209,true
15661,COLEGIO ESPECIAL DIVINA ESPERANZA,RANCAGUA,Estab Junaeb,RAMON DE VAL 1316 VILLA TRIANA,Rancagua,-34.134937,-70.73924,true
15690,COLEGIO LOS CIPRESES,DONIHUE,Estab Junaeb,LOS LAURELES 146,Rancagua,-34.198071,-70.886337,true
15696,JARDIN INFANTIL TIA MONICA,RANCAGUA,Estab Junaeb,AVDA LA COMPANIA SN,Rancagua,-34.171337,-70.720489,true
15714,ESC. TRASTORNOS DE LA COMUNICACION LA CRUZ,RANCAGUA,Estab Junaeb,AV EL SOL NRO 0631,Rancagua,-34.150973,-70.719765,true
15720,ZOILA ROSA CARREO CARREO,MALLOA,Estab Junaeb,PORTEZUELO PELEQUEN,Rancagua,-34.434058,-70.884109,true
15724,ESCUELA FERNANDA AEDO FAUNDEZ,RENGO,Estab Junaeb,PROLONGACION NUEVO AMANECER SN,Rancagua,-34.40945,-70.847992,true
15726,COLEGIO SAN SEBASTIAN SCHOOL,RANCAGUA,Estab Junaeb,URUGUAY 01114,Rancagua,-34.160438,-70.703621,true
15728,COLEGIO MUNICIPAL HUALLILEN,COINCO,Estab Junaeb,FRANCISCO DIAZ MUNOZ 5,Rancagua,-34.269241,-70.951431,true
15732,COLEGIO CRISTIANO ADONAY,RANCAGUA,Estab Junaeb,LIRCAY 1041,Rancagua,-34.15612,-70.715317,true
15740,ESCUELA DE LENGUAJE SAN ANDRES,SAN VICENTE,Estab Junaeb,ARTURO PRAT 453,Rancagua,-34.43997,-71.07151,true
15746,SAINT MORITZ COLLEGE,RANCAGUA,Estab Junaeb,CHIPANA N 190,Rancagua,-34.174339,-70.759468,true
15750,COLEGIO LAS AMERICAS,RANCAGUA,Estab Junaeb,CAMINO LA CRUZ 01479,Rancagua,-34.150188,-70.723923,true
15753,COLEGIO BENJAMIN VICUNA MACKENNA,RANCAGUA,Estab Junaeb,VIOLETA PARRA ESQ CONSTANZA SN,Rancagua,-34.150089,-70.710693,true
15759,LICEO DE MACHALI,MACHALI,Estab Junaeb,AV. ESTADIO N1200,Rancagua,-34.18314,-70.650253,true
15767,COLEGIO DIEGO PORTALES,MACHALI,Estab Junaeb,LA VINILLA 250,Rancagua,-34.1745,-70.643058,true
15768,COLEGIO SANTA FILOMENA,RANCAGUA,Estab Junaeb,LOS OLIVOS SN,Rancagua,-34.166629,-70.713638,true
15769,LICEO SANTA CRUZ DE TRIANA,RANCAGUA,Estab Junaeb,CONSTANZA SN,Rancagua,-34.150509,-70.708946,true
15775,LICEO TECNICO PROFESIONAL SANTA ROSA,RANCAGUA,Estab Junaeb,LONGITUDINAL SUR 0225,Rancagua,-34.164639,-70.72789,true
15776,COLEGIO AVE FENIX,RANCAGUA,Estab Junaeb,SEBASTIAN EL CANO 485,Rancagua,-34.171757,-70.702614,true
15780,ESCUELA ESPECIAL DE PICHIDEGUA - BASICA,PICHIDEGUA,Estab Junaeb,MALPASO LARMAGUE,Rancagua,-34.399597,-71.237274,true
15785,ESCUELA NUESTRA SRA DEL ROSARIO,RENGO,Estab Junaeb,JAIME GUZMAN EX CALLE D NRO 200,Rancagua,-34.34586,-70.83653,true
15792,COLEGIO REAL DE CAREN,MACHALI,Estab Junaeb,ARTURO PRAT 220,Rancagua,-34.16877,-70.650093,true
15798,ESC ESP DE LENGUAJE SAN FRANCISCO DE ASIS,MALLOA,Estab Junaeb,AV BERNARDO O HIGGINS 465,Rancagua,-34.445197,-70.94535,true
15809,COLEGIO OLIVAR COLLEGE,OLIVAR,Estab Junaeb,CALLE EMILIO REDARD SN,Rancagua,-34.218559,-70.818077,true
15828,COLEGIO SAN NICOLAS DE BARI,RANCAGUA,Estab Junaeb,NUEVA LITORAL 01321,Rancagua,-34.153647,-70.71907,true
15840,LICEO LOS CIPRESES,RANCAGUA,Estab Junaeb,CACERES #240,Rancagua,-34.167389,-70.738083,true
15843,LICEO INDUSTRIAL,RENGO,Estab Junaeb,HUNGRIA NÂº 100,Rancagua,-34.41124,-70.848991,true
16839,ESCUELA ESPECIAL DE LENGUAJE SAN MARCOS,SAN VICENTE,Estab Junaeb,EXEQUIEL GONZALEZ 476,Rancagua,-34.440495,-71.079201,true
20364,COLEGIO AYELEN,RANCAGUA,Estab Junaeb,camino san ramon 3403,Rancagua,-34.165081,-70.775368,true
20489,COLEGIO CIMA,COINCO,Estab Junaeb,XX,Rancagua,-34.252651,-70.885597,true
20685,VIJ. - SC. LOS GRILLITOS,RANCAGUA,Estab Junji,JOSE IGNACIO DE LA CARRERA No. 750,Rancagua,-34.17072,-70.73939,true
33723,JIV - SC PULGARCITO,RANCAGUA,Estab Junji,MACHALI N° 117 POB. IRENE,Rancagua,-34.1621,-70.74264,true
40024,LICEO TECNICO MUNICIPAL OLIVAR,OLIVAR,Estab Junaeb,EMILIO REDARD SN,Rancagua,-34.213859,-70.817145,true
40025,LICEO MUNICIPAL DE REQUINOA,REQUINOA,Estab Junaeb,PABLO RUBIO 501,Rancagua,-34.280121,-70.814635,true
40038,COLEGIO WHIPPLE SCHOOL ORIENTE,RANCAGUA,Estab Junaeb,FRAY JORGE 0651,Rancagua,-34.168221,-70.702797,true
40114,LICEO ORIENTE,RENGO,Estab Junaeb,AV LAS TORRES 250,Rancagua,-34.41264,-70.84948,true
40146,COLEGIO SAN RAMON,RANCAGUA,Estab Junaeb,PARCELA N 9 L2,Rancagua,-34.153252,-70.826622,true
40219,COLEGIO SAGRADA FAMILIA,COLTAUCO,Estab Junaeb,BERNARDO OHIGGINS 426,Rancagua,-34.29354,-71.080856,true
40237,ESCUELA ESPECIAL DE LENGUAJE ANTUPIREN,RENGO,Estab Junaeb,LOS ALMENDROS 640,Rancagua,-34.416733,-70.8615,true
40241,COLEGIO SAN JOSE,MACHALI,Estab Junaeb,CAUPOLICAN N 1,Rancagua,-34.181969,-70.650833,true
41353,JIV - JARDIN SONRISITAS DE AMOR,RENGO,Estab Junji,BALMACEDA 1347,Rancagua,-34.40862,-70.85709,true
881442,06112301 CECI Peumo Centro,PEUMO,Estab Junji,CARMEN 09,Rancagua,-34.39168,-71.18391,true
881447,06107301 JARDIN LA CEBADA,LAS CABRAS,Estab Junji,LA CEBADA S/N,Rancagua,-34.211031,-71.316269,true
881455,06107302 Valdebenito,LAS CABRAS,Estab Junji,VALDEBENITO S/N,Rancagua,-34.105036,-71.343483,true
883801,SC 06101413 J. INFANTIL y S. CUNA SAN RAMON,RANCAGUA,Estab Junji,YOLANDA MONTECINOS Nº505 VILLA SAN RAMÓN,Rancagua,-34.16015,-70.804489,true
883803,06108406 Jardin Infantil Ven Aqui­ II,MACHALI,Estab Junji,LAS CATALPAS 414 BELLAVISTA,Rancagua,-34.200778,-70.532136,true
884049,SC SEMBRANDO SUEÑOS,RANCAGUA,Estab Integra,SANDRO BOTICHELLI,Rancagua,-34.1845688330841,-70.773359,true
884338,SC PASITOS DE COLORES,RANCAGUA,Estab Integra,MONTEAGUILA,Rancagua,-34.1829342696301,-70.7634139852572,true
884451,SC 06105403 ENRIQUETA AROS,DONIHUE,Estab Junji,CABO MOENA SN,Rancagua,-34.187683,-70.889967,true
885220,06111301 JARDIN CECI OLIVAR,OLIVAR,Estab Junji,JULIO MONTT SN OLIVAR BAJO,Rancagua,-34.201263,-70.762013,true
885221,SC 06104202 J.I. AMANECER,COLTAUCO,Estab Junji,ESC. F-83 CAM. PUBLICO RINCONADA DE PARRAL,Rancagua,-34.241525,-71.067828,true
885222,06107204 PECESITOS,LAS CABRAS,Estab Junji,CALLE PEDRO DE VALDIVIA S/N,Rancagua,-34.167767,-71.400992,true
885348,06115203 JARDIN LOS CHANCHITOS,RENGO,Estab Junji,LONG. SUR KM 105 ESC. LOS CHOAPINOS F-188,Rancagua,-34.324892,-70.832706,true
885350,06111202 JARDIN I.LABORAL LOS ENANITOS,OLIVAR,Estab Junji,RAFAEL ESTRADA 250 OLIVAR ALTO,Rancagua,-34.213436,-70.814706,true
885351,06107205 J.I. MIS PRIMEROS PASOS,LAS CABRAS,Estab Junji,CAMINO PUBLICO KM 19 LLALLAUQUEN,Rancagua,-34.223758,-71.440915,true
885356,SC 06101008 JARDIN INFANTIL LOS NARANJITOS,RANCAGUA,Estab Junji,POBL. LOS NARANJOS CALLE EL SAUCE 1110,Rancagua,-34.153369,-70.711878,true
885357,SC 06108001 J.I. PIECECITOS DE NINO,MACHALI,Estab Junji,SAUZAL #1228 POBL. CALI CANTO,Rancagua,-34.170375,-70.650416,true
885358,SC 06101009 MANITOS DE COLORES,RANCAGUA,Estab Junji,PEDRO AGUIRRE CERDA 272,Rancagua,-34.160448,-70.752158,true
885495,06104103 LOS ENANITOS,COLTAUCO,Estab Junji,"CAMINO PUBLICO S/N, ESC. G-74 LO DE CUEVAS",Rancagua,-34.231475,-70.999555,true
885496,06104104 CUNCUNITA,COLTAUCO,Estab Junji,CAMINO EL CRISTO ESC. G-79 RONCONADA IDAHUE,Rancagua,-34.292397,-71.146052,true
885497,06107203 J.I.LABORAL LOS GLADIOLOS,LAS CABRAS,Estab Junji,"CAM. MELIPILLA KM 9, ESC. F-109, EL CARMEN",Rancagua,-34.256748,-71.382784,true
885499,06107202 SEMILLITAS,LAS CABRAS,Estab Junji,"EL DURAZNO KM 17, ESC. G-101, LLAVERIA",Rancagua,-34.168568,-71.324896,true
885500,06107105 LOS CARINOSITOS,LAS CABRAS,Estab Junji,"EL ESTERO S/N, ESC. G-115",Rancagua,-34.156773,-71.446449,true
885501,06109106 LOS ENANITOS,MALLOA,Estab Junji,"CALLEJON DEL RIO KM 13, CORCOLEN",Rancagua,-34.40805,-71.000691,true
885504,06113104 RABITO,PICHIDEGUA,Estab Junji,AVDA. IGNACIO CARRERA PINTO 104 MAL PASO,Rancagua,-34.367792,-71.263065,true
885505,06113105 LOS POLLITOS,PICHIDEGUA,Estab Junji,CAMINO PUBLICO S/N PICHIDEGUA KM 21,Rancagua,-34.357661,-71.412146,true
885508,06117115 PULGARCITO,SAN VICENTE,Estab Junji,"ESC. ENRIQUE YANEZ G-143, TUNCA ABAJO",Rancagua,-34.41878,-71.11658,true
885510,06117203 J.I.LABORAL EL RINCONCITOS FELIZ,SAN VICENTE,Estab Junji,"AVDA. PRINCIPAL S/N, ESC. DE ZUÃIGA",Rancagua,-34.361014,-71.099417,true
885512,06117112 RAYITO DE LUNA,SAN VICENTE,Estab Junji,ESC. G-156 TUNCA DEL MEDIO,Rancagua,-34.392211,-71.096927,true
885513,06117106 MI PEQUENO MUNDO,SAN VICENTE,Estab Junji,ESC. MIGUEL BUSTAMANTE PUEBLO DE INDIOS,Rancagua,-34.429808,-71.057319,true
885514,06117113 CLUB FELIZ,SAN VICENTE,Estab Junji,ESC. SAN ALBERTO IDAHUE,Rancagua,-34.488955,-71.201624,true
885515,06117201 JARDIN LOS ALTILLITOS,SAN VICENTE,Estab Junji,"LOS ALTILLOS PARADERO 17, ESC. G-165, REQUEGU",Rancagua,-34.447694,-71.031136,true
885516,06101208 JARDIN NUESTRA DE LOURDES,RANCAGUA,Estab Junji,"21 DE MAYO 340, POB. LOURDES",Rancagua,-34.171838,-70.759077,true
885519,06116103 JARDIN .I. LABORAL ARCO IRIS,REQUINOA,Estab Junji,"ESCUELA G-196 CRUCE TOTIHUE, PICHIGUAO",Rancagua,-34.320452,-70.829122,true
885851,SALA CUNA SEMILLITAS DEL PATAGUAL,PICHIDEGUA,Estab Integra,CAMINO PUBLICO S/N PATAGUA CERRO,Rancagua,-34.3120623,-71.38317347,true
885871,S.C. PEUMAYEN,REQUINOA,Estab Integra,"PABLO RUBIO 89, REQUINOA",Rancagua,-34.2864578542539,-70.8179934020699,true
885877,SC SEMILLAS DEL MAÑANA,RANCAGUA,Estab Integra,ESMERALDA 1061,Rancagua,-34.1584935815127,-70.746149073238,true
885878,S.C. UMUNTU,RANCAGUA,Estab Integra,O´CARROL N°39,Rancagua,-34.1716012485467,-70.7360814717657,true
885879,SC SONRISAS DE COLORES,RANCAGUA,Estab Integra,CALLE MANUEL RODRIGUEZ #635,Rancagua,-34.1873518245882,-70.7296745020727,true
885880,SC ELUNEY,DONIHUE,Estab Integra,AVENIDA ESTACIÓN S/N,Rancagua,-34.2273122841463,-70.9644278733216,true
885883,SC EL MOLINO DE COLORES,RANCAGUA,Estab Integra,AV. EL MOLINI 1910,Rancagua,-34.1807680643913,-70.7565179294354,true
886116,SC LA CASA DEL ARBOL,RENGO,Estab Integra,ARTURO PRAT N°1549,Rancagua,-34.3973564540639,-70.8510849441106,true
886118,SC LA RESERVA DE MACHALI,MACHALI,Estab Integra,LAS ACACIAS N°552 LOTE C-5,Rancagua,-34.1799046073539,-70.6855100732374,true
886160,SC MIS PRIMERAS HUELLAS,RANCAGUA,Estab Integra,PUERTAS DE FIERRO CALLE MAMA ROSA,Rancagua,-34.1743868708736,-70.7827607020731,true
886162,S.C. TRENCITO DE SUEÑOS,SAN VICENTE,Estab Integra,AVENIDA GENERAL VELASQUEZ N°60,Rancagua,-34.4385915318772,-71.0702710304135,true
886163,SC LOS ALMENDRITOS,SAN VICENTE,Estab Integra,PAPA LEON XII 1834,Rancagua,-34.4444741564915,-71.0903660717178,true
886258,06116901 JARDIN CECI PIMPINELA,REQUINOA,Estab Junji,CAMINO PUBLICO LA PIMPINELA S/N,Rancagua,-34.335939,-70.71245,true
886259,06116101 JARDIN CECI TOTIHUE,REQUINOA,Estab Junji,CAMINO TOTIHUE KM 7,Rancagua,-34.336372,-70.764872,true
886260,06107107 CECI PALMERIA,LAS CABRAS,Estab Junji,CAMINO PUBLICO KM 22,Rancagua,,,true
886266,06108201 JARDIN .I.LABORAL LOS CARINOSITOS,MACHALI,Estab Junji,19 DE SEPTIEMBRE S/N,Rancagua,-34.185481,-70.643239,true
886268,SC 06103001 J.I. LOS RULITOS,COINCO,Estab Junji,CALLE PRINCIPAL EL RULO,Rancagua,-34.308827,-71.018689,true
886696,06107001 SALA CUNA SUENOS DE ESPERANZA,LAS CABRAS,Estab Junji,RUTA H-66 SANTA INES S/N,Rancagua,-34.093198,-71.373031,true
886699,SC 06115002 J.I. SONRISITAS DE AMOR,RENGO,Estab Junji,BALMACEDA 1347,Rancagua,-34.400905,-70.84212,true
886700,SC 06114001 DULCE AVENTURA,QUINTA DE TILCOCO,Estab Junji,"ELCIRA PIZARRO 100,SECTOR LA VIÑA",Rancagua,-34.332512,-70.971422,true
886704,SC 06108003 J.I. RAYITO DE LUZ,MACHALI,Estab Junji,PAULA JARAQUEMADA S/N,Rancagua,-34.165044,-70.647356,true
887222,SCRIO DE COLORES,RANCAGUA,Estab Junji,lourdes 2641,Rancagua,-34.1820502465048,-70.7651268911703,true
887224,JARDIN MANITOS A LA OBRA,RANCAGUA,Estab Junji,san antonio 2728,Rancagua,-34.17814,-70.77873,true
887225,JARDIN SAN LUIS,COLTAUCO,Estab Junji,"CAMINO LO MARCHANT, SAN LUIS",Rancagua,-34.3000810152792,-71.0900965918789,true
887226,JARDIN LA ESPERANZA,RENGO,Estab Junji,RIO CLARO Nª2421,Rancagua,-34.3856463927054,-70.8489645317357,true
887227,SC PRIMAVERA ORIENTE,RENGO,Estab Junji,GABRELA MISTRAL No 915,Rancagua,-34.4119487971222,-70.875643345228,true
887228,JARDIN LA GAMBOINA,RANCAGUA,Estab Junji,EDMUNDO CABEZA 1950,Rancagua,-34.1576585646085,-70.7013673043822,true
887229,JARDIN MANUEL FORD,SAN VICENTE,Estab Junji,CALLE LUCIA ARRATIA 1037 VILLA MANUEL FORD,Rancagua,-34.444191868794,-71.0939169740624,true
887230,SC MANZANAL,RANCAGUA,Estab Junji,HETOR ZAMORANO 815,Rancagua,-34.1766448866456,-70.7173337757084,true
888226,JARDIN CARDENAL SILVA HENRIQUEZ,RANCAGUA,Estab Junji,COMANDANTE ARTURO ARAYA PETTERS 1326,Rancagua,-34.1609432387581,-70.6993636773946,true
888228,JARDIN SANTA ROSA,MALLOA,Estab Junji,CALLE PLAZA PELEQUEN No. 63,Rancagua,-34.4611995225983,-70.8950652605682,true
888877,ANEXO MEDIA ENA BELLEMANS MONTI,RANCAGUA,Estab Junaeb,DIEGO DE ALMAGRO N° 1109,Rancagua,-34.1529783806849,-70.7288687732381,true
888878,ANEXO ISLA EMMA ESCOBAR,RENGO,Estab Junaeb,CHORRILLOS 150,Rancagua,-34.38385,-70.845428,true
888879,ANEXO ESCUELA GULTRO,OLIVAR,Estab Junaeb,CAMINO TERMAS DE CAUQUENES S/N,Rancagua,-34.2026280235111,-70.7568207711644,true
889025,06104002 PARRAL DE PUREN,COLTAUCO,Estab Junji,AVDA. QUILLAQUEN S/N,Rancagua,-34.2656773996602,-71.0576988576711,true
889056,ANEXO LICEO MUN REPUB DE ITALIA (MEDIA),QUINTA DE TILCOCO,Estab Junaeb,AVDA JAIME BARRIENTOS SOTO 303,Rancagua,-34.3521598328997,-70.9648515766895,true
889057,ANEXO LICEO SAN JOSE (NUEVO),REQUINOA,Estab Junaeb,PABLO RUBIO 66,Rancagua,-34.2867693144279,-70.8175349140746,true
889058,ANEXO COLEGIO MISTRAL - TRANSICION,LAS CABRAS,Estab Junaeb,BERNARDO OHIGGINS 942,Rancagua,-34.2895549203012,-71.3130938429096,true
889059,ANEXO COLEGIO GABRIELA MISTRAL - BASICA,LAS CABRAS,Estab Junaeb,BERNARDO OHIGGINS 942,Rancagua,-34.2895549203012,-71.3130938429096,true
889060,ANEXO LICEO MUNICIPAL DE REQUINOA,REQUINOA,Estab Junaeb,PABLO RUBIO 501,Rancagua,-34.2803382051824,-70.8145082309056,true
889071,INSTITUTO SAN VICENTE,SAN VICENTE,Estab Junaeb,JOSE MIGUEL CARRERA S/N,Rancagua,-34.4345456008571,-71.0808492885723,true
906066,SC LOS ENANITOS,QUINTA DE TILCOCO,Estab Integra,"JOSE MARIA CARO, GUACARHUE",Rancagua,-34.352994,-71.014058,true
906067,S.C. SUENOS MAGICOS,OLIVAR,Estab Integra,LAS BRISAS,Rancagua,-34.202187,-70.753884,true
906075,06113106 JARDIN LA CUNCUNITA,PICHIDEGUA,Estab Junji,PATAGUAS CERRO,Rancagua,-34.309456,-71.387333,true
906152,06115401 JARDIN PADRE HURTADO,RENGO,Estab Junji,GUACOLDA S/N,Rancagua,-34.414473,-70.861741,true
906165,06101403 JARDIN BENJAMITA,RANCAGUA,Estab Junji,LICARY 1418 POB. VICUÑA MACKENNA,Rancagua,-34.153117,-70.714128,true
906167,06101405 JARDIN VENTANITA DE ILUSION,RANCAGUA,Estab Junji,EL ESTERO 1322 POB. COSTA DEL SOL,Rancagua,-34.15348,-70.719625,true
906174,SC VILLA CORDILLERA,RANCAGUA,Estab Integra,AVENIDA REPUBLICA DE CHILE,Rancagua,-34.164784,-70.704035,true
906176,SC NUEVO HORIZONTE,MACHALI,Estab Integra,AVDA.EL ESFUERZO ESQ.LOS OLMOS,Rancagua,-34.1698034189561,-70.6427191846578,true
940361,JARDIN LAS CANTERAS DE PELEQUÉN,MALLOA,Estab Integra,PABLO NERUDA,Rancagua,-34.469323,-70.895105,true
940364,06101401 JARDIN SANTA GEMITA,RANCAGUA,Estab Junji,"COLO COLO 418, POB. SAN LUIS RANCAGUA",Rancagua,-34.174605,-70.708869,true
940367,S.C. ARTURO PRAT,PEUMO,Estab Integra,CALLE CONCHA Y TORO,Rancagua,-34.386972,-71.17546,true
943000,06117202 JARDIN LABORAL SAN VICENTE,SAN VICENTE,Estab Junji,POB. MANUEL RODRIGUEZ CAUPOLICAN 222,Rancagua,-34.435063,-71.081925,true
943014,SC 06115402 LOS NARANJITOS,RENGO,Estab Junji,GABRIELA MISTRAL 53 ESQ. BISQUERT,Rancagua,-34.405905,-70.870788,true
943029,SC 06101402 MUNDO ENCANTADO,RANCAGUA,Estab Junji,"VILLA LAS CARMELIAS MONICA 903, RANCAGUA",Rancagua,-34.195568,-70.740329,true
945199,SC HIJITOS DE DIOS,RANCAGUA,Estab Integra,IQUIQUE ESQ. BOLIVIA,Rancagua,-34.167559,-70.756617,true
945216,SC AGUA LUNA,RANCAGUA,Estab Integra,RAJCEVICH 265 VILLA LOS OLIVARES,Rancagua,-34.135988,-70.760518,true
945223,SC MI GRAN TESORO,RANCAGUA,Estab Integra,VIOLETA PARRA ESQ CONSTANZA,Rancagua,-34.151555,-70.711827,true
945227,SC MANCHITAS DE COLORES,DONIHUE,Estab Integra,CALLE CENTRAL,Rancagua,-34.210165,-70.903956,true
945228,SC FLORILLITOS,RANCAGUA,Estab Integra,STA FILOMENA,Rancagua,-34.177504,-70.754762,true
945797,SC PIECECITOS DE ÁNGEL,RENGO,Estab Integra,"CALLE SAN JUAN, ESQUINA PJE SAN LUCAS",Rancagua,-34.34749,-70.8623,true
945799,SC 06103401 MANZANITA,COINCO,Estab Junji,CALLE LOS HEROES DE LA CONCEPCION 196,Rancagua,-34.271285,-70.949487,true
945801,SC 06115403 LOS LOBITOS,RENGO,Estab Junji,CAMINO PRINCIPAL LO DE LOBOS 2901,Rancagua,-34.379208,-70.814625,true
945803,SC S.C. NIDO DE SUEÑOS,RENGO,Estab Integra,AV STA TERESITA DE LOS ANDES,Rancagua,-34.413989,-70.847345,true
945804,06112401 SALA CUNA PORVENIR,PEUMO,Estab Junji,"PSJE. CHORRILLOS 71, VILLA EL PORVENIR",Rancagua,-34.3885,-71.17843,true
945809,SC 06116402 CARITAS FELICES,REQUINOA,Estab Junji,AVENIDA EL ABRA ESQ. CAMPO LINDO,Rancagua,-34.269312,-70.85285,true
945810,06113404 SALA CUNA FRUTITOS DEL CAMPO,PICHIDEGUA,Estab Junji,SANTA AMELIA S/N,Rancagua,-34.402705,-71.366891,true
945815,06109402 SALA CUNA LOS CARINOSITOS,MALLOA,Estab Junji,"12 DE OCTUBRE, ESC. F-238 PELEQUEN",Rancagua,-34.463355,-70.895513,true
945820,06107404 JARDIN AYELEN,LAS CABRAS,Estab Junji,CAMINO A LLALLAUQUEN S/N,Rancagua,-34.218336,-71.441,true
945825,SC 06101407 PADRE PIO,RANCAGUA,Estab Junji,"MUJICA 229, ESQ. MACKIVER RANCAGUA",Rancagua,-34.169626,-70.73016,true
945830,S.C. TAÑI RUKA,SAN VICENTE,Estab Integra,CAMINO EL LLANO,Rancagua,-34.429188,-71.056461,true
945832,06107403 JARDIN LLAVERIA,LAS CABRAS,Estab Junji,LLAVERIA S/N,Rancagua,-34.168294,-71.324791,true
945833,SC 06115001 Manzanita,RENGO,Estab Junji,"LONGITUDINAL SUR KM 59, ANGOSTURA",Rancagua,-34.340766,-70.833547,true
945836,SC RAYITO DE AMOR,SAN VICENTE,Estab Integra,RIESCO ABAJO,Rancagua,-34.436549,-71.098667,true
945837,JARDIN AYENHUE LUGAR DIVERTIDO,COLTAUCO,Estab Junji,AVDA. MANUEL MONTT S/N EL MOLINO,Rancagua,-34.2618098363688,-71.0151344685022,true
945841,SC DULCES SONRISAS,QUINTA DE TILCOCO,Estab Integra,AVENIDA PUENTE ALTA,Rancagua,-34.371442,-70.981454,true
945847,06101404 JARDIN MAESTRAS PIAS VENERI,RANCAGUA,Estab Junji,"CALLE 4, 523, VILLLA LAS ROSAS ESQ. CALLE 3",Rancagua,-34.190575,-70.742916,true
945848,SC 06101406 SANTA TERESITA,RANCAGUA,Estab Junji,"GOB. PEDRO DE LOS ALAMOS 571, MANZO VELAZCO",Rancagua,-34.15275,-70.739647,true
945853,06107402 SALA CUNA GIRASOL,LAS CABRAS,Estab Junji,JOHN KENNEDY,Rancagua,-34.293891,-71.308647,true
945860,SC SOL DEL VALLE,MACHALI,Estab Integra,RIO PANGAL,Rancagua,-34.17308,-70.639151,true
948334,06107401 Sala Cuna Manzanitas Magicas,LAS CABRAS,Estab Junji,CARRETERA LA FRUTA SN,Rancagua,-34.180154,-71.400681,true
948629,06117402 SALA CUNA EL TAMBITO,SAN VICENTE,Estab Junji,CAMINO EL TAMBO S/N,Rancagua,-34.477634,-70.979597,true
948630,SC 06103402 SEMILLITA,COINCO,Estab Junji,"LA PERGOLA 140, POB. LA UNION LOS TRES PUENTE",Rancagua,-34.273825,-70.975927,true
948637,06113405 SALA CUNA RAYITO DE SOL,PICHIDEGUA,Estab Junji,SAN ARMANDO S/N SAN ROBERTO,Rancagua,-34.409155,-71.299947,true
948640,SC 06116403 TIRITAS DE PAPEL,REQUINOA,Estab Junji,AVDA. LOS LIRIOS S/N SECTOR LOS LIRIOS,Rancagua,-34.224257,-70.786414,true
948641,SC 06116401 MANITOS MAGICAS,REQUINOA,Estab Junji,"SECTOR LOS CANELOS, POB. EL ESFUERZO",Rancagua,-34.284363,-70.823208,true
948645,06117403 SALA CUNA CRISTOFORO COLOMBO,SAN VICENTE,Estab Junji,AGOSTINO CASROLLI 1621,Rancagua,-34.445062,-71.086617,true
948646,SC 06104403 TIA NUVIA,COLTAUCO,Estab Junji,"JUAN PABLO II, 143 COMUNA COLTAUCO",Rancagua,-34.264963,-71.026166,true
948652,SC 06104404 AURORA,COLTAUCO,Estab Junji,AVDA. QUILLAIQUEN S/N COLTAUCO,Rancagua,-34.241727,-71.0684,true
948653,06112403 SALA CUNA RENACER,PEUMO,Estab Junji,"RUTA H 66, 430 ROSARIO DE CODAO",Rancagua,-34.342771,-71.232308,true
948657,06112402 SALA CUNA LOS NARANJITOS,PEUMO,Estab Junji,LA ESPERANZA RUTA H 66 G PEUMO,Rancagua,-34.303938,-71.270444,true
948662,SC 06101408 SAN IGNACIO,RANCAGUA,Estab Junji,"LOURDES 1927, VILLA SAN IGNACIO RANCAGUA",Rancagua,-34.178072,-70.762547,true
948669,06109405 SALA CUNA CUNCUNITA,MALLOA,Estab Junji,JORGE DIAZ MUÑOZ S/N,Rancagua,-34.40443,-70.912727,true
949554,SC 06115404 LA CUNCUNITA,RENGO,Estab Junji,ALONSO DE ERCILLA 51,Rancagua,-34.40353,-70.855208,true
949560,06101207 JARDIN .I.LABORAL CREADOR DE SUENOS,RANCAGUA,Estab Junji,LOS OLIVOS 1368 POB. SANTA FILOMENA ESC. D-13,Rancagua,-34.166759,-70.714706,true
949561,SC 06108402 LOS TRICAHUITOS COYA,MACHALI,Estab Junji,JOHN KENNEDY S/N PASAJE 1 COYA,Rancagua,-34.202558,-70.527925,true
949562,SC 06101409 PILAR RUISENOR,RANCAGUA,Estab Junji,LOURDES 463,Rancagua,-34.173409,-70.759049,true
949565,SC 06108405 SANTA TERESA,MACHALI,Estab Junji,PATRIA NUEVA 497 POB. SANTA TERESA,Rancagua,-34.179807,-70.687793,true
949566,SC 06108403 EL MAITEN,MACHALI,Estab Junji,AVDA ESTADIO 1200,Rancagua,-34.17465,-70.6613,true
949567,SC 06108404 J.I. AMANAKI,MACHALI,Estab Junji,EL NARANJAL 247 CERRO SAN JUAN,Rancagua,-34.178975,-70.6389,true
949570,06113407 SALA CUNA PATAGUA ORILLA,PICHIDEGUA,Estab Junji,SANTA AMELIA S/N(FRUTITOS DEL CAMPO),Rancagua,-34.312468,-71.338685,true
949571,SC 06115405 LA ORUGUITA,RENGO,Estab Junji,"LAS ENCINAS 1410, VILLAS LOS ESPINOS",Rancagua,-34.410533,-70.841555,true
949573,SC 06115406 DIENTE DE LECHE,RENGO,Estab Junji,"CALLE RENGO 1728, VILLA ESPAÑA",Rancagua,-34.393894,-70.85198,true
949574,SC 06115407 COLORIN COLORADO,RENGO,Estab Junji,"VILLA ESPAÑA PSJE. 1, 1467",Rancagua,-34.396163,-70.8547,true
949576,SC 06116406 LAS POLILLITAS,REQUINOA,Estab Junji,CALLE LAS ROZAS S/N PICHIGUAO,Rancagua,-34.317572,-70.828213,true
949577,SC 06116404 MIS PRIMEROS PASOS,REQUINOA,Estab Junji,"CAM. PUBLICO CHUMAQUITO 98, 100 SEC. CHUMAQUI",Rancagua,-34.278988,-70.810638,true
949578,SC 06116405 PEQUENOS TESOROS,REQUINOA,Estab Junji,VILLA VENECIA AVDA. MEXICO 9,Rancagua,-34.28363,-70.833652,true
949590,SC 06105402 FANTASIA,DONIHUE,Estab Junji,CERRILLO DONIHUE,Rancagua,-34.236397,-70.979797,true
949593,06113408 SALA CUNA RUEDITAS DE LAMARHUE,PICHIDEGUA,Estab Junji,POB. 1 DE MAYO LAMARHUE,Rancagua,-34.413691,-71.233402,true
949594,S.C. 06101411 CUMBRES,RANCAGUA,Estab Junji,CERRO PORTILLO 01275,Rancagua,-34.161438,-70.697869,true
949595,SC GALILEA,RANCAGUA,Estab Junji,"CALLE ROGER BRU 2035, VILLA GALILEA",Rancagua,-34.1747979045201,-70.766179687892,true
950556,SC 06101410 RINCON DE LOS SUENOS,RANCAGUA,Estab Junji,"AVDA. EL SOL 1183, VILLA PADRE HURTADO",Rancagua,-34.15632,-70.712782,true
995142,SC 06101001 LOS CANTARITOS,RANCAGUA,Estab Junji,SALVADOR PERALTA Nº 925 MANSO DE VELASCO,Rancagua,-34.153782,-70.744949,true
995145,SC 06101003 LOS GRILLITOS,RANCAGUA,Estab Junji,JOSE IGNACIO DE LA CARRERA Nº 750 POB. M. ROD,Rancagua,-34.164012,-70.723811,true
995147,SC 06101005 PULGARCITO,RANCAGUA,Estab Junji,MACHALI Nº 117 POB. IRENE FREI,Rancagua,-34.169291,-70.759944,true
995149,SC 06101007 CAMPANITA,RANCAGUA,Estab Junji,LOS OLIVOS Nº 1430 POB. STA. FILOMENA,Rancagua,-34.167195,-70.714183,true
995151,06108401 JARDIN TIA MIRELLA,MACHALI,Estab Junji,SAN JUAN 386 MACHALI,Rancagua,-34.1826,-70.650077,true
995152,06113402 SALA CUNA LOS TIERNECITOS,PICHIDEGUA,Estab Junji,MIRAFLORES CON SANTA MARIA,Rancagua,-34.36075,-71.279333,true
995154,S.C PAYASITO,COLTAUCO,Estab Junji,ARTURO PRAT 69 COLTAUCO,Rancagua,-34.288461,-71.084077,true
995155,SC 06105401 LOS CHAMANTITOS,DONIHUE,Estab Junji,"DOCTOR SANHUEZA S/N, DOIHUE",Rancagua,-34.223927,-70.961188,true
996206,06111103 JARDIN GASPARIN,OLIVAR,Estab Junji,GABRIELA MISTRAL 036 POB. LO CONTY GULTRO,Rancagua,-34.201263,-70.762012,true
996210,06115101 JARDIN LAS PALOMITAS,RENGO,Estab Junji,"PABLO NERUDA 292, PUEBLO HUNDIDO",Rancagua,-34.382122,-70.869402,true
996217,06115201 JARDIN .I.LABORAL LA HORMIGUITA,RENGO,Estab Junji,POB. 4 DE SEPTIEMBRE 246 LA ISLA,Rancagua,-34.393955,-70.847019,true
996220,06109404 SALA CUNA LOS AMIGUITOS DE MALLOA,MALLOA,Estab Junji,LOS ALERCES 57 VILLA EL BOSQUE,Rancagua,-34.445183,-70.944269,true
996234,JARDIN LAS PALMITAS,LAS CABRAS,Estab Integra,COCALAN (LADO ESCUELA),Rancagua,-34.207395,-71.27739,true
998148,SC SAN JOSÉ OBRERO,RANCAGUA,Estab Integra,EUSEBIO LILLO,Rancagua,-34.183953,-70.731817,true
998149,SC DIEGO PORTALES,RANCAGUA,Estab Integra,CHEPITA PORTALES,Rancagua,-34.158883,-70.715294,true
998152,SC FLOR NACIENTE,MACHALI,Estab Integra,13 DE NOVIEMBRE,Rancagua,-34.194853,-70.645454,true
998153,SC SAN NICOLÁS,REQUINOA,Estab Integra,LAS DALIAS,Rancagua,-34.293141,-70.821892,true
998154,SC FRUTILLITA,QUINTA DE TILCOCO,Estab Integra,JAIME BARRIENTOS,Rancagua,-34.35209,-70.961452,true
998155,SC LOS CACHORRITOS,SAN VICENTE,Estab Integra,GERMAN RIESCO,Rancagua,-34.438592,-71.08095900000001,true
998157,SC LOS RETOÑOS,LAS CABRAS,Estab Integra,JOHN KENNEDY,Rancagua,-34.295799,-71.309007,true
2438,COLEGIO MARIA LUISA FABRES VERGARA,LAS CABRAS,Estab Junaeb,LOS QUILLAYES,San Fernando,-34.083241,-71.473167,true
2442,LICEO TECNICO FELISA CLARA TOLUP ZEIMA,SAN FERNANDO,Estab Junaeb,BERNARDO OHIGGINS 490,San Fernando,-34.589771,-70.985451,true
2443,LICEO INDUSTRIAL DE SAN FERNANDO,SAN FERNANDO,Estab Junaeb,AVDA MANSO DE VELASCO 761,San Fernando,-34.582081,-70.985069,true
2444,INSTITUTO COMERCIAL ALBERTO VALENZUELA LLANOS,SAN FERNANDO,Estab Junaeb,AV. MANSO DE VELASCO 389,San Fernando,-34.57774,-70.98877,true
2447,LICEO DE HOMBRES MEDIA - NEANDRO SCHIL,SAN FERNANDO,Estab Junaeb,ARGOMEDO 583,San Fernando,-34.583179,-70.98922,true
2448,LICEO DE NINAS EDUARDO CHARME,SAN FERNANDO,Estab Junaeb,ARGOMEDO 485,San Fernando,-34.582939,-70.990097,true
2453,COLEGIO JOSE GREGORIO ARGOMEDO,SAN FERNANDO,Estab Junaeb,MANSO DE VELASCO 465,San Fernando,-34.577999,-70.988419,true
2454,COLEGIO SAN FERNANDO COLLEGE,SAN FERNANDO,Estab Junaeb,OLEGARIO LAZO 1174,San Fernando,-34.582161,-70.987617,true
2456,ESCUELA OLEGARIO LAZO BAEZA,SAN FERNANDO,Estab Junaeb,TRES MONTES 821,San Fernando,-34.59214,-70.987503,true
2457,COLEGIO ISABEL LA CATOLICA,SAN FERNANDO,Estab Junaeb,MANUEL RODRIGUEZ 711,San Fernando,-34.587101,-70.98793,true
2458,ESCUELA JORGE MUNOZ SILVA,SAN FERNANDO,Estab Junaeb,CARDENAL CARO N° 705,San Fernando,-34.58511,-70.986992,true
2459,COL. GIUSEPPE BERTOLUZZI DE FELIP,SAN FERNANDO,Estab Junaeb,JOSE MIGUEL CARRERA N° 488,San Fernando,-34.597599,-70.969917,true
2460,ESCUELA HOGAR MARIA LUISA BOUCHON,SAN FERNANDO,Estab Junaeb,GUADALUPE ESQ ESPANA,San Fernando,-34.584469,-70.993294,true
2461,ESCUELA VILLA CENTINELA,SAN FERNANDO,Estab Junaeb,J.M. VALDERRAMA S/N,San Fernando,-34.575081,-70.994186,true
2462,ESCUELA WASHINGTON OMAR VENEGAS,SAN FERNANDO,Estab Junaeb,CURALI N° 257,San Fernando,-34.58799,-70.995293,true
2463,COLEGIO HERMANO FERNANDO DE LA FUENTE - MEDIA,SAN FERNANDO,Estab Junaeb,CALLE NEGRETE 770,San Fernando,-34.583469,-70.994217,true
2464,ESCUELA JOSE DE SAN MARTIN,SAN FERNANDO,Estab Junaeb,CALLE 1 ESQ PASAJE 1,San Fernando,-34.594501,-70.979927,true
2465,ESC. CONCENTRACION FRONTERIZA,SAN FERNANDO,Estab Junaeb,PUENTE NEGRO,San Fernando,-34.68578,-70.870323,true
2467,ESCUELA ABEL BOUCHON FAURE,SAN FERNANDO,Estab Junaeb,ANGOSTURA,San Fernando,-34.532902,-70.966873,true
2469,ESCUELA ABRAHAM LINCOLN,SAN FERNANDO,Estab Junaeb,AGUA BUENA,San Fernando,-34.650211,-70.853607,true
2470,COLEGIO SAN JOSE DE LOS LINGUES,SAN FERNANDO,Estab Junaeb,SAN JOSE DE LOS LINGUES,San Fernando,-34.561661,-70.913788,true
2471,ESCUELA BERNARDO MORENO FREDES,SAN FERNANDO,Estab Junaeb,LONGITUDINAL SUR SN,San Fernando,-34.533169,-70.942543,true
2472,ESCUELA ANTONIO LARA MEDINA,SAN FERNANDO,Estab Junaeb,ROMA,San Fernando,-34.58168,-70.910461,true
2476,ESCUELA GASPAR MARIN,SAN FERNANDO,Estab Junaeb,LA MARINANA,San Fernando,-34.59584,-70.922737,true
2485,LICEO AGRICOLA EL CARMEN,SAN FERNANDO,Estab Junaeb,LONGITUDINAL SUR KM 140,San Fernando,-34.607441,-70.978058,true
2486,COMPLEJO EDUCACIONAL DE CHIMBARONGO,CHIMBARONGO,Estab Junaeb,BLANCO ENCALADA 151,San Fernando,-34.70829,-71.039803,true
2487,ESCUELA FERNANDO ARENAS,CHIMBARONGO,Estab Junaeb,JAVIERA CARRERA N° 115,San Fernando,-34.713612,-71.045174,true
2488,ESCUELA E-456,CHIMBARONGO,Estab Junaeb,MIRAFLORES 1116,San Fernando,-34.696041,-71.032883,true
2489,ESCUELA F450,CHIMBARONGO,Estab Junaeb,VILLA CONVENTO VIEJO,San Fernando,-34.720051,-71.053886,true
2490,ESCUELA F411 TINGUIRIRICA,CHIMBARONGO,Estab Junaeb,TINGUIRIRICA ALTO,San Fernando,-34.657291,-70.95858,true
2491,ESCUELA F-413 LAS QUEZADAS,CHIMBARONGO,Estab Junaeb,LAS QUEZADAS SN,San Fernando,-34.65118,-70.970757,true
2492,ESCUELA F415 CUESTA LO GONZALEZ,CHIMBARONGO,Estab Junaeb,CUESTA LO GONZALEZ,San Fernando,-34.66267,-71.001694,true
2493,JOSE MIGUEL CARRERA VERDUGO,CHIMBARONGO,Estab Junaeb,EL SAUCE,San Fernando,-34.824928,-71.00322,true
2494,ESCUELA F449 PEOR ES NADA,CHIMBARONGO,Estab Junaeb,PEOR ES NADA,San Fernando,-34.783298,-71.050003,true
2495,ESCUELA F451 CODEGUA,CHIMBARONGO,Estab Junaeb,JAVIERA CARRERA N° 115,San Fernando,-34.77301,-70.946327,true
2496,ESCUELA F452,CHIMBARONGO,Estab Junaeb,SANTA VALENTINA,San Fernando,-34.711979,-70.930779,true
2498,ESCUELA F455 ROMERAL,CHIMBARONGO,Estab Junaeb,EL ROMERAL,San Fernando,-34.72728,-71.007233,true
2500,ESC TINGUIRIRICA BARRIO ESTACION 414,CHIMBARONGO,Estab Junaeb,BARRIO ESTACION,San Fernando,-34.639919,-70.992119,true
2501,ESCUELA G429 LA MACARENA,CHIMBARONGO,Estab Junaeb,LA MACARENA,San Fernando,-34.677181,-70.953827,true
2505,ESCUELA G448 HUEMUL,CHIMBARONGO,Estab Junaeb,HUEMUL,San Fernando,-34.85384,-70.969093,true
2506,ESCUELA G453,CHIMBARONGO,Estab Junaeb,SAN JOSE DE LO TORO,San Fernando,-34.736191,-71.131973,true
2507,ESCUELA EL PEREJIL,CHIMBARONGO,Estab Junaeb,EL PEREJIL,San Fernando,-34.741871,-70.974892,true
2508,ESC SANTA EUGENIA,CHIMBARONGO,Estab Junaeb,CAMINO SN JUAN DE LA SIERRA,San Fernando,-34.678329,-71.003181,true
2509,ESCUELA G503 SANTA ISABEL,CHIMBARONGO,Estab Junaeb,SANTA ISABEL,San Fernando,-34.704288,-70.955879,true
2513,ESCUELA G507 LAS PALMERAS,CHIMBARONGO,Estab Junaeb,LONGITUDINAL SUR KM 156,San Fernando,-34.74202,-71.040497,true
2514,ESCUELA AGRICOLA LAS GARZAS,CHIMBARONGO,Estab Junaeb,SAN JUAN DE LA SIERRA S/N,San Fernando,-34.67654,-70.997093,true
2517,COLEGIO MELECIA TOCORNAL,CHIMBARONGO,Estab Junaeb,CAMINO CODEGUA SN,San Fernando,-34.735371,-70.977364,true
2518,ESCUELA SAN FRANCISCO DE PLACILLA,PLACILLA,Estab Junaeb,MIRAFLORES 7,San Fernando,-34.63797,-71.11911,true
2519,ESCUELA BASICA RAUL CACERES PACHECO,PLACILLA,Estab Junaeb,SAN JOSE DE PENUELAS,San Fernando,-34.60482,-71.044228,true
2520,ESCUELA LA DEHESA,PLACILLA,Estab Junaeb,LA DEHESA,San Fernando,-34.65509,-71.114853,true
2521,ESCUELA DE LA TUNA,PLACILLA,Estab Junaeb,LA TUNA,San Fernando,-34.627659,-71.069557,true
2522,ESCUELA SAN LUIS DE MANANTIAL,PLACILLA,Estab Junaeb,SAN LUIS DE MANANTIAL,San Fernando,-34.6143,-71.069862,true
2523,ESCUELA EL AMANECER,PLACILLA,Estab Junaeb,"CAMINO PUBLICO KM 15, LO MOSCOSO",San Fernando,-34.603741,-71.109833,true
2524,ESCUELA DANY GERMAN GONZALEZ SOTO,PLACILLA,Estab Junaeb,RINCONADA DE MANANTIALES,San Fernando,-34.625111,-71.039513,true
2525,CONSOLIDADO DE NANCAGUA,NANCAGUA,Estab Junaeb,18 SEPTIEMBRE 412,San Fernando,-34.650249,-71.204147,true
2526,ESCUELA IGNACIO CARRERA PINTO,NANCAGUA,Estab Junaeb,PUQUILLAY ALTO,San Fernando,-34.663349,-71.21447,true
2527,ESCUELA BASICA PUQUILLAY,NANCAGUA,Estab Junaeb,PUQUILLAY BAJO,San Fernando,-34.683891,-71.198029,true
2528,ESCUELA ADRIANA LYON VIAL,NANCAGUA,Estab Junaeb,LOS CALLEJONES,San Fernando,-34.651451,-71.168907,true
2529,ESCUELA YAQUIL,NANCAGUA,Estab Junaeb,YAQUIL,San Fernando,-34.62302,-71.178658,true
2530,LICEO JUAN PABLO II,NANCAGUA,Estab Junaeb,18 DE SEPTIEMBRE 404,San Fernando,-34.649879,-71.199463,true
2531,COLEGIO EL PRINCIPITO,NANCAGUA,Estab Junaeb,JOSE DOMINGO JARAMILLO 34,San Fernando,-34.648788,-71.197983,true
2532,COLEGIO LIBERTADOR O'HIGGINS DE CHEPICA,CHEPICA,Estab Junaeb,JOSE LUIS DEL REAL S/N,San Fernando,-34.727009,-71.273651,true
2534,ESCUELA EUGENIO RUIZ TAGLE MONTES ( ESC. MARIA M,CHEPICA,Estab Junaeb,LA MINA,San Fernando,-34.72525,-71.319427,true
2535,ESCUELA LAS ALAMEDAS,CHEPICA,Estab Junaeb,LAS ALAMEDAS,San Fernando,-34.779449,-71.299507,true
2536,ESCUELA EMILIA SALINAS DIAZ,CHEPICA,Estab Junaeb,RINCONADA DE NAVARRO,San Fernando,-34.80476,-71.220818,true
2537,ESCUELA LUIS ATHAS,CHEPICA,Estab Junaeb,AUQUINCO,San Fernando,-34.76572,-71.194489,true
2538,ESCUELA LINDORFO MONTERO FUENZALIDA,CHEPICA,Estab Junaeb,ORILLA DE AUQUINCO,San Fernando,-34.7467,-71.190323,true
2539,ESCUELA LUIS ARTURO ZUIGA FUENTES,CHEPICA,Estab Junaeb,SAN ANTONIO,San Fernando,-34.749889,-71.237762,true
2540,ESCUELA MARIA MARTA DEL REAL CORREA,CHEPICA,Estab Junaeb,LA MINA,San Fernando,-34.69841,-71.284172,true
2541,ESCUELA HECTOR RODOLFO CASTILLO MORENO ( ESC. LA,CHEPICA,Estab Junaeb,RINCONADA DE JAUREGUI S/N,San Fernando,-34.772869,-71.266327,true
2542,LUZ MARIA CRESPO URETA DE KERESTEGIAN,CHEPICA,Estab Junaeb,LAS ARANAS,San Fernando,-34.711651,-71.233002,true
2543,ESCUELA CARLOS DONOSO REBOLLEDO,CHEPICA,Estab Junaeb,RINCONADA DE MENESES,San Fernando,-34.80294,-71.246597,true
2544,COLEGIO CRUZ MARIA,CHEPICA,Estab Junaeb,PAREDONES,San Fernando,-34.776661,-71.160431,true
2545,ESCUELA GABRIELA MISTRAL,CHEPICA,Estab Junaeb,BOLDOMAHUIDA,San Fernando,-34.720309,-71.204498,true
2548,ESCUELA ESTRELLA DE DAVID,CHEPICA,Estab Junaeb,CANDELARIA N 3,San Fernando,-34.80323,-71.431999,true
2551,LICEO SANTA CRUZ,SANTA CRUZ,Estab Junaeb,DANIEL BARROS GREZ 86,San Fernando,-34.639061,-71.361763,true
2552,LICEO POLITECNICO,SANTA CRUZ,Estab Junaeb,DANIEL BARROS GREZ 88,San Fernando,-34.632061,-71.366127,true
2553,ESCUELA LUIS OYARZUN PENA,SANTA CRUZ,Estab Junaeb,JOSE TORIBIO MEDINA 129,San Fernando,-34.64035,-71.369278,true
2554,ESCUELA ESPECIAL DE SANTA CRUZ - BASICA,SANTA CRUZ,Estab Junaeb,AVDA. CABELLO N° 150,San Fernando,-34.635975,-71.369698,true
2555,ESC. N4 MARIA VICTORIA ARAYA VALDES,SANTA CRUZ,Estab Junaeb,RAMON SANFURGO N° 581,San Fernando,-34.64587,-71.363693,true
2556,ESCUELA PANIAHUE,SANTA CRUZ,Estab Junaeb,PANIAHUE,San Fernando,-34.626011,-71.353279,true
2557,ESC GRANJA A GARCIA VALENZUELA,SANTA CRUZ,Estab Junaeb,ALQUIMIA DE CHOMEDAHUE,San Fernando,-34.675201,-71.349617,true
2558,ESCUELA LA FINCA,SANTA CRUZ,Estab Junaeb,ISLA DE YAQUIL,San Fernando,-34.586781,-71.433891,true
2559,ESCUELA BARREALES,SANTA CRUZ,Estab Junaeb,BARREALES,San Fernando,-34.622082,-71.372917,true
2560,ESCUELA LA LAJUELA,SANTA CRUZ,Estab Junaeb,LA LAJUELA,San Fernando,-34.65913,-71.413658,true
2561,ESCUELA QUINAHUE - BASICA,SANTA CRUZ,Estab Junaeb,QUINAHUE,San Fernando,-34.695042,-71.3162,true
2562,ESCUELA ISLA DE YAQUIL,SANTA CRUZ,Estab Junaeb,CAMINO HERRERA KM 11,San Fernando,-34.608631,-71.421356,true
2563,ESCUELA SANTA CRUZ DE LA PATAGUA,SANTA CRUZ,Estab Junaeb,LA PATAGUA,San Fernando,-34.695759,-71.366341,true
2565,ESCUELA MILLAHUE DE APALTA,SANTA CRUZ,Estab Junaeb,MILLAHUE DE APALTA,San Fernando,-34.618839,-71.269188,true
2566,ESCUELA BASICA CUNACO,NANCAGUA,Estab Junaeb,CUNACO B. O´HIGGINS KM 14,San Fernando,-34.652538,-71.288254,true
2568,ESCUELA PANAMA,SANTA CRUZ,Estab Junaeb,FUNDO PANAMA,San Fernando,-34.713551,-71.449722,true
2570,ESCUELA LOS MAITENES,SANTA CRUZ,Estab Junaeb,LOS MAITENES,San Fernando,-34.67802,-71.466537,true
2572,ESCUELA RINCON DE YAQUI - PREBASICA,SANTA CRUZ,Estab Junaeb,RINCON DE YAQUIL,San Fernando,-34.561131,-71.475677,true
2575,ESCUELA SAN GREGORIO,NANCAGUA,Estab Junaeb,CUNACO SAN GREGORIO,San Fernando,-34.654598,-71.257858,true
2576,ESCUELA GUINDO ALTO,SANTA CRUZ,Estab Junaeb,EL GUINDO ALTO,San Fernando,-34.66824,-71.297333,true
2577,ESCUELA ANGEL ARRIGORRIAGA,SANTA CRUZ,Estab Junaeb,QUINAHUE EL BOLDAL,San Fernando,-34.67625,-71.309776,true
2579,INSTITUTO REGIONAL FEDERICO ER.,SANTA CRUZ,Estab Junaeb,AVDA ERRAZURIZ 695,San Fernando,-34.636841,-71.358688,true
2580,LICEO MARIA AUXILIADORA - BASICA,SANTA CRUZ,Estab Junaeb,ORLANDI 109,San Fernando,-34.64212,-71.365578,true
2583,LICEO LOLOL,LOLOL,Estab Junaeb,LOS ALERCES 03,San Fernando,-34.723949,-71.639313,true
2584,ESC. OCTAVIO MUJICA VALENZUELA,LOLOL,Estab Junaeb,HACIENDA LOLOL,San Fernando,-34.710678,-71.601723,true
2590,ESCUELA RINCONADA DE QUIAHUE,LOLOL,Estab Junaeb,RINCONADA DE QUIAHUE,San Fernando,-34.77375,-71.674553,true
2591,ESCUELA JUANA GONZALEZ,LOLOL,Estab Junaeb,NILAHUE ALTO,San Fernando,-34.703152,-71.770081,true
2592,ESCUELA EDUVIGIS PANTOJA LEPELEY,LOLOL,Estab Junaeb,LOS TRICAHUES,San Fernando,-34.837009,-71.596817,true
2594,ESCUELA HUGO URZUA URZUA,LOLOL,Estab Junaeb,RANGUIL,San Fernando,-34.856171,-71.690514,true
2598,ESCUELA OLGA DE GOMEZ,LOLOL,Estab Junaeb,EL MEMBRILLO,San Fernando,-34.808041,-71.627472,true
2599,ESCUELA PUMANQUE,PUMANQUE,Estab Junaeb,AVDA. BERNARDO O´HIGGINS S/N,San Fernando,-34.5994,-71.652023,true
2601,ESCUELA NILAHUE CORNEJO,PUMANQUE,Estab Junaeb,SANTA CLOTILDE N° 005,San Fernando,-34.659962,-71.740303,true
2603,ESCUELA MATA REDONDA,PUMANQUE,Estab Junaeb,MATA REDONDA,San Fernando,-34.529671,-71.596573,true
2604,ESCUELA PENABLANCA,PUMANQUE,Estab Junaeb,PENABLANCA,San Fernando,-34.520229,-71.698509,true
2607,ESCUELA RINCON LOS PERALES,PUMANQUE,Estab Junaeb,RINCON LOS PERALES,San Fernando,-34.61821,-71.604553,true
2609,ESCUELA PALMILLA DE RETO,PUMANQUE,Estab Junaeb,PALMILLA DE RETO,San Fernando,-34.553649,-71.661598,true
2611,ESCUELA MARGOT LOYOLA PALACIOS (JUAN GUILLERMO DAY,PALMILLA,Estab Junaeb,JUAN GUILLERMO DAY N° 96,San Fernando,-34.59478,-71.360657,true
2612,LICEO SAN JOSE DEL CARMEN,PALMILLA,Estab Junaeb,SAN JOSE DEL CARMEN,San Fernando,-34.52359,-71.372673,true
2613,ESCUELA SANTA MATILDE,PALMILLA,Estab Junaeb,SANTA MATILDE,San Fernando,-34.467781,-71.3228,true
2615,ESCUELA JORGE ERRAZURIZ ECHEIQUE,PALMILLA,Estab Junaeb,LOS OLMOS DEL HUIQUE,San Fernando,-34.478439,-71.359978,true
2621,ESCUELA REBECA CADIZ VALENZUELA,PALMILLA,Estab Junaeb,CAMINO A LA GARZAS KM 7,San Fernando,-34.516029,-71.394653,true
2622,ESCUELA VALLE HERMOSO,PALMILLA,Estab Junaeb,VALLE HERMOSO,San Fernando,-34.53492,-71.331741,true
2624,ESCUELA LIHUEIMO,PALMILLA,Estab Junaeb,LIHUEIMO,San Fernando,-34.51833,-71.422394,true
2625,LICEO VICTOR JARA (Ex Bicentenario),PERALILLO,Estab Junaeb,AVDA ERRAZURIZ 251,San Fernando,-34.480862,-71.477417,true
2626,ESC. POBLACION,PERALILLO,Estab Junaeb,SANTA ANA S/N,San Fernando,-34.450089,-71.54657,true
2627,ESCUELA MUNICIPAL SANTA VICTORIA,PERALILLO,Estab Junaeb,SANTA VICTORIA,San Fernando,-34.46476,-71.398827,true
2629,ESCUELA SARA RAVELLO PARRAGUEZ,PERALILLO,Estab Junaeb,RINCONADA DE MOLINEROS,San Fernando,-34.520321,-71.579239,true
2633,ESCUELA CALLEUQUE,PERALILLO,Estab Junaeb,CALLEUQUE,San Fernando,-34.402241,-71.432404,true
2634,ESCUELA MUNICIPAL PABLO NERUDA,PERALILLO,Estab Junaeb,RINCONADA DE PERALILLO,San Fernando,-34.512379,-71.451141,true
2635,LICEO MUNICIPAL DE PICHILEMU,PICHILEMU,Estab Junaeb,ANGEL GAETE N° 725,San Fernando,-34.39011,-72.002296,true
2636,ESC. PUEBLO DE VIUDAS,PICHILEMU,Estab Junaeb,AVDA CAHUIL SN,San Fernando,-34.403469,-71.996239,true
2637,ESCUELA VILLA SAN PEDRO,PAREDONES,Estab Junaeb,EL POTRERO,San Fernando,-34.54948,-71.907272,true
2642,ESCUELA COGUIL,PICHILEMU,Estab Junaeb,COGUIL,San Fernando,-34.230438,-71.893288,true
2643,ESCUELA PADRE ALBERTO HURTADO CRUCHAGA,PICHILEMU,Estab Junaeb,PANUL,San Fernando,-34.4967,-71.961037,true
2646,ESCUELA LA AGUADA,PICHILEMU,Estab Junaeb,LA AGUADA,San Fernando,-34.325279,-71.824677,true
2650,ESC. CAHUIL,PICHILEMU,Estab Junaeb,CAHUIL,San Fernando,-34.482208,-72.011551,true
2652,ESCUELA CIRUELOS,PICHILEMU,Estab Junaeb,CIRUELOS,San Fernando,-34.462502,-71.972031,true
2654,COLEGIO LIBERTADORES,PICHILEMU,Estab Junaeb,MILLACO CLOS AROMOS,San Fernando,-34.390949,-72.018204,true
2656,COL. PART DE LA PRECIOSA SANGRE - E. BASICA,PICHILEMU,Estab Junaeb,URRIOLA 137,San Fernando,-34.389999,-72.008904,true
2657,LICEO PABLO NERUDA,NAVIDAD,Estab Junaeb,CAMINO A NAVIDAD KM 1,San Fernando,-33.960548,-71.822151,true
2658,ESCUELA LA DIVINA GABRIELA,NAVIDAD,Estab Junaeb,CAMINO A NAVIDAD KM 1,San Fernando,-33.95422,-71.830116,true
2660,ESCUELA FRANCISCO CHAVEZ CIFUENTES,NAVIDAD,Estab Junaeb,IGNACIO CARRERA S/N,San Fernando,-33.94347,-71.737228,true
2661,ESCUELA EL MANZANO,NAVIDAD,Estab Junaeb,EL MANZANO,San Fernando,-34.087669,-71.91256,true
2664,ESCUELA CONFEDERACION HELVETICA,NAVIDAD,Estab Junaeb,PUPUYA CENTRAL,San Fernando,-34.0028,-71.8535,true
2666,ESCUELA LA BOCA DE RAPEL,NAVIDAD,Estab Junaeb,LOS PESCADORES SN,San Fernando,-33.926891,-71.84127,true
2673,ESCUELA PADRE ALBERTO HURTADO,NAVIDAD,Estab Junaeb,LA POLCURA,San Fernando,-34.042938,-71.904877,true
2678,ESCUELA MARIA WILLIAMS,NAVIDAD,Estab Junaeb,SAN VICENTE DE PUCALAN,San Fernando,-34.00885,-71.720512,true
2681,LICEO EL ROSARIO,LITUECHE,Estab Junaeb,HERMANOS CARRERA N° 751,San Fernando,-34.116539,-71.727577,true
2682,ESCUELA QUELENTARO,LITUECHE,Estab Junaeb,QUELENTARO,San Fernando,-34.025639,-71.542458,true
2685,ESCUELA MATANCILLA,LITUECHE,Estab Junaeb,MATANCILLA,San Fernando,-34.069641,-71.608597,true
2686,ESCUELA PULIN,LITUECHE,Estab Junaeb,PULIN,San Fernando,-34.132801,-71.571564,true
2687,ESCUELA PASO DEL SOLDADO,LITUECHE,Estab Junaeb,PASO DEL SOLDADO,San Fernando,-34.126171,-71.896988,true
2692,ESCUELA SANTA ROSA DE MANQUEHUA,LITUECHE,Estab Junaeb,MANQUEHUA,San Fernando,-34.133579,-71.714027,true
2694,ESCUELA PROF. MONICA SILVA GOMEZ,LA ESTRELLA,Estab Junaeb,ARTURO PRAT SN,San Fernando,-34.2099,-71.654053,true
2698,ESCUELA GUADALAO GUINDOS,LA ESTRELLA,Estab Junaeb,GUADALAO GUINDOS KM 12,San Fernando,-34.263569,-71.5467,true
2700,ESCUELA SANTA ROSA DE LA AGUADA,LA ESTRELLA,Estab Junaeb,LA AGUADA,San Fernando,-34.245392,-71.727097,true
2701,LICEO MUNICIPAL MARCHIGUE - BASICA,MARCHIHUE,Estab Junaeb,LAUREANO CORNEJO 220,San Fernando,-34.397259,-71.619331,true
2702,ESCUELA LA QUEBRADA,MARCHIHUE,Estab Junaeb,LA QUEBRADA,San Fernando,-34.47723,-71.703621,true
2703,ESCUELA EL SAUCE,MARCHIHUE,Estab Junaeb,ALCONES EL SAUCE,San Fernando,-34.398159,-71.725906,true
2704,ESCUELA EL PARQUE,MARCHIHUE,Estab Junaeb,LOS MAITENES,San Fernando,-34.364342,-71.59494,true
2705,ESCUELA TRINIDAD,MARCHIHUE,Estab Junaeb,TRINIDAD,San Fernando,-34.377621,-71.559799,true
2706,ESCUELA LO MARCHANT,MARCHIHUE,Estab Junaeb,MARCHANT,San Fernando,-34.457581,-71.672653,true
2707,ESCUELA NOBELES DE CHILE,MARCHIHUE,Estab Junaeb,RINCONADA DE ALCONES,San Fernando,-34.35622,-71.735237,true
2708,ESCUELA PAILIMO,MARCHIHUE,Estab Junaeb,PAILIMO,San Fernando,-34.292789,-71.788033,true
2711,ESCUELA SAN MIGUEL DE VILUCO,MARCHIHUE,Estab Junaeb,SAN MIGUEL DE VILUCO,San Fernando,-34.29657,-71.622658,true
2714,ESC. UNION MUJERES AMERICANAS,PAREDONES,Estab Junaeb,CELEDONIO PASTENES S/N,San Fernando,-34.64286,-72.036507,true
2715,LICEO MERCEDES URZUA,PAREDONES,Estab Junaeb,DR MOORE N° 76,San Fernando,-34.643921,-71.899361,true
2716,ESC. SAN PEDRO DE ALCANTARA,PAREDONES,Estab Junaeb,SAN PEDRO DE ALCANTARA,San Fernando,-34.769501,-71.836517,true
2717,ESCUELA ALBERTINA VALENZUELA TOLEDO,PAREDONES,Estab Junaeb,CUTEMU S/N,San Fernando,-34.78038,-71.872124,true
2719,ESCUELA LUIS ARTEMON PEREZ A,PAREDONES,Estab Junaeb,EL PERAL,San Fernando,-34.744011,-71.961853,true
2721,ESCUELA SANTA ANA DE LA POBLACION,PAREDONES,Estab Junaeb,CAMINO LA POBLACION KM 7,San Fernando,-34.70076,-71.884911,true
2722,ESCUELA LOS COPIHUES DEL CALVARIO,PAREDONES,Estab Junaeb,EL CALVARIO,San Fernando,-34.596729,-71.882568,true
2723,ESCUELA RINCONADA LOS BRIONES,PAREDONES,Estab Junaeb,LOS BRIONES,San Fernando,-34.746368,-71.916733,true
2724,ESCUELA EL CARDAL,PAREDONES,Estab Junaeb,EL CARDAL,San Fernando,-34.708839,-71.988724,true
2725,ESCUELA LO VALDIVIA,PAREDONES,Estab Junaeb,LO VALDIVIA,San Fernando,-34.692829,-72.012444,true
2727,ESCUELA ESMERALDA,PAREDONES,Estab Junaeb,CABECERAS,San Fernando,-34.62851,-71.995537,true
2728,ESCUELA LAS CARMELITAS,PAREDONES,Estab Junaeb,EL QUILLAY S/N,San Fernando,-34.574589,-71.942383,true
11257,ESCUELA COLHUE,PUMANQUE,Estab Junaeb,COLHUE,San Fernando,-34.56797,-71.612297,true
11261,ESCUELA DIGNA CAMILO AGUILAR,PICHILEMU,Estab Junaeb,SANTA MARIA S/N,San Fernando,-34.394001,-72.003326,true
11263,CENTRO PARVULARIO DE CHIMBARONGO,CHIMBARONGO,Estab Junaeb,MIRAFLORES 361,San Fernando,-34.709091,-71.044006,true
11279,ESCUELA LOS CANELOS,CHEPICA,Estab Junaeb,CANDELARIA No. 3,San Fernando,-34.825878,-71.379028,true
11283,ESCUELA CARDONAL PANILONCO,PICHILEMU,Estab Junaeb,CARDONAL DE PANILONCO,San Fernando,-34.29229,-71.882881,true
11286,LICEO MUNICIPAL HERIBERTO SOTO SOTO,SAN FERNANDO,Estab Junaeb,CHACABUCO 847,San Fernando,-34.577456,-70.990641,true
15501,LUCILA GODOY ALCAYAGA,SANTA CRUZ,Estab Junaeb,SANTA MARIA 51,San Fernando,-34.63604,-71.358757,true
15522,CHARLYS SCHOOL - BASICA,PICHILEMU,Estab Junaeb,JOSE JOAQUIN PEREZ 361,San Fernando,-34.391579,-72.004158,true
15526,ESCUELA AMERICA MARCHIHUE,MARCHIHUE,Estab Junaeb,LAUREANO CORNEJO N° 220,San Fernando,-34.40033,-71.61779,true
15529,JARDIN SANTA ANA,PALMILLA,Estab Integra,SARGENTO CANDELARIA,San Fernando,-34.5957498,-71.3618547,true
15569,ESCUELA PUERTECILLO,NAVIDAD,Estab Junaeb,PUERTECILLO S/N,San Fernando,-34.068508,-71.941498,true
15570,ESCUELA BASICA GALVARINO VALENZUELA,LOLOL,Estab Junaeb,LOS ALERCES No.3,San Fernando,-34.728439,-71.646072,true
15574,LICEO MUNICIPAL DE ADULTOS SANTA CRUZ,SANTA CRUZ,Estab Junaeb,DANIEL BARROS GREZ 88,San Fernando,-34.638866,-71.36194,true
15608,COLEGIO PEDRO MORALES BARRERA (ex san hernan),SAN FERNANDO,Estab Junaeb,ARGOMEDO 583,San Fernando,-34.57159,-71.000298,true
15610,SAN JOSE DE LA MONTANA,CHIMBARONGO,Estab Junaeb,MIRAFLORES NRO 1050,San Fernando,-34.69796,-71.035652,true
15622,COLEGIO LOMAS BLANCA,NANCAGUA,Estab Junaeb,NANCAGUA,San Fernando,-34.650349,-71.213562,true
15664,COLEGIO MANQUEMAVIDA,SANTA CRUZ,Estab Junaeb,BARREALES 771,San Fernando,-34.629009,-71.372673,true
15683,COLEGIO EVELYN SCHOOL - BASICA,SANTA CRUZ,Estab Junaeb,COLON 414,San Fernando,-34.635632,-71.373703,true
15708,ESCUELA ESPECIAL DE NERQUIHUE,LOLOL,Estab Junaeb,LOLOL,San Fernando,-34.660515,-71.53239,true
15713,COLEGIO ESPECIAL DE LENG RAILEF,PICHILEMU,Estab Junaeb,DIONISIO ACEVEDO 386,San Fernando,-34.388756,-72.00573,true
15716,ESCUELA ESPECIAL DE LENGUAJE RUCALHUE,CHIMBARONGO,Estab Junaeb,BLANCO ENCALADA 08,San Fernando,-34.709015,-71.03944,true
15717,ESCUELA DE LENGUAJE ALCALA,NANCAGUA,Estab Junaeb,21 DE MAYO 294,San Fernando,-34.648087,-71.20365,true
15722,LICEO PART CARDENAL RAUL SILVA HENRIQUEZ,NANCAGUA,Estab Junaeb,JOSE DOMINGO JARAMILLO NRO 34,San Fernando,-34.653271,-71.204163,true
15739,COLEGIO CHIMBARONGO,CHIMBARONGO,Estab Junaeb,CAMIRUAGA CORTINA 32,San Fernando,-34.714191,-71.043602,true
15745,COLEGIO VALLE DE COLCHAGUA,SAN FERNANDO,Estab Junaeb,EL ALAMO N° 525,San Fernando,-34.5797,-71.004028,true
15754,CENTRO DE RECURSOS EDUCATIVOS INTEGRARTE,CHEPICA,Estab Junaeb,AVDA 18 DE SEPTIEMBRE SN,San Fernando,-34.73369,-71.2684,true
15755,COLEGIO SAN NICOLAS,CHIMBARONGO,Estab Junaeb,MIRAFLORES 710,San Fernando,-34.70459,-71.040398,true
15757,COLEGIO SAN ESTEBAN,SAN FERNANDO,Estab Junaeb,PARCELA 11 LOTE B FUNDO EL MEDIO,San Fernando,-34.574558,-70.972328,true
15770,ESCUELA DIVINO MAESTRO,PICHILEMU,Estab Junaeb,LOS JAZMINES SN,San Fernando,-34.395378,-71.990173,true
15778,CENTRO EDUCATIVO ACUARELA,NANCAGUA,Estab Junaeb,SOINCA 19,San Fernando,-34.654526,-71.20292,true
15779,COLEGIO HERMANO DE ASIS,SAN FERNANDO,Estab Junaeb,EL ROBLE 0820,San Fernando,-34.574772,-71.005249,true
15782,CENTRO EDUCATIVO DIFERENCIAL CREEMOS,SAN FERNANDO,Estab Junaeb,EL ROBLE 171,San Fernando,-34.579193,-70.996,true
15790,ESCUELA ESPECIAL AYUDANDO A CRECER - BASICA,CHIMBARONGO,Estab Junaeb,PJE EL SAUCE NRO 13,San Fernando,-34.6962,-71.03268,true
15791,ESC. ESP. DIFERENCIAL SAN ANDRES,PICHILEMU,Estab Junaeb,CARRERA 955,San Fernando,-34.39281,-72.00354,true
15807,COLEGIO ALERCE,CHIMBARONGO,Estab Junaeb,PISAGUA 473,San Fernando,-34.713329,-71.033188,true
15808,LICEO DE PAREDONES,PAREDONES,Estab Junaeb,CAMINO BUCALEMU KM 1,San Fernando,-34.650249,-71.90667,true
15812,COLEGIO BASICO VIOLETA PARRA SANDOVAL,PERALILLO,Estab Junaeb,CAUPOLICAN N° 551,San Fernando,-34.47599,-71.481377,true
15831,ESCUELA ESPECIAL HIRAM,SAN FERNANDO,Estab Junaeb,Quechereguas 485,San Fernando,-34.587826,-70.98989,true
15857,COLEGIO UMBRALES,CHIMBARONGO,Estab Junaeb,miraflores 1166,San Fernando,-34.69331,-71.031464,true
15859,COLEGIO PART. SUBV NANCAGUA SCHOOL,NANCAGUA,Estab Junaeb,21 DE MAYO N° 526,San Fernando,-34.647049,-71.202263,true
16861,ESCUELA DE LENGUAJE DIEGO DUBLE URRUTIA,LITUECHE,Estab Junaeb,Pasaje Gabriela Mistral,San Fernando,-34.11268,-71.72402,true
20330,INSTITUTO RAILEF,PICHILEMU,Estab Junaeb,alto pucalan 520,San Fernando,-34.400261,-72.002563,true
20492,ESCUELA ESPECIAL MASTER EDUCA - BASICA,CHIMBARONGO,Estab Junaeb,"EL PORVENIR, LOTE B S/N",San Fernando,-34.78497,-71.04363,true
40078,ESC. CARDENAL RAUL SILVA HENRIQUEZ,LITUECHE,Estab Junaeb,CAMINO ALCONES S/N,San Fernando,-34.125729,-71.726181,true
40080,LICEO FERMIN DEL REAL CASTILLO,CHEPICA,Estab Junaeb,AVDA. 18 DE SEPTIEMBRE N° 3227,San Fernando,-34.728111,-71.276627,true
40093,ESCUELA DE LENGUAJE KOALA,CHIMBARONGO,Estab Junaeb,Miraflores 1003,San Fernando,-34.711845,-71.041664,true
40209,ESCUELA LENGUAJE ELEFANTE MELODIA,SAN FERNANDO,Estab Junaeb,CALLE GUADALUPE 408,San Fernando,-34.588398,-70.994385,true
42081,ESCUELA HOSPITALARIA SANTA CRUZ,SANTA CRUZ,Estab Junaeb,FEDERICO ERRAZURIZ 921,San Fernando,-34.634588,-71.35731,true
881441,06306402 JARDIN ORILLITA DE RIO,PALMILLA,Estab Junji,LOS NARANJOS 111 LA CALERA,San Fernando,-34.587603,-71.356802,true
881444,06310302 JARDIN PANAMA,SANTA CRUZ,Estab Junji,SECTOR LAGUNILLA S/N ESC. PANAMA,San Fernando,-34.713677,-71.44947,true
881445,06301301 JARDIN LOS LINGUES,SAN FERNANDO,Estab Junji,LOS LINGUES CECI,San Fernando,-34.508909,-70.881949,true
881448,06304403 JARDIN CIELO AZUL,CHEPICA,Estab Junji,ORILLA DE AUQUINCO CHEPICA,San Fernando,-34.7476895,-71.1895969999999,true
881450,06202301 JARDIN ESPIGUITAS,LA ESTRELLA,Estab Junji,GUADALAO S/N,San Fernando,-34.199054,-71.699999,true
881454,06203201 JARDIN MANITOS BLANCAS,LITUECHE,Estab Junji,LITUECHE CENTRO,San Fernando,-34.113936,-71.726185,true
881457,06107303 CECI Quillayes,LAS CABRAS,Estab Junji,QUILLAYES SN,San Fernando,-34.083256,-71.473003,true
884834,06205301 CECI ESTRELLITA DE MAR,NAVIDAD,Estab Junji,LOS PESCADORES S/N ESC. G-388 LA BOCA,San Fernando,-33.986167,-71.8631,true
885349,06306102 JARDIN CORAZON DE NIÑO,PALMILLA,Estab Junji,FUNDO TALHUEN S/N PALMILLA,San Fernando,-34.4963617,-71.3316692,true
885352,JARDIN SEMILLITAS DE PAÑUL,PICHILEMU,Estab Junji,ESC PAÑUL,San Fernando,-34.4965756,-71.9613296,true
885353,06309101 JARDIN CUNCUNITA,PUMANQUE,Estab Junji,"AV ROSARIO 277 PUMANQUE, EX INTERNADO",San Fernando,-34.6036239,-71.6536654,true
885354,06308102 JARDIN PESTAÑITAS,PLACILLA,Estab Junji,"SAN J. DE PENUELAS, ESC. R CACERES P. F-471",San Fernando,-34.6337953,-71.1108273,true
885441,JARDIN VALLE DE LUZ,SANTA CRUZ,Estab Integra,AV. ERRAZURIZ 645,San Fernando,-34.6364938,-71.3589099,true
885523,06201801 JARDIN LOS ANGELITOS,PICHILEMU,Estab Junji,COGUIL S/N ESC. G-359,San Fernando,-34.3866998,-72.0045423999999,true
885524,06205103 JARDIN LOS PECECITOS,NAVIDAD,Estab Junji,LOS PESCADORES S/N ESC. G-388 LA BOCA,San Fernando,-33.9553147,-71.829357,true
885528,06301104 JARDIN RAYO DE LUZ,SAN FERNANDO,Estab Junji,POC. PUENTE NEGRO ESC. D-412 SERGIO VERDUGO,San Fernando,-34.68583,-70.870475,true
885529,06301108 JARDIN COPITO DE NIEVE,SAN FERNANDO,Estab Junji,TALCAREHUE S/N ESC. F-416,San Fernando,-34.686385,-70.870593,true
885530,06301103 JARDIN MANITOS DE ANGEL,SAN FERNANDO,Estab Junji,TALCAREHUE S/N ESC. F-416,San Fernando,-34.650361,-70.854113,true
885531,06301110 JARDIN EL TRENCITO,SAN FERNANDO,Estab Junji,"LONG. SUR KM130, POLONIA, ESC. BERNARDO M.F.",San Fernando,-34.533033,-70.942591,true
885532,06302111 JARDIN LAS OVEJITAS,CHEPICA,Estab Junji,LIMA LA CALERA S/N,San Fernando,-34.725186,-71.319124,true
885533,06302110 JARDIN CARITAS CONTENTAS,CHEPICA,Estab Junji,CAM. PUBLICO KM13 ESC. LAS ALAMEDAS F-317,San Fernando,-34.778872,-71.29963,true
885535,06302902 PMI RINCONCITO FELIZ,CHEPICA,Estab Junji,RINCONADA DE NAVARRO,San Fernando,-34.80516,-71.220743,true
885536,06302105 JARDIN NIDO FELIZ,CHEPICA,Estab Junji,CAM. PUBLICO KM10 ESC. G313 RINC. JAUREGUI,San Fernando,-34.77249,-71.266853,true
885537,06302108 JARDIN MI GRANJITA,CHEPICA,Estab Junji,CAMINO PUBLICO KM 15 PAREDONES,San Fernando,-34.776743,-71.160553,true
885538,06303102 JARDIN LUZ DE ESPERANZA,CHIMBARONGO,Estab Junji,CALLE CODEGUA 093,San Fernando,-34.773061,-70.945777,true
885540,06304902 PMI MEMBRILLITO,LOLOL,Estab Junji,EL MENBRILLITO S/N,San Fernando,-34.80559,-71.628951,true
885541,JARDIN CAMPANITA,NANCAGUA,Estab Junji,ESCUELA F-461 B. O`HIGGINS S/N CUNACO,San Fernando,-34.6523209,-71.1968596999999,true
885542,06306202 JARDIN MILAGRITOS,PALMILLA,Estab Junji,ESCUELA G-512 VALLE HERMOSO,San Fernando,-34.534734,-71.331737,true
885543,06307102 JARDIN LA ESPERANZA,PERALILLO,Estab Junji,CAM. PUMANQUE KM12 ESC. G-306 RINC. MOLINEROS,San Fernando,-34.5287,-71.564489,true
885544,06308104 JARDIN LOS ENANITOS,PLACILLA,Estab Junji,"CAMINO PUBLICO KM 15, LO MOSCOSO",San Fernando,-34.590765,-71.048416,true
885545,06308105 JARDIN LOS GRILLITOS,PLACILLA,Estab Junji,PSJE. EL AROMO S/N RCNADA. DE M. ESC. G-508,San Fernando,-34.624752,-71.039394,true
885546,06310105 JARDIN EL NIDO,SANTA CRUZ,Estab Junji,5 DE ABRIL POB. VALLE HERMOSO 146,San Fernando,-34.639631,-71.36451,true
885547,06310901 PMI LAS MARAVILLAS DEL SABER,SANTA CRUZ,Estab Junji,LA LAJUELAS S/N PMI,San Fernando,-34.657551,-71.410579,true
885549,06310102 JARDIN PERSONITAS,SANTA CRUZ,Estab Junji,CAM. MILLAHUE APALTA KM 12 ESC. F-299,San Fernando,-34.6362484,-71.351761,true
885550,06310902 PMI GOTITAS DE LLUVIA,SANTA CRUZ,Estab Junji,RINCON DE YAQUIL S/N,San Fernando,-34.586633,-71.434556,true
885567,JARDIN EL RINCON DE LOS SUEÑOS,CHIMBARONGO,Estab Junji,CAMINO PUBLICO S/N SECTOR EL RINCON,San Fernando,-34.7228781,-71.074009,true
885882,JARDIN AYEKANTUN,SAN FERNANDO,Estab Integra,CANCHA RAYADA N°81,San Fernando,-34.59103,-70.99934,true
886156,JARDIN BOSQUE MAGICO,PICHILEMU,Estab Integra,AV. CAHUIL 951 B LOTE 2,San Fernando,-34.3976638,-71.9957137,true
886161,JARDIN SUEÑO DE COLORES,SANTA CRUZ,Estab Integra,CAMINO QUINAHUE S/N,San Fernando,-34.6361339,-71.3511337,true
886261,06304901 CECI RANGUIL,LOLOL,Estab Junji,RANGUIL,San Fernando,-34.80559,-71.628951,true
886262,06205802 CECI LAS ARDILLITAS,NAVIDAD,Estab Junji,ESC. G-407 SAN VICENTE DE PUCALAN,San Fernando,-34.008661,-71.721569,true
886264,06206602 CASH EL QUILLAY,PAREDONES,Estab Junji,EL QUILLAY S/N,San Fernando,-34.6477701,-71.8995198,true
886265,06206601 CASH CUTEMU,PAREDONES,Estab Junji,CUTEMU S/N,San Fernando,-34.7780814,-71.8784669,true
886267,JARDIN MANITOS PEQUEÑAS,MARCHIHUE,Estab Junji,LOS MAITENES S/N,San Fernando,-34.3961235,-71.6200289,true
886705,CECI SAN PEDRO DE ALCANTARA,PAREDONES,Estab Junji,SAN PEDRO DE ALCANTARA S/N,San Fernando,-34.7686772,-71.8356381999999,true
886711,JARDIN CAMPANITA (CHACARILLA),NANCAGUA,Estab Junji,CHACARILLA S/N,San Fernando,-34.6523209,-71.1968596999999,true
887220,JARDIN PEQUEÑOS ARCOIRIS,NANCAGUA,Estab Junji,LOS CALLEJONES,San Fernando,-34.6523209,-71.1968596999999,true
887223,JARDIN PARQUE LOS BARRIOS,SAN FERNANDO,Estab Junji,FERNANDO MATURANA N°1215,San Fernando,-34.5739446,-71.0032767,true
888163,INTERNADO FEMENINO,CHIMBARONGO,Estab Junaeb,CAMIRUAGA CORTINA 380,San Fernando,-34.7103808627439,-71.0406439308934,true
888187,INTERNADO EDUARDO CHARME,SAN FERNANDO,Estab Junaeb,ARGOMEDO 485,San Fernando,-34.5829031088031,-70.9901455428581,true
889000,REFUGIO SALESIANO,SAN FERNANDO,Estab Junaeb,SIERRA DE BELLAVISTA S/N,San Fernando,,,true
889026,JARDIN MIRAFLORES II,CHIMBARONGO,Estab Junji,MIRAFLORES #62,San Fernando,-34.7049065,-71.0414425,true
906017,S.C. LOS MIMBRECITOS,CHIMBARONGO,Estab Integra,FERNANDO GUZMAN,San Fernando,-34.6980951,-71.0323508,true
906065,JARDIN SAN GERARDO,PERALILLO,Estab Integra,RINCONADA DE PERALILLO,San Fernando,-34.4762621,-71.4806504,true
906175,JARDIN MUNDO NUEVO,SAN FERNANDO,Estab Integra,FELICIANO SILVA,San Fernando,-34.5728433999999,-70.9973492,true
906184,06303401 JARDIN NUESTRA SEÑORA DE LA MERCED,CHIMBARONGO,Estab Junji,VILLA NUESTRA SRA. DE LA MERCED S/N,San Fernando,-34.70804,-71.044603,true
940362,S.C. MIRAFLORES,CHIMBARONGO,Estab Integra,MARIANO EGAÑA S/N,San Fernando,-34.6901483,-71.0270091,true
941182,06205801 JARDIN EL DESPERTAR DE PUPUYA,NAVIDAD,Estab Junji,CAM. PUBLICO PUPUYA CENTRO S/N,San Fernando,-34.0156959,-71.8452466999999,true
941187,06301402 JARDIN LOS PATRONCITOS,SAN FERNANDO,Estab Junji,AVELINO BARROS 680 POB. SAN JUAN,San Fernando,-34.574072,-71.002509,true
941215,JARDIN NINCURLAUTA,SAN FERNANDO,Estab Integra,AVDA NINCURLAUTA,San Fernando,-34.5715479,-70.9914581,true
942967,06203101 JARDIN FRUTILLITA,LITUECHE,Estab Junji,"CALLE SAN ESTEBAN S/N, QUELENTARO",San Fernando,-34.016111,-71.538364,true
942968,06310402 JARDIN PADRE HURTADO,SANTA CRUZ,Estab Junji,CAMILO HENRIQUEZ S/N PANIAHUE SANTA CRUZ,San Fernando,-34.625372,-71.351975,true
942999,06301113 JARDIN LA ABEJITA,SAN FERNANDO,Estab Junji,CAUPOLICAN S/N POB. LAUTARO MULTICANCHA,San Fernando,-34.5987799,-70.9913732,true
943016,JARDIN MANZANITAS,SAN FERNANDO,Estab Integra,PJE EL BRONCE,San Fernando,-34.5746344,-71.0026561,true
943020,JARDIN MUNDO FELIZ,PALMILLA,Estab Integra,JUAN LEON TOBAR,San Fernando,-34.5316824,-71.3585232,true
943021,06301401 JARDIN WINNIE THE POOH,SAN FERNANDO,Estab Junji,"VILLA STA. GEORGINA, JUAN GODOY 628",San Fernando,-34.581454,-71.006746,true
945200,JARDIN VALLE OSITOS,PERALILLO,Estab Integra,PJE LOURDES,San Fernando,-34.4746446,-71.4824467,true
945207,S.C. PABLO NERUDA,SANTA CRUZ,Estab Integra,FRANCISCO ANTONIO ENCINA,San Fernando,-34.6334495,-71.3503581,true
945212,JARDIN PEQUEÑAS LUMBRERAS,NANCAGUA,Estab Integra,AVDA IGNACIO VALDES,San Fernando,-34.6523209,-71.1968596999999,true
945214,06302401 JARDIN LOS CARIÑOSITOS,CHEPICA,Estab Junji,AVENIDA 18 SEPTIEMBRE SN,San Fernando,-34.73355,-71.268488,true
945218,JARDIN LOS NARANJITOS,NANCAGUA,Estab Integra,PJE TRICAHUE,San Fernando,-34.6471988,-71.2008569,true
945221,SALA CUNA LICEO EDUARDO CHARME,SAN FERNANDO,Estab Integra,ARGOMEDO,San Fernando,-34.5830876,-70.9901794,true
945798,SALA CUNA RAYITO DE LUNA,SAN FERNANDO,Estab Junji,"POLONIA, KM 130 LONG. SUR",San Fernando,,,true
945805,06308404 JARDIN GOTITAS DE AMOR,PLACILLA,Estab Junji,SAN JOSE DE PEÑUELAS S/N PLACILLA,San Fernando,-34.604569,-71.043861,true
945806,SALA CUNA CARACOLITO,SAN FERNANDO,Estab Junji,"AGUA BUENA, CALLE JULIO FERNANDEZ S/N",San Fernando,,,true
945808,S.C. MANITOS TRAVIESAS,SAN FERNANDO,Estab Integra,"SECTOR DE ROMA, LADO ESCUELA",San Fernando,-34.5842562,-70.989941,true
945813,JARDIN SOL DE RODEO,SAN FERNANDO,Estab Integra,PJE. LOS DOMADORES CON LEOPOLDO URRUTIA,San Fernando,-34.5669617,-71.0010705,true
945817,06301403 SALA CUNA LOS ANGELITOS,SAN FERNANDO,Estab Junji,POBL LAUTARO JOSE DE SAN MARTIN SN,San Fernando,-34.594358,-70.980488,true
945819,S.C. LOS ARTESANITOS,CHIMBARONGO,Estab Integra,BLANCO ENCALADA,San Fernando,-34.7079424,-71.0415819999999,true
945821,06310403 JARDIN NICOLAS PALACIOS,SANTA CRUZ,Estab Junji,VIOLETA PARRA S/N POB. NICOLAS PALACIOSS,San Fernando,-34.644025,-71.360247,true
945822,JARDIN SAN JOSE,LA ESTRELLA,Estab Junji,LA AGUADA S/N RUTA I-80,San Fernando,-34.2051972,-71.6547276,true
945824,JARDIN CORCELITOS,SAN FERNANDO,Estab Integra,CALLE NACIMIENTO,San Fernando,-34.5842562,-70.989941,true
945834,06201401 SALA CUNA RAYITO DE SOL,PICHILEMU,Estab Junji,AVDA CAHUIL S/N PUEBLO VIUDAS,San Fernando,-34.403642,-71.995876,true
945842,06304401 SALA CUNA ANGELITOS,LOLOL,Estab Junji,CALLE NUEVA S/N LOLOL,San Fernando,-34.730394,-71.652097,true
945843,06303402 JARDIN BAMBI,CHIMBARONGO,Estab Junji,"TOMAS MENDOZA 197, POB. PABLO NERUDA",San Fernando,-34.697694,-71.033713,true
945852,JARDIN PEQUEÑOS SUEÑOS,SAN FERNANDO,Estab Integra,JUAN JIMENEZ ESQ. CANCHA RALLADA,San Fernando,-34.5912945,-70.9991208,true
945864,06201402 SALA CUNA LOS GRILLITOS,PICHILEMU,Estab Junji,CARDONAL S/N CARDONAL DE PANILONCO,San Fernando,-34.292013,-71.882711,true
945865,S.C. GOTITAS DE AMOR,PICHILEMU,Estab Integra,LAS HORNILLAS SUR No. # 1937 VILLA LAS PROTEASA,San Fernando,-34.38597,-72.0139185,true
945866,S.C. RINCONCITO DE AMOR,PERALILLO,Estab Integra,LOS QUILLAYES,San Fernando,-34.4762621,-71.4806504,true
948631,06306401 JARDIN GOTITAS DE LUNA,PALMILLA,Estab Junji,AGUA SANTA S/N KM 18 HUAIQUI,San Fernando,-34.523377,-71.373188,true
948636,006307402 JARDIN GIRASOL,PERALILLO,Estab Junji,CAUPOLICAN S/N,San Fernando,-34.475076,-71.480366,true
948663,06307403 JARDIN MI TESORO,PERALILLO,Estab Junji,SANTISIMA TRINIDAD S/N POB. PERALILLO,San Fernando,-34.450379,-71.546007,true
948668,06204401 JARDIN FRUTILLITAS,MARCHIHUE,Estab Junji,RINCONADA DE ALCONES S/N,San Fernando,-34.355539,-71.735025,true
948673,06205401 JARDIN LOS BOTECITOS,NAVIDAD,Estab Junji,IGNACIO CARRERA PINTO S/N LOCALIDAD RAPEL,San Fernando,-33.9443,-71.736613,true
948674,06310404 JARDIN MILAGROS,SANTA CRUZ,Estab Junji,CALLE RAMON SAFUNGO S/N SANTA CRUZ,San Fernando,-34.648627,-71.356191,true
949553,06307404 JARDIN LOS GRILLITOS,PERALILLO,Estab Junji,CALLE COLO COLO S/N,San Fernando,-34.480241,-71.481905,true
949559,06303403 JARDIN ARCOIRIS,CHIMBARONGO,Estab Junji,CALLEJON LAS QUEZADAS TINGUIRIRICA,San Fernando,-34.652436,-70.971855,true
949564,06201105 JARDIN CORALITO,PICHILEMU,Estab Junji,"CAHUIL S/N, ESCUELA G-368",San Fernando,-34.4825814999999,-72.0114486,true
949581,06310405 JARDIN DON HORACIO,SANTA CRUZ,Estab Junji,AVENIDA SUECIA 1230,San Fernando,-34.6349,-71.3479,true
949582,06310408 JARDIN NIDO DE ANGELES,SANTA CRUZ,Estab Junji,CALLE 21 DE MAYO N° 265,San Fernando,-34.640288,-71.368847,true
949583,06310406 JARDIN LAS MORITAS,SANTA CRUZ,Estab Junji,GUINDO ALTO S/N,San Fernando,-34.667786,-71.295861,true
949584,06310407 SALA CUNA LA FINCA YAQUIL,SANTA CRUZ,Estab Junji,LA FINCA YAQUIL,San Fernando,-34.586911,-71.434556,true
949587,06302402 SALA CUNA SEMILLITA,CHEPICA,Estab Junji,CAMINO PUBLICO S/N AUQUINCO,San Fernando,-34.765616,-71.194366,true
949588,06303404 JARDIN SAN JOSE,CHIMBARONGO,Estab Junji,CALLE 1 N 98 VILLA SAN JOSE,San Fernando,-34.701075,-71.043105,true
949589,06304402 JARDIN CANGREJITOS,LOLOL,Estab Junji,CAM. PUBLICO S/N SECTOR LA HACIENDA,San Fernando,-34.711058,-71.602033,true
949592,06301406 JARDIN MUNDO FELIZ,SAN FERNANDO,Estab Junji,VALLADOLID 237 LIRCUNLAUTA SAN FERNANDO,San Fernando,-34.571763,-70.988591,true
950550,06307405 JARDIN ORUGUITA,PERALILLO,Estab Junji,SANTA VICTORIA S/N PERALILLO,San Fernando,-34.465435,-71.398779,true
990018,HOGAR ESTUDIANTIL CUNACO,SANTA CRUZ,Estab Junaeb,CARRETERA SAN FDO PICHILEMU KM 35,San Fernando,-34.6154431,-71.3526336,true
995156,06301001 JARDIN HEIDI,SAN FERNANDO,Estab Junji,PSJE. PORTALES S/N POB. LEANDRO SCHILLING,San Fernando,-34.589041,-70.995655,true
995159,06301003 SALA CUNA CAPULLITO,SAN FERNANDO,Estab Junji,MONSEÑOR LARRAIN Nº 1354 VILLA CENTINELA,San Fernando,-34.575572,-70.9951,true
995160,06308403 JARDIN LOS PAMPANITOS,PLACILLA,Estab Junji,GUILLERMO NAVARRO S/N PLACILLA,San Fernando,-34.637297,-71.118,true
995162,06305001 JARDIN LUCERITO,NANCAGUA,Estab Junji,PEDRO DE VALDIVIA S/N NANCAGUA,San Fernando,-34.650794,-71.197905,true
996253,06309102 JARDIN RAYITO DE SOL,PUMANQUE,Estab Junji,AVDA. SANTA CLOTILDE S/N,San Fernando,-34.660269,-71.740908,true
998158,S.C. LAS UVITAS,SAN FERNANDO,Estab Integra,CAMINO ANGOSTURA (COLEGIO),San Fernando,-34.5842562,-70.989941,true
998159,S.C. LOS PEQUES,SAN FERNANDO,Estab Integra,MATEO DE TORO Y ZAMBRANO,San Fernando,-34.5758871,-70.9886346999999,true
998161,S.C. ZANCUDIN,CHEPICA,Estab Integra,MANUEL MONTT,San Fernando,-34.7290264,-71.2785119,true
998162,S.C. ALERCE,SANTA CRUZ,Estab Integra,"LAS CAMELIAS,",San Fernando,-34.6327164,-71.360518,true
998163,JARDIN AMANECER,PICHILEMU,Estab Integra,URRIOLA ESQ. J.J.PEREZ,San Fernando,-34.3912875,-72.003666,true
998164,JARDIN SEMILLITA,NAVIDAD,Estab Integra,JUAN MONTES,San Fernando,-33.9563999,-71.8287048,true
998165,JARDIN LOS PETALITOS,LITUECHE,Estab Integra,BERNARDO O'HIGGINS,San Fernando,-34.1204887,-71.7290867999999,true
998166,JARDIN LA ESTRELLITA,LA ESTRELLA,Estab Integra,ARTURO PRAT,San Fernando,-34.2051972,-71.6547276,true
998167,JARDIN LOS MOLINITOS,MARCHIHUE,Estab Integra,MARIA ERRAZURIZ,San Fernando,-34.4020834,-71.6175746,true
998168,JARDIN RAYITO DE SOL,PAREDONES,Estab Integra,CAMINO PUBLICO A BUCALEMU LOTEO 49,San Fernando,-34.6519651,-71.9001447999999,true
998169,JARDIN EL AROMITO,PAREDONES,Estab Integra,DOCTOR MOORE,San Fernando,-34.6469236,-71.8994809,true
8489,TERESA PRAT DE SARRATEA,SANTIAGO,Estab Junaeb,GENERAL GANA 959,Santiago,-33.47071,-70.645814,true
8492,MANUEL BARROS BORGONO,SANTIAGO,Estab Junaeb,SAN DIEGO 1547,Santiago,-33.466963,-70.648888,true
8495,LICEO CONFEDERACION SUIZA,SANTIAGO,Estab Junaeb,GENERAL URRIOLA 680,Santiago,-33.451304,-70.637776,true
8496,LIBERTADOR JOSE DE SAN MARTIN,SANTIAGO,Estab Junaeb,ROBERTO ESPINOZA 801,Santiago,-33.456134,-70.653229,true
8498,LICEO DARIO SALAS,SANTIAGO,Estab Junaeb,AVENIDA ESPANA 585,Santiago,-33.455643,-70.669156,true
8501,COMERCIAL GABRIEL GONZALEZ VIDELA,SANTIAGO,Estab Junaeb,ARGOMEDO 360,Santiago,-33.450077,-70.637322,true
8507,COMERCIAL JOAQUIN VERA INSUCO DOS,SANTIAGO,Estab Junaeb,AVENIDA ESPANA 554,Santiago,-33.455493,-70.668653,true
8513,REPUBLICA DEL URUGUAY,SANTIAGO,Estab Junaeb,TOCORNAL 533,Santiago,-33.449866,-70.6403,true
8518,COMPLEJO ESTACION CENTRAL,ESTACION CENTRAL,Estab Junaeb,PURISIMA 58,Santiago,-33.456606,-70.698432,true
8520,PROVINCIA DE CHILOE,SANTIAGO,Estab Junaeb,RONDIZZONI 2738,Santiago,-33.470746,-70.671369,true
8521,CARLOS CONDELL DE LA HAZA,ESTACION CENTRAL,Estab Junaeb,TRANSIT 661,Santiago,-33.461464,-70.700384,true
8531,IRENE FREI DE CID,SANTIAGO,Estab Junaeb,SAN FRANCISCO 1706,Santiago,-33.467792,-70.644024,true
8533,BENJAMIN VICUNA MACKENNA,SANTIAGO,Estab Junaeb,VICUNA MACKENNA 635,Santiago,-33.449762,-70.631837,true
8535,REPUBLICA DE BRASIL,SANTIAGO,Estab Junaeb,LUIS COUSINO 1984,Santiago,-33.472059,-70.659262,true
8537,ARNALDO FALABELLA,ESTACION CENTRAL,Estab Junaeb,CORONEL GODOY 555,Santiago,-33.458589,-70.692224,true
8540,REPUBLICA DE HAITI,SANTIAGO,Estab Junaeb,BASCUNAN GUERRERO 910,Santiago,-33.474713,-70.651608,true
8544,ARTURO ALESSANDRI PALMA,ESTACION CENTRAL,Estab Junaeb,ALAMEDA BERNARDO OHIGGINS 4558,Santiago,-33.456016,-70.69875,true
8549,FERNANDO ALESSANDRI RODRIGUEZ,SANTIAGO,Estab Junaeb,LORD COCHRANE 850,Santiago,-33.456773,-70.653663,true
8554,LICEO METROPOLITANO DE ADULTOS,SANTIAGO,Estab Junaeb,VICTORIA 456,Santiago,-33.469337,-70.64488,true
8555,REPUBLICA DEL LIBANO,SANTIAGO,Estab Junaeb,LUIS COUSINO 1980,Santiago,-33.455707,-70.658099,true
8556,REPUBLICA DE AUSTRIA,ESTACION CENTRAL,Estab Junaeb,LUIS CRUZ MARTINEZ 4431,Santiago,-33.475292,-70.69499,true
8558,ESCUELA BASICA VICTOR JARA,ESTACION CENTRAL,Estab Junaeb,LOS PINGUINOS 4250 POBNOGALES,Santiago,-33.471515,-70.69188,true
8562,SANTIAGO DE CHILE E70,SANTIAGO,Estab Junaeb,SANTIAGUILLO 1053,Santiago,-33.460927,-70.648042,true
8563,REPUBLICA DE MEXICO,SANTIAGO,Estab Junaeb,RAULI 585,Santiago,-33.449571,-70.636693,true
8576,REYES CATOLICOS,SANTIAGO,Estab Junaeb,SANTA ELENA 1829,Santiago,-33.467958,-70.627863,true
8579,UNION LATINOAMERICANA,ESTACION CENTRAL,Estab Junaeb,SANTA TERESA 1071,Santiago,-33.463481,-70.691737,true
8581,PILOTO PARDO,SANTIAGO,Estab Junaeb,LORD COCHRANE 1487,Santiago,-33.466155,-70.652762,true
8585,CENTRO CAPACITACION LABORAL,SANTIAGO,Estab Junaeb,GAY 1898,Santiago,-33.45429,-70.66036,true
8586,ESPECIAL JUAN SANDOVAL CARRASCO,SANTIAGO,Estab Junaeb,LORD COCHRANE 1819,Santiago,-33.47032,-70.65161,true
8587,LICEO DE ADULTOS ESTACION CENTRAL,ESTACION CENTRAL,Estab Junaeb,AVENIDA BERNARDO O HIGGINS N 4552,Santiago,-33.455536,-70.69752,true
8617,POLITECNICO SARA BLINDER DARGOLTZ,SANTIAGO,Estab Junaeb,SAN DIEGO 1650,Santiago,-33.467809,-70.648533,true
8625,INDUSTRIAL SAN VICENTE DE PAUL,SANTIAGO,Estab Junaeb,TOESCA 3090,Santiago,-33.456698,-70.677269,true
8657,POLIVALENTE SAN ALBERTO,ESTACION CENTRAL,Estab Junaeb,SANTA TERESA 1785 POBLACION NOGALES,Santiago,-33.470747,-70.691858,true
8658,FRANCISCO ARRIARAN,SANTIAGO,Estab Junaeb,AVENIDA MATTA 1089,Santiago,-33.459191,-70.648872,true
8659,FRANCISCO OLEA,SANTIAGO,Estab Junaeb,AVENIDA MATTA 919,Santiago,-33.458723,-70.646512,true
8661,GUILLERMO MATTA,SANTIAGO,Estab Junaeb,SANTA ROSA 1247,Santiago,-33.46163,-70.642993,true
8663,HERMANOS MATTE,SANTIAGO,Estab Junaeb,NATANIEL COX 2263 ESQUINA PLACER,Santiago,-33.475348,-70.649546,true
8665,PATRONATO SAN ANTONIO,SANTIAGO,Estab Junaeb,PEDRO LAGOS 536,Santiago,-33.46478,-70.63813,true
8666,SANTA ISABEL,SANTIAGO,Estab Junaeb,SANTIAGO CONCHA 1775,Santiago,-33.467833,-70.638002,true
8678,SILVIA SALAS EDWARDS,ESTACION CENTRAL,Estab Junaeb,ANTOFAGASTA 3575,Santiago,-33.46673,-70.68381,true
8812,INDUSTRIAL VICTOR BESANILLA,SANTIAGO,Estab Junaeb,SAN ALFONSO 1605,Santiago,-33.468877,-70.673168,true
8814,INDUSTRIAL A22,SANTIAGO,Estab Junaeb,SIERRA BELLA 1141,Santiago,-33.457691,-70.63689,true
9862,POLIVALENTE GUILLERMO FELIU CRUZ,ESTACION CENTRAL,Estab Junaeb,AVENIDA 5 DE ABRIL 4800,Santiago,-33.46382,-70.70144,true
9866,LICEO COMERCIAL,ESTACION CENTRAL,Estab Junaeb,AVENIDA 5 DE ABRIL 4936,Santiago,-33.464226,-70.702082,true
9869,REPUBLICA DE FRANCIA,ESTACION CENTRAL,Estab Junaeb,LAITEC 5850 CON CHAMIZA,Santiago,-33.47616,-70.710876,true
9872,PROFESOR RAMON DEL RIO,ESTACION CENTRAL,Estab Junaeb,CHACAO 1036 LAS REJAS SUR,Santiago,-33.466036,-70.702886,true
9873,PACTO ANDINO,ESTACION CENTRAL,Estab Junaeb,LAS LILAS 5810,Santiago,-33.463514,-70.709209,true
9879,CAROLINA VERGARA AYARES,ESTACION CENTRAL,Estab Junaeb,COYHAIQUE 6055,Santiago,-33.473611,-70.705169,true
9880,ESTADO DE PALESTINA,ESTACION CENTRAL,Estab Junaeb,COYHAIQUE 6215,Santiago,-33.473583,-70.701607,true
9912,ASCENCION NICOL,ESTACION CENTRAL,Estab Junaeb,JUANA WEBER 4601,Santiago,-33.468745,-70.699007,true
9930,JOSE ANTONIO LECAROS,ESTACION CENTRAL,Estab Junaeb,PASAJE DEL CARMELO 182,Santiago,-33.463997,-70.698807,true
12130,MARIA TERESA SCHOOL,SANTIAGO,Estab Junaeb,BASCUÑAN GUERRERO 1351,Santiago,-33.46665,-70.672398,true
25575,ESPECIAL ALAMEDA,ESTACION CENTRAL,Estab Junaeb,CALLE TITAN 4947,Santiago,-33.458546,-70.70276,true
31295,LICEO BICENTENARIO ITALIA,SANTIAGO,Estab Junaeb,NATANIEL COX 1851,Santiago,-33.470562,-70.64999,true
881276,POLIVALENTE SAN ALBERTO ANEXO 8657,ESTACION CENTRAL,Estab Junaeb,CAPITAN GALVEZ 4060,Santiago,-33.4684505761623,-70.6893335487009,true
886284,NUEVO HORIZONTE,SANTIAGO,Estab Integra,ZENTENO 1624,Santiago,-33.4674280239377,-70.6495603333595,true
886753,COQUIMBO,SANTIAGO,Estab Integra,COQUIMBO 729,Santiago,-33.4554847443141,-70.6446161910308,true
888522,SANTIAGO INCLUYE,SANTIAGO,Estab Junaeb,SAN FRANCISCO # 51,Santiago,-33.444238216459,-70.6472506333608,true
888536,EDUCÁNDONOS JUNTOS MEJORAMOS NUESTRA VIDA,SANTIAGO,Estab Junaeb,ABDÓN CINFUENTES #40. SEDE SINACAR CARTEROS DE CHI,Santiago,-33.4484066864468,-70.6656938910312,true
888695,RE-EDÚCATE ESTACIÓN CENTRAL CHILE DERECHOS,ESTACION CENTRAL,Estab Junaeb,av Manuel Thompson 4308,Santiago,-33.4564176933184,-70.6942878045247,true
888755,SAN ALBERTO,ESTACION CENTRAL,Estab Integra,CAPITÁN GÁLVEZ 4060,Santiago,-33.4684058267335,-70.6892691756888,true
946036,AVELUZ,ESTACION CENTRAL,Estab Junji,QUENCHI ESQ AEROPUERTO,Santiago,-33.4742476030231,-70.7119985710425,true
946051,SC LAS LUCIERNAGAS,ESTACION CENTRAL,Estab Junji,GANDARILLAS CON COLECTOR,Santiago,-33.4701275363502,-70.6924910412384,true
946064,COPIAPO,SANTIAGO,Estab Junji,COPIAPO N 1342,Santiago,-33.4558020474364,-70.6532031756895,true
946067,GABRIELA MISTRAL,SANTIAGO,Estab Junji,NATANIEL N 2029 SANTIAGO,Santiago,-33.4723944873053,-70.6498975621946,true
946074,MARCELA PAZ,SANTIAGO,Estab Junji,ZENTENO N 1695 SANTIAGO,Santiago,-33.4684285259781,-70.6498949045241,true
946606,LOS CARIÑOSITOS,ESTACION CENTRAL,Estab Junji,UROFOSFATO N 4867 POB SANTIAGO,Santiago,-33.4784140289027,-70.6998008139607,true
946727,SC SAN FCO DE ASISIS,SANTIAGO,Estab Junji,SAN FRANCISCO N 1315,Santiago,-33.4621970010912,-70.6451529123767,true
946743,SOR TERESITA DE LOS ANDES,SANTIAGO,Estab Junji,JUAN VICUNA N 1650,Santiago,-33.467231123382,-70.6431793333595,true
946748,PADRE ALBERTO HURTADO,SANTIAGO,Estab Junji,ZENTENO N 821,Santiago,-33.4557215907766,-70.6515124835433,true
946754,APOSTOL SANTIAGO,SANTIAGO,Estab Junji,MANUEL ANTONIO TOCORNAL N 18,Santiago,-33.4569582401777,-70.6382428547076,true
946764,NEMESIO ANTUNEZ,SANTIAGO,Estab Junji,WALDO SILVA N 2185,Santiago,-33.4741983414146,-70.6517137333592,true
946781,JAPON,SANTIAGO,Estab Junji,AVDA DIEZ DE JULIO HUAMACHUCO N 760,Santiago,-33.4534566822554,-70.6455389333602,true
946792,PABLO NERUDA,SANTIAGO,Estab Junji,AVDA GENERAL RONDIZZONI N 2722,Santiago,-33.4706863842128,-70.6707927756886,true
946797,PEDRO AGUIRRE CERDA,SANTIAGO,Estab Junji,ARGOMEDO N 372,Santiago,-33.4499970824882,-70.6376520198665,true
946904,ARTEMISA,ESTACION CENTRAL,Estab Junji,PSJE CORONEL SOUPER N 4844,Santiago,-33.4599993473951,-70.7010525412127,true
946909,KIMELU,ESTACION CENTRAL,Estab Junji,PSJE MAGALLANES N 6234 V LAS CARMELITAS,Santiago,-33.4703515784979,-70.703382018018,true
947115,CELESTE AMANECER,SANTIAGO,Estab Junji,SANTA ROSA N 1727,Santiago,-33.4675415152534,-70.642524739363,true
947118,MIS PRIMERAS HUELLAS,ESTACION CENTRAL,Estab Junji,COHAIQUE N 6225,Santiago,-33.4735700384577,-70.7009616045239,true
947123,AYELEN,ESTACION CENTRAL,Estab Junji,HUILLINCO N 6062,Santiago,-33.474163238413,-70.7055161333591,true
947129,ESTACION ALEGRIA,ESTACION CENTRAL,Estab Junji,DIAGONAL N 4687,Santiago,-33.4764450864344,-70.6971272547018,true
947280,NIETOS DE BELLO,SANTIAGO,Estab Junji,DOMEIKO N°2050,Santiago,-33.456109596998,-70.6632953045247,true
947296,COYHAIQUE,ESTACION CENTRAL,Estab Junji,COYHAIQUE ESQUINA LAS REJAS,Santiago,-33.4733319572007,-70.7034361546864,true
947477,MOLINA,SANTIAGO,Estab Junji,VICTOR MANUEL 1860,Santiago,-33.4696013199303,-70.6406629970331,true
995437,ESPERANZA,ESTACION CENTRAL,Estab Junji,JOTABECHE N 594 POB CORNELIA OLIVARES,Santiago,-33.4576935027058,-70.6853329045246,true
995438,MIS PRIMEROS PASOS,ESTACION CENTRAL,Estab Junji,MANUEL CHACON N 2229 POB OSCAR BONILLA,Santiago,-33.4762911652058,-70.6911204661827,true
995440,WILLI-MAPU,ESTACION CENTRAL,Estab Junji,DALCAHUE N 5877 POB ROBERT KENNEDY,Santiago,-33.4757669733648,-70.7100637888784,true
995441,ANTILEN,ESTACION CENTRAL,Estab Junji,LEON XIII 1885,Santiago,-33.4645249078691,-70.702466239364,true
998554,ESTACIÓN MULTICOLOR,ESTACION CENTRAL,Estab Integra,ARICA 3702,Santiago,-33.4589596054502,-70.6856334756892,true
998555,TAI-TAI,ESTACION CENTRAL,Estab Integra,LA UNIÓN 3485,Santiago,-33.4748413398835,-70.683917546853,true
998556,AMULEN,ESTACION CENTRAL,Estab Integra,EL LINGUE 336,Santiago,-33.4655497695734,-70.7098139180182,true
2730,ESCUELA ESPECIAL,CURICO,Estab Junaeb,AVDCIRCUNVDROSORIO NO744,Talca,-34.994663,-71.244186,true
2732,LICEO FERNANDO LAZCANO,CURICO,Estab Junaeb,YUNGAY 517,Talca,-34.985668,-71.24015,true
2733,LICEO LUIS CRUZ MARTINEZ,CURICO,Estab Junaeb,ESTADO 176,Talca,-34.98592,-71.239143,true
2734,ESCUELA ING JORGE ALESSANDRI,CURICO,Estab Junaeb,AVENIDA ALESSANDRI No. 1700,Talca,-34.975231,-71.222633,true
2735,ESCUELA JOSE MANUEL BALMACEDA,CURICO,Estab Junaeb,MERCED 715,Talca,-34.972649,-71.23082,true
2736,PALESTINA,CURICO,Estab Junaeb,MANUEL RODRIGUEZ N° 482,Talca,-34.986382,-71.242447,true
2737,ESCUELA JAPON,CURICO,Estab Junaeb,POBL. LOS AROMOS BALMACEDA S/N,Talca,-34.990822,-71.248871,true
2738,ESCUELA BRASIL,CURICO,Estab Junaeb,CARMEN 1080,Talca,-34.978691,-71.239487,true
2740,ESCUELA GRECIA,CURICO,Estab Junaeb,YUNGAY 249,Talca,-34.9949,-71.23912,true
2741,ESCUELA ERNESTO CASTRO ARELLANO,CURICO,Estab Junaeb,CARMEN No.1030,Talca,-34.97934,-71.239143,true
2742,REPUBLICA ORIENTAL DEL URUGUAY,CURICO,Estab Junaeb,AVENIDA COLON 1200,Talca,-34.976299,-71.25267,true
2744,ESCUELA ESPANA,CURICO,Estab Junaeb,MEMBRILLAR 319,Talca,-34.987869,-71.23716,true
2745,ESCUELA CATALUNA,CURICO,Estab Junaeb,MEMBRILLAR ESQ. MERINO JARPA,Talca,-34.992081,-71.236588,true
2747,ESCUELA SAN ANTONIO,CURICO,Estab Junaeb,POBLJKENNEDYLOS SAUCES SN,Talca,-34.989784,-71.231323,true
2748,ESCUELA REPUBLICA ARGENTINA,CURICO,Estab Junaeb,AVDA GUAIQUILLO S/N,Talca,-34.997002,-71.243202,true
2749,ESCUELA AGUAS NEGRAS,CURICO,Estab Junaeb,POBL. AGUAS NEGRAS MATAQUITO,Talca,-34.996761,-71.256088,true
2750,MARIA INES RODRIGUEZ,CURICO,Estab Junaeb,POBL CURICO YUGOSLAVIA 87,Talca,-34.97538,-71.226593,true
2751,ESCUELA REPUBLICA DE VENEZUELA,CURICO,Estab Junaeb,CHACABUCO S/N,Talca,-34.996181,-71.235092,true
2753,ESC. REPUBLICA ESTADOS UNIDOS,CURICO,Estab Junaeb,SAN LUIS CAMINO LOS NICHES,Talca,-35.064548,-71.169731,true
2754,ESCUELA POTRERO GRANDE,CURICO,Estab Junaeb,POTRERO GRANDE,Talca,-35.18095,-71.105637,true
2755,DOMINGO FAUSTINO SARMIENTO,CURICO,Estab Junaeb,SARMIENTO,Talca,-34.934971,-71.196716,true
2756,ESCUELA DIEGO PORTALES,CURICO,Estab Junaeb,CORDILLERILLA,Talca,-35.124668,-71.147751,true
2758,OSVALDO CORREA F,CURICO,Estab Junaeb,TUTUQUEN BAJO,Talca,-34.979092,-71.340469,true
2759,EL MAITENAL,CURICO,Estab Junaeb,TUTUQUEN ALTO,Talca,-34.954781,-71.292412,true
2761,ESCUELA LA OBRA,CURICO,Estab Junaeb,LA OBRA,Talca,-35.023209,-71.219383,true
2762,EL PORVENIR,CURICO,Estab Junaeb,EL PORVENIR,Talca,-35.002911,-71.189919,true
2763,ITALIA,CURICO,Estab Junaeb,LOS NICHES LAS PIEDRAS KM 14,Talca,-35.12598,-71.147392,true
2764,ESCUELA ISLA DE MARCHANT,CURICO,Estab Junaeb,ISLA DE MARCHANT,Talca,-34.93924,-71.263573,true
2765,ESCUELA AGUSTIN LARA,CURICO,Estab Junaeb,POTRERO GRANDE,Talca,-35.205238,-71.076813,true
2766,VICTOR VERGARA CAMPOS,CURICO,Estab Junaeb,RINCON DE SARMIENTO,Talca,-34.900959,-71.196083,true
2767,LOS CRISTALES,CURICO,Estab Junaeb,LOS CRISTALES,Talca,-34.979752,-71.194832,true
2768,JOSE DOLORES MORALES,CURICO,Estab Junaeb,UPEO,Talca,-35.133129,-71.040672,true
2771,PABLO NERUDA,CURICO,Estab Junaeb,CHEQUENLEMU,Talca,-35.096889,-71.080597,true
2776,EL MAITEN,CURICO,Estab Junaeb,EL MAITEN,Talca,-35.045422,-71.132294,true
2780,ESCUELA HOLANDA,CURICO,Estab Junaeb,LOS GUINDOS,Talca,-34.918449,-71.236679,true
2782,ESCUELA SAN RAMON NONATO,CURICO,Estab Junaeb,AVENIDA SAN MARTIN 570,Talca,-34.989792,-71.241379,true
2793,LICEO POLITECNICO JUAN TERRIER D.,CURICO,Estab Junaeb,YUNGAY No. 1154,Talca,-34.977509,-71.241028,true
2794,TRABAJOS VOLUNT. - LICEO TENO,TENO,Estab Junaeb,DOCTOR FAUNDEZ S/N,Talca,-34.87067,-71.164963,true
2795,ESCUELA TENO,TENO,Estab Junaeb,LAUTARO S/N,Talca,-34.871998,-71.166489,true
2796,ESCUELA COMALLE,TENO,Estab Junaeb,COMALLE,Talca,-34.84874,-71.26944,true
2799,PURISIMA,TENO,Estab Junaeb,PURISIMA,Talca,-34.873192,-71.08519,true
2800,MORZA,TENO,Estab Junaeb,MORZA,Talca,-34.911659,-71.001167,true
2801,EDUARDO FREI MONTALVA,TENO,Estab Junaeb,SAN RAFAEL,Talca,-34.821079,-71.071831,true
2802,SANTA SUSANA,TENO,Estab Junaeb,STA SUSANA,Talca,-34.921051,-71.028397,true
2803,LAS ARBOLEDAS,TENO,Estab Junaeb,LAS ARBOLEDAS,Talca,-34.858669,-71.187363,true
2804,ESCUELA MANUEL RODRIGUEZ ERDOIZA,TENO,Estab Junaeb,LA LAGUNA,Talca,-34.959221,-70.971161,true
2805,VENTANA DEL BAJO,TENO,Estab Junaeb,VENTANA DEL BAJO,Talca,-34.91814,-71.074226,true
2806,VINA HUEMUL,TENO,Estab Junaeb,VINA HUEMUL,Talca,-34.834999,-70.99366,true
2809,LAS LIRAS,TENO,Estab Junaeb,LAS LIRAS,Talca,-34.86644,-71.021156,true
2814,ESCUELA SAN RAFAEL,TENO,Estab Junaeb,SAN RAFAEL,Talca,-34.840351,-71.102997,true
2816,SANTA REBECA,TENO,Estab Junaeb,STA REBECA,Talca,-34.866661,-71.067848,true
2817,SAN CRISTOBAL,TENO,Estab Junaeb,SAN CRISTOBAL,Talca,-34.882099,-71.147583,true
2819,TENIENTE CRUZ,TENO,Estab Junaeb,COLONIA TENIENTE CRUZ,Talca,-34.893101,-71.102547,true
2820,LOS ALISOS,TENO,Estab Junaeb,LOS ALISOS,Talca,-34.90028,-71.258881,true
2821,ESCUELA PART SAN SEBASTIAN,TENO,Estab Junaeb,RINCON DE MORALES,Talca,-34.86396,-71.226547,true
2822,ESCUELA ARTURO ALESANDRI P.,ROMERAL,Estab Junaeb,AVDA REPUBLICA 1237,Talca,-34.962761,-71.125908,true
2823,RAMON FREIRE,ROMERAL,Estab Junaeb,AVDA BRASIL No. 330,Talca,-34.95853,-71.124496,true
2825,AMERICA LATINA,ROMERAL,Estab Junaeb,ROMERAL BAJO,Talca,-34.962158,-71.172478,true
2826,TRES ESQUINAS,ROMERAL,Estab Junaeb,TRES ESQUINAS,Talca,-34.96294,-71.100418,true
2827,GUAICO CENTRO,ROMERAL,Estab Junaeb,GUAICO CENTRO,Talca,-34.96257,-71.049179,true
2829,ESCUELA LUIS ESCOBAR LARA,ROMERAL,Estab Junaeb,LOS QUENES,Talca,-34.999939,-70.81765,true
2830,GUAICO TRES,ROMERAL,Estab Junaeb,GUAICO TRES,Talca,-34.969158,-71.012733,true
2831,EL CALABOZO,ROMERAL,Estab Junaeb,EL CALABOZ0,Talca,-34.97979,-70.983681,true
2832,EL PEUMAL,ROMERAL,Estab Junaeb,EL PEUMAL,Talca,-35.00988,-71.056717,true
2866,ESCUELA VILLA PRAT,SAGRADA FAMILIA,Estab Junaeb,VILLA PRAT,Talca,-35.094971,-71.613113,true
2867,LICEO MONS. ENRIQUE CORNEJO,SAGRADA FAMILIA,Estab Junaeb,ESMERALDA S/N,Talca,-34.9986,-71.385269,true
2868,SANTA ROSA,SAGRADA FAMILIA,Estab Junaeb,SANTA ROSA,Talca,-35.0467,-71.310333,true
2870,ESCUELA LA ISLA,SAGRADA FAMILIA,Estab Junaeb,LA ISLA,Talca,-35.029839,-71.296967,true
2871,ESCUELA LO VALDIVIA,SAGRADA FAMILIA,Estab Junaeb,LO VALDIVIA,Talca,-34.99445,-71.348679,true
2873,ESCUELA PETEROA,SAGRADA FAMILIA,Estab Junaeb,PETEROA,Talca,-35.020241,-71.434097,true
2874,EL DURAZNO,SAGRADA FAMILIA,Estab Junaeb,EL DURAZNO,Talca,-35.124741,-71.600853,true
2875,SANTA EMILIA,SAGRADA FAMILIA,Estab Junaeb,SANTA EMILIA,Talca,-35.053539,-71.485626,true
2876,LOS QUILLAYES,SAGRADA FAMILIA,Estab Junaeb,LOS QUILLAYES,Talca,-35.071159,-71.474953,true
2877,LA HIGUERILLA,SAGRADA FAMILIA,Estab Junaeb,LA HIGUERILLA,Talca,-35.02338,-71.322403,true
2879,SANTA MARIA,VICHUQUEN,Estab Junaeb,LA QUIRIGUA,Talca,-34.783482,-72.018028,true
2882,LICEO HUALANE,HUALANE,Estab Junaeb,ARTURO PRAT S/N,Talca,-34.975441000000004,-71.80587,true
2883,ESC. LA HUERTA DE MATAQUITO,HUALANE,Estab Junaeb,LA HUERTAGABRIELA MISTRAL S/N,Talca,-35.090488,-71.66172,true
2884,ESCUELA CARLOS CORREA NUNEZ,HUALANE,Estab Junaeb,MIRA RIO,Talca,-34.993408,-71.758438,true
2885,ORILLA DE NAVARRO,HUALANE,Estab Junaeb,ORILLA DE NAVARRO,Talca,-35.062191,-71.619141,true
2888,ESCUELA EDUARDO NUNEZ,HUALANE,Estab Junaeb,ESPINALILLO,Talca,-34.86837,-71.856712,true
2890,JOSE ALIAGA R,HUALANE,Estab Junaeb,LOS SAUCES,Talca,-34.89476,-71.882874,true
2892,BARBA RUBIA,HUALANE,Estab Junaeb,BARBA RUBIA,Talca,-34.943539,-71.652779,true
2893,CAONE,HUALANE,Estab Junaeb,CAONE,Talca,-34.95602,-71.586609,true
2894,ESCUELA AMELIA VIAL DE CONCHA,HUALANE,Estab Junaeb,PERALILLO,Talca,-35.026932,-71.72464,true
2895,ESCUELA PART LOS COIPOS,HUALANE,Estab Junaeb,LOS COIPOS,Talca,-34.919441,-71.667053,true
2896,LICEO AUGUSTO SANTELICES V.,LICANTEN,Estab Junaeb,ALEJANDRO ROJAS N° 390,Talca,-34.984058,-71.985947,true
2901,ESCUELA LOS COPIHUES,LICANTEN,Estab Junaeb,LOS JUNQUILLOS,Talca,-34.964241,-71.961456,true
2903,SALVADOR ALLENDE,LICANTEN,Estab Junaeb,LA PESCA,Talca,-34.960911,-72.184647,true
2907,PLAYA LINDA LIPIMAVIDA,VICHUQUEN,Estab Junaeb,LIPIMAVIDA,Talca,-34.845188,-72.140129,true
2908,ESCUELA ALEJANDRO ROJAS SIERRA,LICANTEN,Estab Junaeb,LORA,Talca,-35.020691,-72.065231,true
2909,NUEVO HORIZONTE,VICHUQUEN,Estab Junaeb,COMERCIO S/N,Talca,-34.881351,-71.992638,true
2910,ESCUELA ENTRE AGUAS,VICHUQUEN,Estab Junaeb,LLICO IGNACIO CARRERA P S/N,Talca,-34.760769,-72.077698,true
2911,ESCUELA LAGO VICHUQUEN,VICHUQUEN,Estab Junaeb,HUINE,Talca,-34.851608,-72.040207,true
2914,ESCUELA EMA CORNEJO,VICHUQUEN,Estab Junaeb,BOYERUCA,Talca,-34.689281,-72.04924,true
2917,ESCUELA RAUCO,RAUCO,Estab Junaeb,BALMACEDA No. 32,Talca,-34.925701,-71.316551,true
2918,LOS ALMENDROS,RAUCO,Estab Junaeb,PALQUIBUDI,Talca,-35.03619,-71.538567,true
2920,EL QUILPOCO,RAUCO,Estab Junaeb,QUILPOCO,Talca,-34.95623,-71.345718,true
2921,LA ALBORADA,RAUCO,Estab Junaeb,EL LLANO,Talca,-34.910198,-71.299583,true
2927,EL PLUMERO,RAUCO,Estab Junaeb,EL PLUMERO,Talca,-34.8815,-71.266518,true
2928,EL PARRON,RAUCO,Estab Junaeb,EL PARRON,Talca,-34.921749,-71.507599,true
2930,ESCUELA CULTURA Y DIFUSION ARTISTICA,TALCA,Estab Junaeb,2 ORIENTE No. 625,Talca,-35.43243,-71.66478,true
2931,ESCUELA DE PARVULOS,TALCA,Estab Junaeb,2 SUR 1741,Talca,-35.4291,-71.651672,true
2934,LICEO TECNICO AMELIA COURBIS,TALCA,Estab Junaeb,4 ORIENTE 1210,Talca,-35.426022,-71.660881,true
2935,LICEO MARTA DONOSO ESPEJO,TALCA,Estab Junaeb,4 NORTE 1334,Talca,-35.422951,-71.657043,true
2938,LICEO COMERCIAL,TALCA,Estab Junaeb,3 NORTE 655,Talca,-35.422909,-71.666634,true
2940,LICEO CARLOS CONDELL,TALCA,Estab Junaeb,14 ORIENTE 7 SUR 465,Talca,-35.43597,-71.646202,true
2941,ESCUELA SARGENTO 2° DANIEL REBOLLEDO,TALCA,Estab Junaeb,9 ORIENTE 10 Y 11 SUR SN,Talca,-35.442829,-71.655586,true
2943,ESCUELA HECTOR PEREZ BIOTT,TALCA,Estab Junaeb,2 SUR 18 ORIENTE 1010,Talca,-35.430069,-71.6408,true
2946,ESCUELA CARLOS SPANO,TALCA,Estab Junaeb,POBL. INDEPENDENCIA CIRCUNVALAC,Talca,-35.437679,-71.670883,true
2948,ESCUELA CARLOS SALINAS,TALCA,Estab Junaeb,1 SUR 4 ORIENTE S/N,Talca,-35.429508,-71.665077,true
2949,ESCUELA EB TALCA,TALCA,Estab Junaeb,8 ORIENTE 3 Y 4 SUR No. 841,Talca,-35.430969,-71.655899,true
2950,ESCUELA EL EDEN,TALCA,Estab Junaeb,SANTA ROSA S/N,Talca,-35.434662,-71.675903,true
2951,ESCUELA LA FLORIDA,TALCA,Estab Junaeb,POBL LA FLORIDA LOS BOLDOS S/N,Talca,-35.435249,-71.682747,true
2955,ESCUELA BRILLA EL SOL,TALCA,Estab Junaeb,6 ORIENTE 11 SUR,Talca,-35.440639,-71.661438,true
2956,ESCUELA AURORA DE CHILE,TALCA,Estab Junaeb,POBLAURORA DE CHILE,Talca,-35.448601,-71.668678,true
2958,ESCUELA JOSE ABELARDO NUNEZ,TALCA,Estab Junaeb,1 SUR 13 Y 14 ORIENTE 2051,Talca,-35.42865,-71.645821,true
2959,ESCUELA MANSO DE VELASCO,TALCA,Estab Junaeb,POBL. MANSO DE VELASCO 5 SUR,Talca,-35.434929,-71.64135,true
2964,ESCUELA LAS AMERICAS,TALCA,Estab Junaeb,14 SUR 9 Y 10 ORIENTE S/N,Talca,-35.448818,-71.6577,true
2966,ESCUELA COSTANERA,TALCA,Estab Junaeb,8 12 SUR 6 Y 7 ORIENTE SN,Talca,-35.436501,-71.658882,true
2968,ESCUELA EL TABACO,TALCA,Estab Junaeb,POBL EL TABACO 14 ORIENTE S/N,Talca,-35.448528,-71.649063,true
2974,LICEO IGNACIO CARRERA PINTO,TALCA,Estab Junaeb,CIRCUNVALACION IGNACIO CARRERA N° 1111,Talca,-35.430969,-71.634987,true
2990,ESC. PART AMOR DE DIOS,TALCA,Estab Junaeb,8 ORIENTE 9 SUR 345,Talca,-35.436489,-71.656433,true
2991,COLEGIO MONSENOR MANUEL LARRAIN,TALCA,Estab Junaeb,3 SUR 14 ORIENTE 895,Talca,-35.43111,-71.645782,true
2994,ESC. ESPECIAL EVANGELICA PRESBITERIANA,TALCA,Estab Junaeb,2 SUR 8 ORIENTE,Talca,-35.438118,-71.67435,true
3003,COLEGIO PIAGET,TALCA,Estab Junaeb,2 ORIENTE 884,Talca,-35.431339,-71.664719,true
3005,LICEO SANTA TERESITA,TALCA,Estab Junaeb,2 SUR 4 ORIENTE 1102,Talca,-35.428841,-71.661247,true
3006,CENTRO EDUC. SALESIANO TALCA,TALCA,Estab Junaeb,2 SUR No. 1147,Talca,-35.428551,-71.660713,true
3008,ESCUELA ABATE MOLINA,TALCA,Estab Junaeb,POBLCIENFUEGOSADEL RIO 140,Talca,-35.446388,-71.658234,true
3110,ESCUELA MAULE,MAULE,Estab Junaeb,BALMACEDA No. 460,Talca,-35.524601,-71.693077,true
3111,ESCUELA CULENAR,TALCA,Estab Junaeb,CULENAR,Talca,-35.448639,-71.690224,true
3112,CALLEJONES,MAULE,Estab Junaeb,CALLEJONES,Talca,-35.513741,-71.639641,true
3113,ESCUELA COLIN,MAULE,Estab Junaeb,COLIN,Talca,-35.475319,-71.743027,true
3114,ESCUELA CHACARILLA,MAULE,Estab Junaeb,CHACARILLA,Talca,-35.483181,-71.65654,true
3115,ESCUELA DUAO,MAULE,Estab Junaeb,DUAO,Talca,-35.555851,-71.596336,true
3117,ESCUELA NUMPAY,MAULE,Estab Junaeb,NUMPAY,Talca,-35.490711,-71.705429,true
3118,QUINIPEUMO,MAULE,Estab Junaeb,QUINIPEUMO,Talca,-35.552231,-71.637733,true
3121,EL FUERTE,MAULE,Estab Junaeb,EL FUERTE,Talca,-35.518051,-71.599121,true
3122,EL CANELO,MAULE,Estab Junaeb,EL CANELO,Talca,-35.536308,-71.619049,true
3123,SANTA ROSA DE LAVADEROS,MAULE,Estab Junaeb,SANTA ROSA DE LAVADEROS,Talca,-35.548191,-71.744339,true
3124,LINARES DE PERALES,MAULE,Estab Junaeb,LINARES DE PERALES,Talca,-35.469318,-71.843369,true
3125,VILLA COBIN,MAULE,Estab Junaeb,VILLA COBIN,Talca,-35.470531,-71.791473,true
3126,LICEO TEC. AGRICOLA MARIA AUXILIADORA,MAULE,Estab Junaeb,COLIN,Talca,-35.46714,-71.732033,true
3127,LICEO AGRICOLA,MAULE,Estab Junaeb,DUAO,Talca,-35.55349,-71.594452,true
3128,LICEO SAN IGNACIO,EMPEDRADO,Estab Junaeb,AGUSTIN QUINTANA S/N,Talca,-35.59116,-72.27697,true
3130,PELLINES,EMPEDRADO,Estab Junaeb,LOS PELLINES,Talca,-35.53548,-72.287598,true
3134,LA ORILLA,EMPEDRADO,Estab Junaeb,LA ORILLA,Talca,-35.607052,-72.220093,true
3138,LICEO PENCAHUE,PENCAHUE,Estab Junaeb,FERNANDO PAROT SILVA No. 225,Talca,-35.387825,-71.809975,true
3139,BATUCO,PENCAHUE,Estab Junaeb,BATUCO,Talca,-35.322559,-71.955963,true
3140,CORINTO,PENCAHUE,Estab Junaeb,CORINTO,Talca,-35.445911,-71.866951,true
3143,LO FIGUEROA,PENCAHUE,Estab Junaeb,LO FIGUEROA,Talca,-35.405781,-71.756317,true
3146,ESCUELA,PENCAHUE,Estab Junaeb,CANCHA DE QUILLAY,Talca,-35.373268,-71.976303,true
3158,LA PATAGUA,PENCAHUE,Estab Junaeb,LA PATAGUA,Talca,-35.33429,-71.711746,true
3159,TOCONEY,PENCAHUE,Estab Junaeb,TOCONEY,Talca,-35.405739,-72.090446,true
3163,LICEO POLITECNICO,CONSTITUCION,Estab Junaeb,CRUZ 60,Talca,-35.330429,-72.406403,true
3165,LICEO DE CONSTITUCION,CONSTITUCION,Estab Junaeb,FREIRE 350,Talca,-35.329781,-72.412041,true
3166,ESC. ENRIQUE DONN MULLER,CONSTITUCION,Estab Junaeb,BULNES No. 861,Talca,-35.333672,-72.407028,true
3168,NUEVA BILBAO,CONSTITUCION,Estab Junaeb,BLANCO 1450,Talca,-35.338749,-72.400169,true
3169,CERRO ALTO,CONSTITUCION,Estab Junaeb,ROSAS 1304,Talca,-35.343578,-72.416267,true
3170,ESC. ESPECIAL MAESTRA FRESIA HORMAZABAL,CONSTITUCION,Estab Junaeb,TOCORNAL No. 220,Talca,-35.334354,-72.406815,true
3172,PUTU,CONSTITUCION,Estab Junaeb,PUTU LUIS CRUZ MARTINEZ SN,Talca,-35.2136,-72.285896,true
3173,PEDRO GARCIA,CONSTITUCION,Estab Junaeb,CRUCE EMPEDRADO VILLA STA OLGA,Talca,-35.45433,-72.273872,true
3174,LAS CORRIENTES,CONSTITUCION,Estab Junaeb,LAS CORRIENTES,Talca,-35.51791,-72.176849,true
3176,JUNQUILLAR,CONSTITUCION,Estab Junaeb,JUNQUILLAR,Talca,-35.274361,-72.348679,true
3177,MI MAROMILLAS,CONSTITUCION,Estab Junaeb,MAROMILLAS,Talca,-35.252991,-72.319183,true
3179,BARRANQUILLAS,CONSTITUCION,Estab Junaeb,BARRANQUILLAS,Talca,-35.447762,-72.257713,true
3185,JARDIN COSTA BLANCA,CONSTITUCION,Estab Junaeb,EL PARRON,Talca,-35.471191,-72.175972,true
3186,LOS PINOS,CONSTITUCION,Estab Junaeb,SAN PEDRO,Talca,-35.515072,-72.438927,true
3187,CARRIZALILLO,CONSTITUCION,Estab Junaeb,CARRIZALILLOS,Talca,-35.3601,-72.172173,true
3189,TERESA CONSUELO,CONSTITUCION,Estab Junaeb,OVEJERIA,Talca,-35.305981,-72.311699,true
3190,QUEBRADA VERDE,CONSTITUCION,Estab Junaeb,QUEBRADA VERDE,Talca,-35.355572,-72.083908,true
3191,AURORA DE C,CONSTITUCION,Estab Junaeb,CARRIZAL,Talca,-35.251381,-72.24588,true
3196,LEONTINA LETELIER,CONSTITUCION,Estab Junaeb,CHANQUIUQUE,Talca,-35.145821,-72.194107,true
3198,EDUARDO MACHADO,CONSTITUCION,Estab Junaeb,FOREL,Talca,-35.387001,-72.176193,true
3201,ESC. SANTA ROSA,CONSTITUCION,Estab Junaeb,OHIGGINS 641,Talca,-35.332211,-72.408867,true
3202,COLEGIO ARTURO PRAT,CONSTITUCION,Estab Junaeb,ONEDERRA 453,Talca,-35.3312,-72.413177,true
3203,COL. SANTIAGO ONEDERRA,CONSTITUCION,Estab Junaeb,PINTO 415,Talca,-35.330589,-72.408157,true
3205,LICEO LUIS EDMUNDO CORREA R.,CUREPTO,Estab Junaeb,LORD COCHRANE 8,Talca,-35.089539,-72.02121,true
3206,ESCUELA GUALLECO,CUREPTO,Estab Junaeb,GUALLECO CHACABUCO 1,Talca,-35.24781,-71.983963,true
3207,ESCUELA CUREPTO,CUREPTO,Estab Junaeb,MANUEL RODRIGUEZ No. 6,Talca,-35.099689,-72.011032,true
3208,ESCUELA LIMAVIDA,CUREPTO,Estab Junaeb,LIMAVIDA,Talca,-35.03191,-71.769997,true
3209,ESCUELA HUAQUEN,CUREPTO,Estab Junaeb,HUAQUEN,Talca,-35.116039,-71.694366,true
3212,ESCUELA DEUCA,CUREPTO,Estab Junaeb,DEUCA,Talca,-35.12431,-71.950333,true
3213,ESCUELA LA TRINCHERA,CUREPTO,Estab Junaeb,LA TRINCHERA,Talca,-35.115761,-72.197594,true
3215,ESCUELA TABUNCO,CUREPTO,Estab Junaeb,TABUNCO,Talca,-35.196209,-71.988281,true
3216,ESCUELA CAPILLA RAPILERMO,CUREPTO,Estab Junaeb,CAPILLA DE RAPILERMO,Talca,-35.135132,-71.925629,true
3217,ESCUELA CALPUN,CUREPTO,Estab Junaeb,CALPUN,Talca,-35.018879,-72.042084,true
3219,ESCUELA LA ORILLA,CUREPTO,Estab Junaeb,LA ORILLA,Talca,-35.05114,-72.077141,true
3221,ESCUELA DOCAMAVIDA,CUREPTO,Estab Junaeb,DOCAMAVIDA,Talca,-35.010818,-71.932854,true
3223,ESCUELA DOMULGO,CUREPTO,Estab Junaeb,DOMULGO,Talca,-35.049381,-71.905586,true
3229,MANANTIALES,CUREPTO,Estab Junaeb,MANANTIALES,Talca,-35.153381,-71.912514,true
3230,PARAGUAY,CUREPTO,Estab Junaeb,PARAGUAY,Talca,-34.998569,-72.010887,true
3233,ESCUELA JOSE MIGUEL CARRERA,CUREPTO,Estab Junaeb,QUEBRADA DE REYES,Talca,-35.103414,-71.942633,true
3235,RAPILERMO,CUREPTO,Estab Junaeb,RAPILERMO,Talca,-35.183399,-71.842087,true
3236,QUEBRADA DE LOS GUINDOS,CUREPTO,Estab Junaeb,QUEBRADA DE LOS GUINDOS,Talca,-35.203972,-71.863564,true
3238,HUELON,CUREPTO,Estab Junaeb,HUELON,Talca,-35.078671,-72.046707,true
3242,POBLACION,CUREPTO,Estab Junaeb,POBLACION,Talca,-35.136478,-71.831642,true
3244,ESCUELA ESPECIAL,LINARES,Estab Junaeb,BRASIL ESQLOS COPIHUES SN,Talca,-35.857639,-71.595222,true
3247,LICEO JUAN IGNACIO MOLINA,LINARES,Estab Junaeb,LAUTARO SN,Talca,-35.850571,-71.595467,true
3253,ESCUELA 450 ( JUAN MARTINEZ DE ROZAS ),LINARES,Estab Junaeb,FCO. ANTONIO ENCINA ESQ. GRAL. CRISTI,Talca,-35.852959,-71.601486,true
3258,ESCUELA BASICA ESPANA,LINARES,Estab Junaeb,MANUEL RODRIGUEZ 342,Talca,-35.848068,-71.598183,true
3268,SALIDA HUAPI,LINARES,Estab Junaeb,LINARES SALIDA HUAPI,Talca,-35.862431,-71.595482,true
3291,ESCUELA JOSE MIGUEL CARRERA,LINARES,Estab Junaeb,PASAJE JOSE MCARRERA 24,Talca,-35.868519,-71.590767,true
3297,ESC. PROSPERO VILLAR,LINARES,Estab Junaeb,AVDA. ESFUERZO No. 1528,Talca,-35.860809,-71.587578,true
3298,LICEO NUESTRA SRA DEL ROSARIO,LINARES,Estab Junaeb,BRASIL No. 165,Talca,-35.85154,-71.593277,true
3299,COLEGIO MARCELA PAZ,LINARES,Estab Junaeb,MAIPU 534,Talca,-35.850819,-71.597351,true
3304,ESCUELA SAN MIGUEL ARCANGEL,LINARES,Estab Junaeb,COLO COLO N° 392,Talca,-35.849979,-71.599319,true
3308,COLEGIO CONCEPCION,LINARES,Estab Junaeb,OHIGGINS 313,Talca,-35.857079,-71.603828,true
3348,LICEO ARTURO ALESSANDRI PALMA,LONGAVI,Estab Junaeb,1 PONIENTE 4 SUR,Talca,-35.968189,-71.686974,true
3349,ESC. LUIS ROZAS ARISTIA,LONGAVI,Estab Junaeb,2 PONIENTE 289,Talca,-35.96854,-71.688583,true
3352,ESC. ANSELMO TAPIA LOYOLA,LONGAVI,Estab Junaeb,ALTOS DE LLOLLINCO,Talca,-35.850109,-71.743019,true
3353,ESC. ROBERTO OPAZO GALVEZ,LONGAVI,Estab Junaeb,MESAMAVIDA,Talca,-35.956291,-71.559578,true
3354,ESC. ONOFRE VASQUEZ NORAMBUENA,LONGAVI,Estab Junaeb,VILLA SAN LUIS,Talca,-35.94656,-71.622597,true
3355,ESC. GABRIELA MISTRAL,LONGAVI,Estab Junaeb,PAINE,Talca,-35.993038,-71.711952,true
3356,ESC. CARDENAL JOSE MARIA CARO,LONGAVI,Estab Junaeb,LA TERCERA,Talca,-36.02401,-71.620918,true
3358,ESC. JOSE MIGUEL CARRERA,LONGAVI,Estab Junaeb,MIRAFLORES,Talca,-35.91888,-71.650551,true
3359,ESC. LAURA URRUTIA BENAVENTE,LONGAVI,Estab Junaeb,SAN JOSE,Talca,-36.150349,-71.581558,true
3361,ESC. FRANCISCO URRUTIA URRUTIA,LONGAVI,Estab Junaeb,LA QUINTA,Talca,-36.05415,-71.567574,true
3362,ESC. GABRIEL BENAVENTE BENAVENTE,LONGAVI,Estab Junaeb,LOS CRISTALES,Talca,-36.015141,-71.650688,true
3364,ESC. LUIS PEREIRA INIGUEZ,LONGAVI,Estab Junaeb,BODEGA,Talca,-35.816219,-71.791862,true
3365,ESC. MARIA AMBROSIA TAPIA MENDEZ,LONGAVI,Estab Junaeb,PASO CUNAO,Talca,-35.879559,-71.757187,true
3366,ESC. CARLOS MONTERO JARAMILLO,LONGAVI,Estab Junaeb,SAN ESTEBAN,Talca,-35.91507,-71.608398,true
3367,ESC. DOMINGA CUELLAR IBANEZ,LONGAVI,Estab Junaeb,HUIMEO,Talca,-35.82618,-71.76445,true
3368,ESC. JUAN SEGUNDO MUNOZ BRIONES,LONGAVI,Estab Junaeb,LA PUNTILLA,Talca,-35.941422,-71.505852,true
3369,ESC. ROBERTO MUNOZ VALDES,LONGAVI,Estab Junaeb,RINCON DE ACHIBUENO,Talca,-35.860451,-71.703247,true
3371,ESC. PAULA JARAQUEMADA,LONGAVI,Estab Junaeb,LA SEXTA,Talca,-36.131489,-71.600807,true
3373,ESCUELA EL CARMEN,LONGAVI,Estab Junaeb,EL CARMEN,Talca,-36.080959,-71.544823,true
3375,ESCUELA CARLOS CONDELL,LONGAVI,Estab Junaeb,LOMA LA TERCERA,Talca,-36.09095,-71.667297,true
3376,ESC. MARCELA PAZ,LONGAVI,Estab Junaeb,ESPERANZA PLAN,Talca,-36.17041,-71.557907,true
3377,ESC. MANUEL ROZAS ARISTIA,LONGAVI,Estab Junaeb,EL TRANSITO,Talca,-36.062641,-71.552994,true
3381,ESC. ANGEL CRUCHAGA SANTA MARIA,LONGAVI,Estab Junaeb,LOMAS DE POLCURA,Talca,-36.001869,-71.540787,true
3382,ESC. PEDRO ALESSANDRI VARGAS,LONGAVI,Estab Junaeb,LLANO LAS PIEDRAS,Talca,-36.087749,-71.622726,true
3383,ESC. SANTIAGO BUERAS AVARIA,LONGAVI,Estab Junaeb,LAS MERCEDES,Talca,-36.019539,-71.644241,true
3384,ESC. RAMBERTO CARRERA MARTINEZ,LONGAVI,Estab Junaeb,VEGA DEL MOLINO,Talca,-35.991371,-71.470306,true
3387,LICEO FEDERICO HEISE M.,PARRAL,Estab Junaeb,URRUTIA S/N,Talca,-36.150681,-71.823921,true
3389,COLEGIO SANTIAGO URRUTIA BENAVENTE,PARRAL,Estab Junaeb,POBL. VINA DEL MAR 4 PTE S/N,Talca,-36.13522,-71.842278,true
3390,LUIS GOMEZ MUNOZ,PARRAL,Estab Junaeb,2 SUR N° 800,Talca,-36.149078,-71.822937,true
3393,ESCUELA ARRAU MENDEZ,PARRAL,Estab Junaeb,FRANCISCO BELMAR No. 155,Talca,-36.144032,-71.837097,true
3395,MIDER ORREGO QUEVEDO,PARRAL,Estab Junaeb,IGUALDAD 584,Talca,-36.143188,-71.829002,true
3396,CEIA JUANITA ZUNIGA,PARRAL,Estab Junaeb,ANIBAL PINTO 395,Talca,-36.139492,-71.827332,true
3398,JOSE MATTA CALLEJON,PARRAL,Estab Junaeb,BUENOS AIRES No. 258,Talca,-36.133331,-71.81987,true
3400,CATILLO,PARRAL,Estab Junaeb,"CATILLO BDO. O""HIGGINS S/N",Talca,-36.291271,-71.651253,true
3401,ESCUELA EL LIBERTADOR,PARRAL,Estab Junaeb,REMULCAO KM 18,Talca,-36.254581,-71.690407,true
3402,PALMA ROSA,PARRAL,Estab Junaeb,PALMA ROSA,Talca,-36.053699,-71.520599,true
3404,IGNACIO URRUTIA DE LA SOTA,PARRAL,Estab Junaeb,VILLA ROSA,Talca,-36.22374,-71.737823,true
3405,ARMANDO GUZMAN MORALES,PARRAL,Estab Junaeb,RENAICO,Talca,-36.243488,-71.914513,true
3406,CARLOS ZUNIGA FUENTES,PARRAL,Estab Junaeb,LUCUMILLA,Talca,-36.177959,-71.897072,true
3408,ESCUELA FRANCISCO MAUREIRA,PARRAL,Estab Junaeb,TALQUITA,Talca,-36.23671,-71.808357,true
3413,VILLA REINA,PARRAL,Estab Junaeb,VILLA REINA,Talca,-36.199001,-71.763481,true
3419,EL CIENAGO,PARRAL,Estab Junaeb,CIENAGO,Talca,-36.067421,-71.852638,true
3421,JUAN BULNES ALDUNATE,PARRAL,Estab Junaeb,PERQUILAUQUEN,Talca,-36.07814,-72.079422,true
3429,LA FORTUNA,PARRAL,Estab Junaeb,LA FORTUNA,Talca,-36.167271,-71.835701,true
3430,INSTITUTO PARRAL,PARRAL,Estab Junaeb,BALMACEDA 120,Talca,-36.132622,-71.822388,true
3431,LICEO SAN JOSE,PARRAL,Estab Junaeb,DIECIOCHO 550,Talca,-36.137451,-71.825821,true
3432,COLEGIO LA PROVIDENCIA,PARRAL,Estab Junaeb,POBIGNACIO CARRERA PINTO 623,Talca,-36.144489,-71.825508,true
3433,COLEGIO CONCEPCION,PARRAL,Estab Junaeb,ANIBAL PINTO 1020,Talca,-36.162361,-71.832771,true
3434,LICEO GUILLERMO MARIN L.,RETIRO,Estab Junaeb,BOMBERO E MUNOZ S/N,Talca,-36.056702,-71.762657,true
3435,ESCUELA MANUEL MONTT,RETIRO,Estab Junaeb,ERRAZURIZ No. 480,Talca,-36.054779,-71.763023,true
3436,ESCUELA COPIHUE,RETIRO,Estab Junaeb,COPIHUE B. OHIGGINS S/N,Talca,-36.09219,-71.800888,true
3437,R. BARROS LUCO,RETIRO,Estab Junaeb,PIGUCHEN,Talca,-35.979439,-71.772758,true
3439,SAN ISIDRO,RETIRO,Estab Junaeb,SAN ISIDRO,Talca,-36.082829,-71.731422,true
3440,ESCUELA GERTRUDIS ALARCON ARCE,RETIRO,Estab Junaeb,VILLASECA VSEPULVEDA SN,Talca,-35.86298,-71.83844,true
3442,COLEGIO AJIAL,RETIRO,Estab Junaeb,EL AJIAL,Talca,-36.16127,-71.738243,true
3443,LOS CUARTELES,RETIRO,Estab Junaeb,LOS CUARTELES,Talca,-36.211849,-71.605957,true
3444,AMANDA BENAVENTE,RETIRO,Estab Junaeb,HACIENDA CUNAO,Talca,-35.921951,-71.740097,true
3445,ROMERAL,RETIRO,Estab Junaeb,ROMERAL,Talca,-36.188591,-71.666481,true
3447,SAN ADRIANA,RETIRO,Estab Junaeb,PROYECTO SANTA LUISA,Talca,-36.005138,-71.729652,true
3448,SANTA ISABEL,RETIRO,Estab Junaeb,SANTA ISABEL,Talca,-36.11393,-71.759369,true
3449,SAN RAMON,RETIRO,Estab Junaeb,SAN RAMON,Talca,-36.008011,-71.840424,true
3450,ESCUELA SANTA DELFINA,RETIRO,Estab Junaeb,SANTA DELFINA S/N,Talca,-36.143082,-71.658653,true
3452,HIGUERILLAS,RETIRO,Estab Junaeb,HIGUERILLA,Talca,-35.934292,-71.859642,true
3453,SANTA CECILIA,RETIRO,Estab Junaeb,SANTA CECILIA,Talca,-36.151119,-71.708717,true
3454,LOS ROBLES,RETIRO,Estab Junaeb,LOS ROBLES,Talca,-36.147751,-71.715363,true
3457,MANTUL,RETIRO,Estab Junaeb,MANTUL,Talca,-35.86187,-71.796669,true
3458,EL BONITO,RETIRO,Estab Junaeb,EL BONITO,Talca,-35.989578,-71.903397,true
3459,LA CAPILLA,RETIRO,Estab Junaeb,LA CAPILLA,Talca,-36.1511,-71.648827,true
3460,COLEGIO LAS CAMELIAS,RETIRO,Estab Junaeb,LOS CUARTELES CASA N° 224,Talca,-36.212749,-71.604446,true
3537,HORIZONTE,CAUQUENES,Estab Junaeb,POBLCAUQUENES PJE 19,Talca,-35.962227,-72.335152,true
3538,LICEO ANTONIO VARAS - BASICA,CAUQUENES,Estab Junaeb,CLAUDINA URRUTIA N° 252,Talca,-35.969471,-72.31456,true
3539,LICEO CLAUDINA URRUTIA,CAUQUENES,Estab Junaeb,CATEDRAL SN,Talca,-35.96645,-72.316093,true
3540,LICEO POLITECNICO,CAUQUENES,Estab Junaeb,CHACABUCO 899,Talca,-35.965012,-72.32103,true
3541,ANIBAL PINTO,CAUQUENES,Estab Junaeb,ANIBAL PINTO SN,Talca,-35.964279,-72.31588,true
3544,BLANCO ENCALADA,CAUQUENES,Estab Junaeb,CHACABUCO ESQ SAN IGNACIO SN,Talca,-35.965229,-72.320534,true
3545,ASENCIO JARA,CAUQUENES,Estab Junaeb,SALINAS ESQ. ALESSANDRI S/N,Talca,-35.983498,-72.315201,true
3546,INDEPENDENCIA,CAUQUENES,Estab Junaeb,MAIPU 115,Talca,-35.968529,-72.313683,true
3548,ROSITA OHIGGINS,CAUQUENES,Estab Junaeb,POBLROSITA OHIGGINS,Talca,-35.961102,-72.338142,true
3549,ESCUELA PORONGO,CAUQUENES,Estab Junaeb,PORONGO,Talca,-35.948841,-72.347458,true
3550,P. CONCEPCION,CAUQUENES,Estab Junaeb,POCILLAS AVDA CEMENTARIO,Talca,-36.161549,-72.230988,true
3551,LOS CONQUISTADORES,CAUQUENES,Estab Junaeb,LA QUINTA,Talca,-35.959492,-72.298286,true
3552,ADOLFO QUIROZ,CAUQUENES,Estab Junaeb,QUELLA,Talca,-36.05891,-72.09211,true
3554,CLORINDO ALVEAR,CAUQUENES,Estab Junaeb,CORONEL DE MAULE,Talca,-36.049782,-72.456161,true
3555,OCTAVIO PALMA,CAUQUENES,Estab Junaeb,BALMACEDA SN SAUZAL,Talca,-35.71664,-72.126007,true
3564,SILVESTRE PAIVA MANRIQUEZ,CAUQUENES,Estab Junaeb,LIUCURA,Talca,-36.07935,-72.280991,true
3569,JAVIERA CARRERA,CAUQUENES,Estab Junaeb,SANTA SOFIA,Talca,-35.967651,-72.352089,true
3573,PEDRO DE VALDIVIA,CAUQUENES,Estab Junaeb,LA VEGA,Talca,-35.870869,-72.428757,true
3579,RINCON DE PILEN,CAUQUENES,Estab Junaeb,RINCON DE PILEN,Talca,-36.015251,-72.416359,true
3580,PEDERNALES,CAUQUENES,Estab Junaeb,PEDERNALES,Talca,-35.907249,-72.158783,true
3583,MARIA GONZALEZ VEGA,CAUQUENES,Estab Junaeb,PILEN,Talca,-35.970711,-72.427094,true
3586,CHORRILLOS,CAUQUENES,Estab Junaeb,CHORRILLOS,Talca,-36.03091,-72.268272,true
3588,ESTER URRUTIA,CAUQUENES,Estab Junaeb,LA POSADA,Talca,-36.006802,-72.344521,true
3596,CAPILLA PILEN,CAUQUENES,Estab Junaeb,CAYURRANQUIL,Talca,-35.979321,-72.579262,true
3599,MIXTA ATENEA,CAUQUENES,Estab Junaeb,TRES ESQUINAS,Talca,-36.144749,-72.298157,true
3601,VISTA ALEFRE,CAUQUENES,Estab Junaeb,VISTA ALEGRE,Talca,-36.1344,-72.1893,true
3602,EL TROZO,CAUQUENES,Estab Junaeb,EL TROZO,Talca,-35.974098,-72.613167,true
3604,CABRERIA,CAUQUENES,Estab Junaeb,CABRERIA,Talca,-35.964279,-72.31588,true
3608,LICEO INMACULADA CONCEPCION,CAUQUENES,Estab Junaeb,ANTONIO VARAS 604,Talca,-35.966148,-72.31826,true
3609,PELLUHUE,PELLUHUE,Estab Junaeb,ABDON FUENTEALBA SN PELLUHUE,Talca,-35.811852,-72.572548,true
3610,CURANIPE,PELLUHUE,Estab Junaeb,COMERCIO SN CURANIPE,Talca,-35.847118,-72.638321,true
3611,BLANCA BUSTOS,PELLUHUE,Estab Junaeb,CHOVELLEN,Talca,-35.910912,-72.664284,true
3612,SAN ALFONSO,PELLUHUE,Estab Junaeb,CANELILLOS,Talca,-35.972172,-72.65078,true
3614,JOSE RIVAS H,PELLUHUE,Estab Junaeb,EL CARDONAL,Talca,-35.89119,-72.674583,true
3615,MARCELA PAZ,PELLUHUE,Estab Junaeb,SALTO DE AGUA,Talca,-35.958199,-72.676224,true
3616,PAISAJE HERMOSO,PELLUHUE,Estab Junaeb,QUILICURA,Talca,-35.924061,-72.686752,true
3618,LICEO FEDERICO ALBERT,CHANCO,Estab Junaeb,YERBAS BUENAS SN,Talca,-35.732342,-72.533493,true
3619,LOS HEROES,CHANCO,Estab Junaeb,SAN AMBROSIO 66,Talca,-35.734791,-72.533562,true
3621,SAN AMBROSIO,CHANCO,Estab Junaeb,ABDON FUENTEALBA No. 997,Talca,-35.65308,-72.530228,true
3622,PAHUIL,CHANCO,Estab Junaeb,PAHUIL,Talca,-35.614738,-72.563278,true
3623,CARRERAS CORTAS,CHANCO,Estab Junaeb,CARRERAS CORTAS,Talca,-35.674061,-72.522926,true
3624,LOS PEUMOS,CHANCO,Estab Junaeb,LOS PEUMOS,Talca,-35.66526,-72.468163,true
3625,GABRIELA MISTRAL,CHANCO,Estab Junaeb,LAGUNILLAS,Talca,-35.773151,-72.457489,true
3626,RELOCA,CHANCO,Estab Junaeb,RELOCA,Talca,-35.661999,-72.53595,true
3629,EL SAUCE,CHANCO,Estab Junaeb,EL SAUCE,Talca,-35.633308,-72.477821,true
3630,RICARDO SALGADO,CHANCO,Estab Junaeb,EL CARMIN,Talca,-35.745529,-72.411407,true
3631,EMA VASQUEZ,CHANCO,Estab Junaeb,HUICHAHUE,Talca,-35.71199,-72.356117,true
3632,ANTONIETA VERGARA,CHANCO,Estab Junaeb,QUIRIMAVIDA,Talca,-35.778759,-72.438423,true
3633,QUINIPATO,CHANCO,Estab Junaeb,QUINIPATO,Talca,-35.647812,-72.514153,true
3636,LOANCO,CHANCO,Estab Junaeb,LOANCO,Talca,-35.58997,-72.624786,true
11318,ESCUELA DIFERENCIAL SANTA ADRIANA,PARRAL,Estab Junaeb,ARTURO PRAT N 528,Talca,-36.14267,-71.82831,true
11333,ESCUELA OSVALDO HIRIART C.,PENCAHUE,Estab Junaeb,BOTALCURA,Talca,-35.283298,-71.783302,true
11336,COLEGIO PART NOBEL SCHOOL,PARRAL,Estab Junaeb,DIECIOCHO 1090,Talca,-36.143059,-71.817841,true
11350,ESCUELA ESPECIAL BELLAVISTA,TENO,Estab Junaeb,AVDA BELLAVISTA PARADERO 7,Talca,-34.879208,-71.16056,true
11352,EL GUINDO,TENO,Estab Junaeb,EL GUINDO,Talca,-34.855419,-71.333542,true
16406,ESCUELA DIFERENCIAL,SAGRADA FAMILIA,Estab Junaeb,VALDIVIA S/N,Talca,-34.999348,-71.3791,true
16410,ESC. ABATE MOLINA,LONGAVI,Estab Junaeb,1 NORTE 99,Talca,-35.966,-71.68647,true
16415,COLEGIO RAUQUEN,CURICO,Estab Junaeb,CAMINO RAUQUEN S/N,Talca,-34.971611,-71.209892,true
16417,POLITECNICO SAN JOSE,CURICO,Estab Junaeb,CHACABUCO 45,Talca,-34.99118,-71.235397,true
16418,JARDIN ALBORADA,LONGAVI,Estab Integra,6 NORTE ESQ.1 ORIENTE 812,Talca,-35.963002,-71.688159,true
16421,PEQUEÑOS GIGANTES,CONSTITUCION,Estab Integra,TOCORNAL ESQ.PJE.NRO.5 S/N,Talca,-35.3376690512442,-72.4154691945067,true
16422,JARDIN SOL Y LUNA,CONSTITUCION,Estab Integra,O'HIGGINS 1256,Talca,-35.338042,-72.4055226,true
16423,PAPELUCHO,LICANTEN,Estab Integra,CIRO BOETTO S/N,Talca,-34.985437889719,-71.9837412803235,true
16428,ESCUELA MONSENOR MANUEL LARRAIN,HUALANE,Estab Junaeb,PEDRO AGUIRRE CERDA No. 346,Talca,-34.97406,-71.804321,true
16429,ESCUELA DIFERENCIAL LAS ILUSIONES,CURICO,Estab Junaeb,ARGOMEDO 740,Talca,-34.987312,-71.21204,true
16441,LICEO SANTA MARTA,TALCA,Estab Junaeb,14 ORIENTE 3 12 SUR SN,Talca,-35.432388,-71.645317,true
16444,COLEGIO EDUARDO MARTIN ABEJON,CONSTITUCION,Estab Junaeb,COSTANERA FLUVIAL 1850,Talca,-35.340511,-72.406403,true
16446,COLEGIO JUANPIAMARTA,TALCA,Estab Junaeb,5 ORIENTE 20 NORTE,Talca,-35.43856,-71.66761,true
16448,INSTITUTO COMERCIAL STA MARTA,CURICO,Estab Junaeb,CAMILO HENRIQUEZ S/N,Talca,-34.980621,-71.236252,true
16452,LICEO POLITEC AGUAS NEGRAS,CURICO,Estab Junaeb,POBLAC AGUAS NEGRAS PJE PAJARITOS SN,Talca,-34.9956020366009,-71.2485294308853,true
16455,ESCUELA DE PARVULOS SEMILLITA,LONGAVI,Estab Junaeb,1 SUR 2 Y 3 PONIENTE,Talca,-35.9650899999999,-71.687325,true
16456,INSTITUTO CUMBRES DE MAULE,PARRAL,Estab Junaeb,VILLA BAVIERA SAN MANUEL,Talca,-36.410278,-71.501389,true
16457,CENTRO EDUCACIONAL APUMANQUE,CURICO,Estab Junaeb,YUNGAY N 1161,Talca,-34.97762,-71.24132,true
16459,LOS VIALES,CONSTITUCION,Estab Junaeb,LOS VIALES,Talca,-35.38081,-72.391693,true
16460,COLEGIO PADRE ALBERTO HURTADO,CURICO,Estab Junaeb,SECTOR SANTA FE,Talca,-34.967171,-71.244263,true
16461,COLEGIO LYON SCHOOL,TALCA,Estab Junaeb,9 SUR N 1674,Talca,-35.437332,-71.65361,true
16462,CENTRO EDUCACIONAL INTEGRADO PADRE A HU,TALCA,Estab Junaeb,18 ORIENTE No. 850,Talca,-35.432449,-71.640907,true
16467,LICEO PABLO NERUDA,TALCA,Estab Junaeb,6 ORIENTE 1 12 NORTE,Talca,-35.444752,-71.690903,true
16469,ESCUELAS CONCENTRADAS,PARRAL,Estab Junaeb,ARTURO PRAT S/N,Talca,-36.139511,-71.827232,true
16488,COLEGIO ADVENTISTA,TALCA,Estab Junaeb,4 SUR No. 1359,Talca,-35.431229,-71.658012,true
16491,COLEGIO ALBERT EINSTEIN,CURICO,Estab Junaeb,VILLA PRIMAVERA PAS SN CASA 4,Talca,-34.96806,-71.244766,true
16506,ESCUELA CHACARILLAS,CONSTITUCION,Estab Junaeb,CHACARILLAS S/N,Talca,-35.34127,-72.41964,true
16509,MINEDUC,CURICO,Estab Junaeb,PLAZA ARMAS,Talca,-34.992069,-71.210297,true
16513,COLEGIO CRISTIANO ADONAY,CURICO,Estab Junaeb,CAMINO LOS VIDALES S/N,Talca,-34.965012,-71.201736,true
16521,INTEGRALES,TALCA,Estab Junaeb,SEIS Y MEDIO SUR N 255,Talca,-35.430748,-71.67589,true
16535,COLEGIO SAN MARCOS,CURICO,Estab Junaeb,CALLE NUEVA PAS COLBUN S/N,Talca,-34.984821,-71.256126,true
16541,CENTRO EDUCATIVO PEUMAQUEN,CURICO,Estab Junaeb,BOMBERO GARRIDO 1173B,Talca,-34.981041,-71.251938,true
16544,ESC. LENGUAJE PAUL HARRIS,TENO,Estab Junaeb,ESMERALDA N 110,Talca,-34.869225,-71.1607,true
16549,COLEGIO PALENCIA,CURICO,Estab Junaeb,CURICO,Talca,-34.977379,-71.213463,true
16551,LICEO POLIVALENTE DE RAUCO,RAUCO,Estab Junaeb,LA PALMILLA,Talca,-34.885422,-71.315521,true
16553,ESC. LENGUAJE MANATIAL,TALCA,Estab Junaeb,20 SUR N 472 VILLA ECUADOR,Talca,-35.442863,-71.67761,true
16564,LICEO TECNICO PROFESIONAL SIMON BOLIVAR,CURICO,Estab Junaeb,AVENIDA RAUQUEN 1156,Talca,-34.94466,-71.196274,true
16566,CENTRO EDUCACIONAL ARTEMISA,CURICO,Estab Junaeb,PENA 226,Talca,-34.993103,-71.23681,true
16569,COLEGIO LOS HEROES,CURICO,Estab Junaeb,AVDA. TUTUQUEN N° 1851,Talca,-34.942291,-71.202713,true
16570,ESC. LENGUAJE RAYENCO,ROMERAL,Estab Junaeb,ROMERAL,Talca,-34.96209,-71.133186,true
16574,ESC. ESPECIAL EMA ESCAJADIO GARCIA,TALCA,Estab Junaeb,OHIGGINS ESQUINA ARENAL N 644,Talca,-35.430553,-71.67133,true
16582,LICEO TECNOLOGICO MATAQUITO,CURICO,Estab Junaeb,CURICO,Talca,-34.981522,-71.249603,true
16583,ESC. DE ADMINISTRACION Y COMERCIO,CURICO,Estab Junaeb,MEMBRILLAR N 436,Talca,-34.943661,-71.204407,true
16584,ESC. LENGUAJE GIRASOL,HUALANE,Estab Junaeb,PAS DEL INCA 13 POBL TUNQUELEN,Talca,-34.972794,-71.80193,true
16586,ESC. RAYITO DE SOL,RAUCO,Estab Junaeb,AVDA DIEGO PORTALES N 03,Talca,-34.924236,-71.31763,true
16587,LICEO SAGRADA FAMILIA,SAGRADA FAMILIA,Estab Junaeb,SAGRADA FAMILIA,Talca,-34.997311,-71.38678,true
16589,COLEGIO EL QUILLAY,CURICO,Estab Junaeb,SAN AGUSTIN N 1414,Talca,-34.991299,-71.254623,true
16594,COLEGIO EL SEMBRADOR,ROMERAL,Estab Junaeb,SIN DIRECCION,Talca,-34.956177,-71.12512,true
16600,COLEGIO ALTA CUMBRE,CURICO,Estab Junaeb,AVDADIEGO PORTALES N 1589,Talca,-34.972969,-71.252586,true
16601,COL. LENGUAJE ALTAMIRA,LINARES,Estab Junaeb,AVDA BRASIL No. 48,Talca,-35.85414,-71.59355,true
16604,INSTITUTO LATINOAMERICAO EUROPEO,TALCA,Estab Junaeb,5 SUR 1078,Talca,-35.432049,-71.6623,true
16606,ESC. DE PARVULOS SAN AGUSTIN,TALCA,Estab Junaeb,5 PONIENTE No. 1088,Talca,-35.44706,-71.681526,true
16607,ESC. LENGUAJE ALBORADA,CURICO,Estab Junaeb,AVDA SARMIENTO SN,Talca,-34.935284,-71.19915,true
16610,ESCUELA EDUCAR,SAGRADA FAMILIA,Estab Junaeb,SAG FAMILIA,Talca,-34.998215,-71.38228,true
16615,ESC. LENGUAJE Y J. INFANTIL ECOLOGICO,CONSTITUCION,Estab Junaeb,PRIETO N 1011,Talca,-35.33164,-72.41875,true
16634,POLITECNICO AQUELARRE,TENO,Estab Junaeb,BELLAVISTA No. 348,Talca,-34.88097,-71.159683,true
16642,COLEGIO ANTAMARO,LINARES,Estab Junaeb,CHACABUCO N 130,Talca,-35.85104,-71.597549,true
16649,SAN VICENTE,TENO,Estab Junaeb,LOS LIBERTADORES N 26,Talca,-34.872486,-71.16481,true
16652,COLEGIO CEDEL,CURICO,Estab Junaeb,LAGO MAIHUE N 1585,Talca,-34.97163,-71.253632,true
16656,LICEO VICTORIA,TALCA,Estab Junaeb,2 SUR 7 Y 8 ORIENTE,Talca,-35.429539,-71.65625,true
16659,ESC. LENGUAJE EDUCALEN,PENCAHUE,Estab Junaeb,FERNANDO PAROT SILVA SN LOTE B,Talca,-35.39776,-71.79881,true
16661,ESC. DE PARVULOS PRINCIPITO,SAGRADA FAMILIA,Estab Junaeb,RINCON DE MELLADO,Talca,-35.04248,-71.45775,true
16662,JARDIN CASTILLO PALABRAS MAGICAS,TALCA,Estab Junaeb,22 SUR N 349,Talca,-35.443535,-71.67902,true
16675,ESC. ESPECIAL DE LENG. ALFREDO GIDI JALILIE,PARRAL,Estab Junaeb,ARTURO PRAAT N? 161,Talca,-36.13808,-71.82622,true
16677,COLEGIO IRIS RETAMAL,RETIRO,Estab Junaeb,RETIRO,Talca,-36.056351,-71.761902,true
16678,COLEGIO LOS AGUSTINOS,TALCA,Estab Junaeb,TALCA,Talca,-35.42902,-71.645416,true
16687,CENTRO PEDAGOGICO VALLE DEL MAULE,MAULE,Estab Junaeb,VILLA SANTA TERESITA,Talca,-35.45384,-71.68378,true
16689,COLEGIO ESPECIAL ENSEA,TALCA,Estab Junaeb,3 NORTE 6 Y 7 ORIENTE N 1340,Talca,-35.42436,-71.65748,true
16690,ESC. SUYAI,MAULE,Estab Junaeb,MAULE,Talca,-35.518871,-71.685493,true
16695,LOS PEQUES DEL AC,CURICO,Estab Junaeb,CARRERA N° 65,Talca,-34.94276,-71.203201,true
16697,INITEC DIEGO PORTALES,CURICO,Estab Junaeb,MEMBRILLAR N 436,Talca,-34.997879,-71.23671,true
16701,ESC. LENGUAJE NELTUME,MAULE,Estab Junaeb,VILLA DOA IGNACIA 3,Talca,-35.453876,-71.68786,true
16711,ESC. LENGUAJE PEQUENOS MAESTROS 3,LICANTEN,Estab Junaeb,LICANTEN,Talca,-34.983063,-71.985374,true
16713,COLEGIO SAN PABLO,CURICO,Estab Junaeb,CAMINO A SARMIENTO S/N,Talca,-34.950298,-71.227386,true
16715,COLEGIO EL BOLDO,CURICO,Estab Junaeb,AVDA EL BOLDO S/N,Talca,-34.962521,-71.229492,true
16716,LICEO ZAPALLAR,CURICO,Estab Junaeb,CAMINO ZAPALLAR,Talca,-34.98447,-71.214653,true
16722,COLEGIO CRISTIANO EL SEMBRADOR,TALCA,Estab Junaeb,TALCA,Talca,-35.43739,-71.670494,true
16723,AULA HOSPITALARIA,CAUQUENES,Estab Junaeb,CAUQUENES,Talca,-35.962753,-72.32447,true
16729,COLEGIO INGLES,CURICO,Estab Junaeb,SANTA FE No. 671,Talca,-34.995361,-71.243423,true
16730,ESCUELA ADMINISTRACION Y COMERCIO H C,CURICO,Estab Junaeb,SECTOR TUTUQUEN,Talca,-34.97514,-71.260262,true
16734,JARDIN INFANTIL MIS TESOROS,TENO,Estab Junaeb,CALLE ESMERALDA N40,Talca,-34.869797,-71.15976,true
16735,ESC. LENGUAJE CASTILLO INFANTIL,CURICO,Estab Junaeb,CALLE INCA DE ORO N508 PPROSPERIDAD AGUAS N,Talca,-34.997784,-71.25367,true
16743,ESCUELA ESPECIAL AMANECER DE LONGAVI,LONGAVI,Estab Junaeb,LONGAVI,Talca,-35.96965,-71.68905,true
16747,COLEGIO RAUQUEN CAMPO,CURICO,Estab Junaeb,CURICO,Talca,-34.95145,-71.195091,true
16748,LICEO BICENTENARIO,TALCA,Estab Junaeb,TALCA,Talca,-35.435989,-71.646294,true
16751,LICEO BICENTENARIO,CAUQUENES,Estab Junaeb,CAUQUENES,Talca,-35.981411,-72.314163,true
16754,LICEO ARTURO ALESSANDRI PALMA,ROMERAL,Estab Junaeb,ROMERAL,Talca,-34.9529,-71.123817,true
16756,COLEGIO LOS AGUSTINOS,MAULE,Estab Junaeb,HIJUELA 2 PARCELA No. 1 RUTA K-620,Talca,-35.470051,-71.747643,true
16757,COLEGIO JUAN IGNACIO MOLINA,LICANTEN,Estab Junaeb,LICANTEN,Talca,-34.98032,-71.986298,true
16759,ESC. ESPECIAL PEQUEÑOS TESOROS,PARRAL,Estab Junaeb,PARRAL,Talca,-36.14696,-71.83285,true
16761,INSTITUTO EDUC. ESPECIAL CURICO,CURICO,Estab Junaeb,AVDA DIEGO PORTALES 1197,Talca,-34.978325,-71.253006,true
16845,COLEGIO SARAH KAY,RETIRO,Estab Junaeb,RETIRO,Talca,-36.090351,-71.801224,true
16847,ESCUELA DEL CARINO,CURICO,Estab Junaeb,CURICO,Talca,-35.121373,-71.280289,true
16856,COLEGIO MELIAN,MAULE,Estab Junaeb,MAULE,Talca,-35.525002,-71.695793,true
20344,ESC. PALABRAS DE CRISTAL,LONGAVI,Estab Junaeb,LONGAVI,Talca,-36.0083,-71.6645,true
20352,COLEGIO BUEN PASTOR,CONSTITUCION,Estab Junaeb,CONSTITUCION,Talca,-35.329201,-72.410088,true
20504,CENTRO EDUCACIONAL HACIENDA TENO,TENO,Estab Junaeb,HACIENDA TENO,Talca,-34.86946,-71.16325,true
41129,ESC. PARVULOS TALHUEN,MAULE,Estab Junaeb,COLIN S/N,Talca,-35.484667,-71.760399,true
41312,JARDIN INFANTIL PIN Y PON,CURICO,Estab Junaeb,AVENIDA RAUQUEN No. 1885,Talca,-34.973655,-71.211636,true
41619,ESC. LENGUAJE PALABRITAS,RETIRO,Estab Junaeb,CALLE ERNESTINA BENAVENTE S/N POBL. PADRE FERNANDO,Talca,-36.21602,-71.607018,true
41800,AULA HOSPITALARIA,CURICO,Estab Junaeb,AVDA. CIRCUNVALACION DR. OSORIO N° 744,Talca,-34.9945332011875,-71.2443325308852,true
880064,07303006 JARDIN KUMELEN,LICANTEN,Estab Junji,CALLE DOCTOR HERRERA S/N,Talca,-34.981014,-71.98951,true
880065,07404012 JARDIN INFANTIL VTF,PARRAL,Estab Junji,SECTOR POBL BUENOS AIRES S/N,Talca,-36.123839,-71.819506,true
880165,07302010 DIENTECITO DE LECHE,HUALANE,Estab Junji,RUTA J-60 SECTOR PERALILLO,Talca,,,true
880168,07306013 OSCAR BONILLA,ROMERAL,Estab Junji,OSCAR BONILLA LOTE 1 No. 56,Talca,-34.96398,-71.126354,true
881037,07301025 CAPULLITO,CURICO,Estab Junji,ESTADO 451,Talca,-34.985909,-71.240638,true
881673,07308018 CECI EL GUINDO,TENO,Estab Junji,ESCUELA EL GUINDO S/N,Talca,-34.855355,-71.333542,true
881675,07403050 CECI ESPERANZA PLAN,LONGAVI,Estab Junji,ESCUELA MARCELA PAZ SECTOR ESPERANZA PLAN,Talca,-36.168849,-71.553952,true
881677,07403051 CECI LA SEXTA,LONGAVI,Estab Junji,ESCUELA PAULA JARAQUEMADA,Talca,-36.1333,-71.601589,true
881678,07201015 CECI SANTA SOFIA,CAUQUENES,Estab Junji,SEDE SOCIAL SECTOR SANTA SOFIA,Talca,-35.964306,-72.357273,true
882183,07302013 CECI ESPINALILLO,HUALANE,Estab Junji,SECTOR ESPINALILLO S/N,Talca,-34.871253,-71.857399,true
882185,07403054 PMI DE TU MANO APRENDO,LONGAVI,Estab Junji,ESC PASO CUNAO,Talca,-35.903663,-71.713862,true
882193,07202021 CASH QUINIPATO,CHANCO,Estab Junji,QUINIPATO 2,Talca,-35.6405264685978,-72.5485799603111,true
882785,07102014 J INF VTF,CONSTITUCION,Estab Junji,AVDA ENRIQUE MAC IVER S/N,Talca,-35.327187,-72.42151,true
882788,07302014 CECI BARBA RUBIA,HUALANE,Estab Junji,ESCUELA BARBA RUBIA S/N,Talca,-34.943635,-71.65318,true
882916,07202013 CASH MOLCO,CHANCO,Estab Junji,EL MOLCO S/N,Talca,-35.7273043360178,-72.3862013949827,true
882917,07301033 J INF VTF DEJANDO HUELLAS,CURICO,Estab Junji,SECTOR BOMBERO GARRIDO,Talca,-34.977607,-71.26377,true
882924,07301034 VTF DON HERNAN GRILLITOS,CURICO,Estab Junji,SECTOR SARMIENTO S/N,Talca,-34.929406,-71.194128,true
882926,07308020 J TRANSF,TENO,Estab Junji,POB NUEVA BELLAVISTA S/N,Talca,-34.872349,-71.157373,true
883594,07301036 JI RAUQUEN COLORIN COLORADO,CURICO,Estab Junji,AMSTERDAM,Talca,-34.962438,-71.201451,true
883599,07403056_VTF,LONGAVI,Estab Junji,LA AGUADA S/N,Talca,-35.884537,-71.676757,true
883600,07102015 J INF VTF,CONSTITUCION,Estab Junji,JOSE CRUZ No. 9,Talca,-35.327431,-72.417841,true
883965,07403057_J INF_VTF,LONGAVI,Estab Junji,VILLA LONGAVI S/N,Talca,-35.962903,-71.688506,true
884391,07202028 CASH LAGUNILLAS,CHANCO,Estab Junji,LAGUNILLAS,Talca,-35.7504187138886,-72.4824158715377,true
884392,07202029 CASH PEQUITAS,CHANCO,Estab Junji,PEQUITAS DE LAGUNILLA,Talca,-35.7488949396126,-72.4833868311547,true
884398,07308022 CECI VILLA HUEMUL,TENO,Estab Junji,ESC VILLA EL HUEMUL S/N,Talca,-34.877489,-70.953686,true
884801,07404017 CARIÑOSITOS,PARRAL,Estab Junji,"POBL. ARRAU MENDEZ, CALLE SERGIO ARIAS N° 150",Talca,-36.142456,-71.842987,true
884802,07102029 PMI PEQUENOS HEROES,CONSTITUCION,Estab Junji,AV LONCOMILLA SEDE N? 2,Talca,-35.335507,-72.430111,true
884804,07307026 VTF LA ISLA,SAGRADA FAMILIA,Estab Junji,LA ISLA SECTOR 2,Talca,-35.0298,-71.29631,true
884810,07308023 DON SEBASTIAN II,TENO,Estab Junji,CALLE RIO CLARO ESQ RIO COLORADO SN,Talca,-34.86673,-71.174755,true
884814,07201017 LOS ACACIOS,CAUQUENES,Estab Junji,VILLA LOS ACACIOS PJE 7 PONIENTE N 608,Talca,-35.950812,-72.338744,true
884816,07403047 PMI LOS NINOS PRIMERO,LONGAVI,Estab Junji,HUALONCO ESC G-547,Talca,-36.066892,-71.514334,true
884817,07105024 PMI EL CANELO,MAULE,Estab Junji,EL CANELO,Talca,-35.539179,-71.617769,true
884818,07105025 PMI EL FUERTE,MAULE,Estab Junji,EL FUERTE,Talca,-35.522113,-71.604306,true
885223,JARDIN CENTRO TALCA,TALCA,Estab Integra,AVDA MONSEÑOR MANUEL LARRAÍN 1236,Talca,-35.4283504,-71.6633573,true
885230,07201018 ELUNEY,CAUQUENES,Estab Junji,VILLA DON RAFAEL PJE HUITE N2391,Talca,-35.955723,-72.344716,true
885231,0710029 J I ANKATU,MAULE,Estab Junji,POBL PUERTAS DEL SUR PJE 7 SN,Talca,-35.4525479,-71.6947569,true
885234,07308003 ALBORADA EX-2805-3,TENO,Estab Junji,VENTANA DEL BAJO,Talca,-34.91774,-71.074139,true
885238,07104005 LA ORILLA EX 3134-8,EMPEDRADO,Estab Junji,LA ORILLA C/SAUZAL,Talca,-35.6186772,-72.2478261,true
885241,07301039 GALILEA GIRASOL,CURICO,Estab Junji,PROFESOR VENTURA BAEZA V GALILEA,Talca,-34.968692,-71.256126,true
885245,07105030 J I DONA ANTONIA,MAULE,Estab Junji,CALLE JAVIER S/N,Talca,-35.458063,-71.683426,true
885246,07301040 LOS ALMENDROS,CURICO,Estab Junji,CALLE VALLE CENTRAL N?2207,Talca,-34.966086,-71.245913,true
885247,07301041 J I DON SEBASTIAN,CURICO,Estab Junji,SARAJEVO N 1250,Talca,-34.961177,-71.21253,true
885248,07305008 DON IGNACIO,RAUCO,Estab Junji,CALLE 5 No.1,Talca,-34.91537,-71.300722,true
885249,07306014 J I QUILVO,ROMERAL,Estab Junji,CAMINO QUILVO N 701,Talca,-34.953924,-71.125381,true
885284,ANEXO 16452 POLITECNICO,CURICO,Estab Junaeb,QUEBRADA DE CORDILLERILLA,Talca,-34.9779853,-71.2528803,true
885433,J.S.R. COSTA BLANCA,CONSTITUCION,Estab Integra,SEDE COSTA BLANCA S/N,Talca,,,true
885434,J.S.R. LA RUEDA,CONSTITUCION,Estab Integra,SEDE VILLA BRISAS DEL MAULE S/N,Talca,-35.3301429629593,-72.4124917481211,true
885585,ANEXO 16415 COLEGIO RAUQUEN,CURICO,Estab Junaeb,RAUQUEN,Talca,-34.971555540974,-71.2098659020503,true
885586,ANEXO 2896 LICEO AUGUSTO SANTELICES,LICANTEN,Estab Junaeb,ALEJANDRO ROJAS No. 390,Talca,-34.981189,-71.988781,true
885587,ANEXO 2795 ESCUELA TENO,TENO,Estab Junaeb,LAUTARO S/N,Talca,-34.8697762,-71.1624882,true
885588,HOGAR NUEVO HORIZONTE,VICHUQUEN,Estab Junaeb,COMERCIO S/N,Talca,-34.883800253307,-71.993707256362,true
885589,ANEXO 16461 LYON`S SCHOOL,TALCA,Estab Junaeb,9 SUR N° 1674,Talca,-35.4371876634869,-71.6536029173792,true
885784,07405038 CASH SANTA DELFINA,RETIRO,Estab Junji,ESCUELA STA DELFINA S/N,Talca,-36.1428488802891,-71.6585814943863,true
885785,07403059 CECI POLCURA,LONGAVI,Estab Junji,ESC ANGEL CRUCHAGA,Talca,-36.000779,-71.539874,true
885786,07405039 CECI SANTA ADRIANA,RETIRO,Estab Junji,ESC SANTA ADRIANA,Talca,-36.005138,-71.729652,true
885791,07202032 CASH BATUCO,CHANCO,Estab Junji,ESCUELA EL BATUCO,Talca,-35.6627977574829,-72.4461499144136,true
885795,07202031 CASH CARRERAS CORTAS,CHANCO,Estab Junji,SEDE SOCIAL S/N,Talca,-35.6492265178354,-72.5341703210232,true
885796,07202030 CASH SANTA ROSA,CHANCO,Estab Junji,ESCUELA SANTA ROSA,Talca,-35.6255376399854,-72.5655066885798,true
885899,JARDIN SAGRADA FAMILIA,SAGRADA FAMILIA,Estab Integra,CALLE ESMERALDA 97,Talca,-34.9977125905194,-71.3854028309181,true
885901,JARDIN LOS RUILES DE CHANCO,CHANCO,Estab Integra,LOS PAPAYOS No. 249,Talca,-35.8338933,-72.5099517,true
885903,JARDIN AMANECER DE FLORIDA,TALCA,Estab Integra,19 SUR No. 171,Talca,-35.438507,-71.683604,true
885904,JARDIN LAUTARO,CURICO,Estab Integra,LAUTARO 1130,Talca,-34.987429,-71.2530777,true
885907,JARDIN AYELÉN,LINARES,Estab Integra,YUNGAY 342,Talca,-35.84062,-71.60317,true
885910,JARDIN VISTA HERMOSA,CONSTITUCION,Estab Integra,ROSAS 1217,Talca,-35.3296799,-72.3871801,true
886133,07405041 J I BICENTENARIO,RETIRO,Estab Junji,CALLE 1 S/N ESQUINA PASAJE 5 BICENTENARIO,Talca,-36.056905,-71.759579,true
886135,07302016 J I PORVENIR,HUALANE,Estab Junji,CAMINO PUBLICO S/N?,Talca,-34.988051,-71.774209,true
886136,07301043 J I GALILEA,CURICO,Estab Junji,MELLAFRE No. 1926,Talca,-34.971596,-71.259351,true
886138,07403060 J I DON ARTURO,LONGAVI,Estab Junji,CALLE 1 PONIENTE S/N,Talca,-35.970009,-71.688326,true
886140,07405042 CECI ROMERAL,RETIRO,Estab Junji,ESCUELA ROMERAL,Talca,-36.159597,-71.738738,true
886144,07301044 J I DON RODRIGO,CURICO,Estab Junji,CALLE EL RAULI No. 2560,Talca,-34.96297,-71.226185,true
886146,07105031 J I DONA IGNACIA,MAULE,Estab Junji,VILLA DONA IGNACIA,Talca,-35.459794,-71.674986,true
886481,ANEXO LICEO SAN IGNACIO (3128),EMPEDRADO,Estab Junaeb,EMPEDRADO,Talca,-35.5919668,-72.2763488,true
886482,ANEXO 16541 CENTRO EDUCATIVO PEUMAYEN,CURICO,Estab Junaeb,CURICO,Talca,-34.9808172,-71.2519863,true
886483,ANEXO 16446 JUAN PIAMARTA,TALCA,Estab Junaeb,TALCA,Talca,-35.4383292369784,-71.6676247443657,true
886485,ANEXO 3138 COMPLEJO EDUCACIONAL,PENCAHUE,Estab Junaeb,PENCAHUE,Talca,-35.3989098,-71.797974,true
886856,07403062 J I PAINE,LONGAVI,Estab Junji,ESC F 536 GABRIELA MISTRAL,Talca,-35.990953,-71.713194,true
886858,07307029 J I CORRAL DE PIEDRA,SAGRADA FAMILIA,Estab Junji,NUEVO AMANECER S/N,Talca,-34.998076,-71.348552,true
886861,07308024 J I LAS LIRAS,TENO,Estab Junji,CAMINO VECINAL RESERVA CARA N?01 S/N,Talca,-34.866555,-71.020634,true
886863,07301045 J I LOS NICHES,CURICO,Estab Junji,CALLE MINCHE No. 1530,Talca,-35.065952,-71.170073,true
886864,07301046 J I MANUEL RODRIGUEZ,CURICO,Estab Junji,CALLE PILOTO MARCELO OXILIA No.1526,Talca,-34.97448,-71.22128,true
886865,07301047 J I SARMIENTO,CURICO,Estab Junji,CALLE MANUEL RODRIGUEZ No. 765,Talca,-34.94258,-71.20064,true
886866,07102031 J I RIOS DEL MAULE,CONSTITUCION,Estab Junji,CALLE RIO MAULE No. 1400,Talca,-35.195836,-72.254434,true
886868,07301048 J I SANTA FE,CURICO,Estab Junji,PASAJE ISLA TAITAO No. 2410,Talca,-34.96362,-71.238355,true
887159,07404018 J I DON MATIAS,PARRAL,Estab Junji,FRESIA N?338-A,Talca,-36.128405,-71.812126,true
887161,07403063 J I EL CARMEN,LONGAVI,Estab Junji,COSTADO ESCUELA SECTOR EL CARMEN,Talca,-36.089026,-71.556842,true
887277,07302017 J I BICENTENARIO,HUALANE,Estab Junji,CALLE 2 #320-330 LOTEO BICENTENARIO,Talca,-34.974764,-71.794529,true
887284,07102032 TIA ELSITA,CONSTITUCION,Estab Junji,VIAL 261,Talca,-35.332426,-72.408615,true
887309,J.S.R. CALETA PELLINES,CONSTITUCION,Estab Integra,KM 15 CARRETERA SAN JAVIER S/N,Talca,-35.3680950932789,-72.399090617471,true
888201,PUERTAS NEGRAS,TALCA,Estab Junaeb,CAMINO PUERTAS NEGRAS S/N TALCA,Talca,-35.4726162,-71.6069124,true
888460,COLONIA ESC. - ASOC. DE KAYAK Y CANOAS DE CONSTITU,CONSTITUCION,Estab Junaeb,ECHEVERRIA CON TOCORNAL S/N,Talca,,,true
888576,ANEXO 16695 ADMINISTRACION Y COMERCIO,CURICO,Estab Junaeb,CARRERA N° 65,Talca,-34.9849013611144,-71.2329106562784,true
888704,FUNDACION LUXEMBURGO,CURICO,Estab Junaeb,"Sector Rauquen, Los Peumos N°513",Talca,,,true
888740,LICEO DE PENCAHUE (INTERNADO),PENCAHUE,Estab Junaeb,FERNANDO PAROT SILVA 225,Talca,-35.3959587,-71.7988408,true
888846,07201019 CAMINO REAL,CAUQUENES,Estab Junji,Pasaje N° 109 Los Cabildos-Camino Real,Talca,-35.993878,-72.315353,true
888920,ANEXO PROSPERO VILLAR,LINARES,Estab Junaeb,EL ALMENDRO 293,Talca,-35.8587765,-71.5843041,true
888922,RF LIRCAY,TALCA,Estab Junaeb,1 ORIENTE N° 835,Talca,-35.420452,-71.665688,true
889010,INTERNADO MIXTO LICEO PELLUHUE,PELLUHUE,Estab Junaeb,MARIA ESPINOSA S/N,Talca,-35.8125072,-72.5738835,true
907344,JARDIN LUXEMBURGO,ROMERAL,Estab Integra,ECUADOR S/N,Talca,-34.95573,-71.1229,true
907355,VILLASECA,RETIRO,Estab Integra,AV.BERNARDO O'HIGGINS S/N,Talca,-35.8646538,-71.8419298,true
907484,JARDIN CADENITA,CURICO,Estab Integra,ISLAS AUSTRALES S/N,Talca,-34.9660356,-71.2436426,true
907485,JARDIN ESTRELLITAS,CURICO,Estab Integra,VILLA PRUDENCIO LOZANO SITIO 10,Talca,-35.0567732,-71.1704649,true
907514,BENNY,TENO,Estab Integra,EL MOLINO S/N,Talca,-34.9116791,-71.0449959,true
907515,LAS VIÑITAS,PENCAHUE,Estab Integra,CORINTO S/N,Talca,-35.4424467374575,-71.867412369054,true
907522,JARDIN CENTINELA,CONSTITUCION,Estab Integra,POB. FRANCISCO MEZA SECO 275,Talca,-35.3465736,-72.4005,true
927056,CECI,ROMERAL,Estab Integra,"ALDEA STA CECILIA, GUAICO III S/N",Talca,-34.969626,-71.013346,true
927058,07401007 MI NIDITO,LINARES,Estab Junji,CALLE PEDRO OLMOS ESQ CERNICALOS S/N,Talca,-35.867089,-71.595852,true
927140,JARDIN BLANCA NIEVES,CONSTITUCION,Estab Integra,KM 15 CARRETERA SAN JAVIER S/N,Talca,-35.4433877,-71.6557821,true
927141,CUNCUNITA,CUREPTO,Estab Integra,CAMINO CALPUN S/N,Talca,-35.0236464,-72.0424047,true
927225,07401006 ACUARELA,LINARES,Estab Junji,CARLOS IBANEZ S/N SALIDA HUAPI POB N AMAN,Talca,-35.867432,-71.594177,true
927229,JARDIN LOS INTEGRITOS,CURICO,Estab Integra,PARINACOTA CON LICANTEN S/N,Talca,-34.997469,-71.2491449,true
940668,07201005 BELLAVISTA,CAUQUENES,Estab Junji,POB BELLAVISTA LOS HUINGANES ESQ MAITENES,Talca,-35.986458,-72.309289,true
941793,SALA CUNA CAPULLITO,LICANTEN,Estab Integra,ALEJANDRO ROJAS S/N,Talca,-34.9854883708822,-71.9841065308854,true
941799,RINCONCITO DE SUEÑOS,MAULE,Estab Integra,LOCALIDAD PUEBLECILLO S/N,Talca,-35.5409759890123,-71.6978462925478,true
943681,JARDIN CLARO DE LUNA,CURICO,Estab Integra,CALLE SAN PEDRO DE ATACAMA S/N,Talca,-34.997469,-71.2491449,true
943695,ANEXO ESCUELA CARLOS TRUPP,TALCA,Estab Junaeb,HOSPITAL REGIONAL TALCA,Talca,-35.4273643847904,-71.6463339273661,true
943768,07203001 JARDIN LA CASITA EN EL BOSQUE,PELLUHUE,Estab Junji,AVDA PADRE SAMUEL JOFRE S/N CAM A PEUCO,Talca,-35.849201,-72.641726,true
943775,07301014 LOS PATRONCITOS,CURICO,Estab Junji,AVDA TRAPICHE 1210 CURICO,Talca,-34.989401,-71.251889,true
944429,JARDIN MICAELIANO,TALCA,Estab Integra,10 ORIENTE 4 Y 5 SUR S/N,Talca,-35.4390923,-71.6673018,true
944435,JARDIN PEQUEÑITOS CON AMOR,MAULE,Estab Integra,CAMINO PUBLICO S/N,Talca,-35.551348676638,-71.6365364496493,true
944760,07302006 CASTILLO DE SUENOS,HUALANE,Estab Junji,HUGO BYRNE 222,Talca,-34.972512,-71.804263,true
944764,07401022 SAN ALBERTO DEL HUAPI,LINARES,Estab Junji,AV CARDENAL RAUL SILVA HENRIQUEZ S/N,Talca,-35.868523,-71.597482,true
944765,07201009 CLARO DE LUNA,CAUQUENES,Estab Junji,SALINAS ESQ ALESSANDRI S/N BARRIO ESTACION,Talca,-35.98383,-72.314641,true
944766,07306003 PASO A PASITO,ROMERAL,Estab Junji,PSJE LUIS SAIZ No. 197,Talca,-34.96009,-71.127351,true
944872,JARDIN MI PEQUEÑO REFUGIO,PENCAHUE,Estab Integra,VILLA SANTA LAURA 2,Talca,-35.4145506895224,-71.7597412663842,true
944876,JARDIN PASITOS DE TERNURA,LINARES,Estab Integra,POBL.MUNICIP. 1 S/N,Talca,-35.828046,-71.5950706,true
944880,SALA CUNA PADRE HURTADO,TALCA,Estab Integra,3 1/2 SUR CON 18 ORIENTE 850,Talca,-35.4331226,-71.640891,true
944884,JARDIN AQUELARRE,VICHUQUEN,Estab Integra,LOCALIDAD DE AQUELARRE S/N,Talca,-34.8422591,-72.0524817,true
944886,SALA CUNA LOS CONQUISTADORES,CAUQUENES,Estab Integra,VILLA LOS CONQUISTADORES S/N,Talca,-35.9899443,-72.3133853,true
944893,JARDIN PINGUINITOS,CAUQUENES,Estab Integra,EYZAGUIRRE No. 463,Talca,-35.9676311,-72.3221633,true
944898,LAS DULZURAS DE PULGARCITO,CHANCO,Estab Integra,IGNACIO CARRERA PINTO S/N,Talca,-35.7441269880529,-72.5336560463498,true
944903,JARDIN MIS PRIMEROS PASOS,CUREPTO,Estab Integra,LOCALIDAD DE HUAQUEN S/N,Talca,-35.1157576,-71.6940143,true
944908,SALA CUNA PENCAHUE PLAZA,PENCAHUE,Estab Integra,ALONSO DE RIVERA S/N,Talca,-35.3962483,-71.7993527,true
944909,JARDIN GOTITAS DE AMOR,CURICO,Estab Integra,VILLA DOÑA CARMEN S/N,Talca,-34.9447954942361,-71.2036874754055,true
945569,07307010 RACIMITO DE NINOS,SAGRADA FAMILIA,Estab Junji,CALLE 2 S/N POB SANTA ELENA,Talca,-34.997959,-71.385262,true
945580,07101028 PASITOS SEGUROS,TALCA,Estab Junji,AV COLIN SECTOR CULENAR S/N,Talca,-35.449049,-71.689837,true
945586,07102009 JARDIN SAN ALBERTO DE CHACARILLAS,CONSTITUCION,Estab Junji,POB CHACARILLA PSJE 8 ESQ PSJE 6 S/N,Talca,-35.342268,-72.42201,true
945591,07301018 ESPERANZA,CURICO,Estab Junji,SAN ALBERTO S/N SECTOR LA OBRA LOS NICHES,Talca,-35.022744,-71.219988,true
945596,07403025 MUNDO DE NINOS,LONGAVI,Estab Junji,2 NORTE N? 320 POB AURORA PJE BDO OHIGGINS,Talca,-35.966573,-71.67981,true
945613,07102010 JARDIN PERSONITAS DE SANTA OLGA,CONSTITUCION,Estab Junji,CALLE SANTA OLGA CON LOS POLINES S/N,Talca,-35.452337,-72.277604,true
945630,07401024 DOMINGA CUELLAR,LINARES,Estab Junji,ESPERANZA N? 101 LINARES,Talca,-35.849516,-71.605484,true
946259,JARDIN TIERNOS CORAZONES DE VILLA FRANCIA,MAULE,Estab Integra,24 SUR 9 1/2 ORIENTE S/N,Talca,-35.4533254,-71.6605456,true
946260,DOMINGO MANSILLA,TENO,Estab Integra,ASENTAMIENTO DOMINGO MANSILLA S/N,Talca,-34.8917534,-71.1305054,true
946342,07405011 CARRUSEL DE FRUTOS PMI,RETIRO,Estab Junji,SEDE SOCIAL EL CARMEN,Talca,-36.188324,-71.720984,true
946403,07307011 LOS PEQUENCITOS,SAGRADA FAMILIA,Estab Junji,AV CEMENTERIO S/N VILLA PRAT,Talca,-35.095553,-71.612792,true
946404,07403026 GOTAS DE CRISTAL,LONGAVI,Estab Junji,LOS CRISTALES S/N INTERIOR ESC LOS CRISTALES,Talca,-36.0107954,-71.6569214,true
946405,07201010 LUCERITO DE ESPERANZA,CAUQUENES,Estab Junji,LOS TILOS 202 VILLA ESPERANZA III,Talca,-35.955132,-72.332551,true
946413,07309007 JARDIN SIETE COLORES,VICHUQUEN,Estab Junji,AV IGNACIO CARRERA PINTO S/N LLICO,Talca,-34.763655,-72.079432,true
946415,07202003 CARITA DE ANGEL,CHANCO,Estab Junji,CALLE DAVID MINCHEL S/N SECTOR LA VEGA,Talca,-35.876104,-72.445821,true
946418,07303002 JARDIN ESTRELLITA DE MAR,LICANTEN,Estab Junji,DUAO S/N ILOCA,Talca,-34.931252,-72.178043,true
946419,07403027 MIS PRIMEROS PASOS,LONGAVI,Estab Junji,SECTOR LA QUINTA ESC FCO URRUTIA S/N,Talca,-36.054081,-71.568752,true
946420,07404008 DULCES SONRISAS,PARRAL,Estab Junji,4 PTE ESQ TEGUALDA S/N VINA DEL MAR,Talca,-36.134955,-71.839425,true
946421,07305004 COPITO DE NIEVE,RAUCO,Estab Junji,POB QUICHARCO CALLE 3 S/N EL PLUMERO,Talca,-34.887927,-71.278503,true
946423,07305006 PEPITAS,RAUCO,Estab Junji,POB VILLA PALQUIBUDIS S/N SECTOR PALQUIBUDI,Talca,-35.033342,-71.542732,true
946424,07305007 LOS PEQUES,RAUCO,Estab Junji,POB DON SEBASTIAN II CALLE 3 S/N,Talca,-34.931322,-71.319201,true
946425,07306004 PEQUENOS CORAZONES,ROMERAL,Estab Junji,VILLA DON MATIAS PSJE 5 N? 653,Talca,,,true
946426,07307013 SEMILLITAS DE AMOR,SAGRADA FAMILIA,Estab Junji,LUIS CRUZ MARTINEZ S/N LO VALDIVIA,Talca,-34.999349,-71.335263,true
946429,07307012 PETALOS DE NIÑOS,SAGRADA FAMILIA,Estab Junji,CALLE SENADOR ULICES CORREA S/N,Talca,-35.0396429,-71.3051349,true
946435,07308013 EL HERALDO,TENO,Estab Junji,SECTOR EL HERALDO S/N TENO,Talca,-34.88448,-70.992339,true
946436,07404009 ANGELITOS,PARRAL,Estab Junji,DELICIAS SUR N? 1335 LOS OLIVOS,Talca,-36.147778,-71.814969,true
946437,07101032 SUENOS DE NINOS,TALCA,Estab Junji,14 SUR CON 14 ORIENTE S/N SECTOR EL TABACO,Talca,-35.447844,-71.648759,true
946438,07405004 SC LAS ABEJITAS,RETIRO,Estab Junji,Calle Los Copihues S/N Copihue,Talca,-36.087809,-71.800506,true
946441,07201011 LOS GRILLITOS,CAUQUENES,Estab Junji,PABLO NERUDA 89 VILLA LOS POETAS SEC PORONGO,Talca,-35.953208,-72.351399,true
946442,07301019 ANGELITOS,CURICO,Estab Junji,CALLE CONSTITUCION 451 POB DOQA PATRICIA S,Talca,,,true
946446,07105015 CONSTRUCTORES DE SUENOS,MAULE,Estab Junji,CAMINO VECINAL S/N COLIN,Talca,-35.475379,-71.743521,true
946447,07105016 PASITOS DE AMOR,MAULE,Estab Junji,PABLO NERUDA 410 POB DON SEBASTIAN,Talca,-35.524704,-71.69199,true
946448,07105017 PASITOS DE ANGEL,MAULE,Estab Junji,POB OBISPO CARLOS GONZALEZ PSJE 39 0504,Talca,-35.459747,-71.702439,true
946449,07105018 SEMILLITAS DEL MAULE,MAULE,Estab Junji,EL MIRADOR PSJE 3 705 VILLA EL MIRADOR I,Talca,-35.51537,-71.700895,true
946451,07404010 PASITOS,PARRAL,Estab Junji,POB LOS TULIPANES S/N PSJE 1 SECTOR ORIENTE,Talca,-36.149504,-71.836269,true
946457,07405007 MI NIDITO,RETIRO,Estab Junji,CALLE LUIS BENAVENTE N? 99 ESQ ROSA BALBOA,Talca,-36.0572,-71.767123,true
946458,07405008 MIS PRIMEROS PASITOS,RETIRO,Estab Junji,CALLE MACHICURA S/N LAS CAMELIAS,Talca,-36.212496,-71.605594,true
946468,07306009 PEQUENOS PASITOS,ROMERAL,Estab Junji,CALLE ALCALDE RAUL ARELLANO 1317 V SAN SEB,Talca,-34.952405,-71.121937,true
946470,07301020 RISITAS DE ANGELES,CURICO,Estab Junji,VILLA LOS NICHES CALLE B- CALLE A PSJE 1,Talca,-35.063936,-71.174176,true
946474,07308014 ABEJITAS,TENO,Estab Junji,DIAGONAL LAS ARAUCARIAS No. 392 POB NVA BELL,Talca,-34.876132,-71.15842,true
946475,07308015 CUNCUNITA,TENO,Estab Junji,RUTA J - 111 MORZA,Talca,-34.822616,-71.021534,true
946567,SALA CUNA EL BOSQUE,LINARES,Estab Integra,PJE LAS HIGUERAS 1425,Talca,-35.828046,-71.5950706,true
949096,07401030 MANITOS TRAVIESAS,LINARES,Estab Junji,MARIO CARRENO ESQ SOR ODILIA MARTINEZ,Talca,-35.865036,-71.591231,true
949102,07203003 JARDIN SOL DE ESPERANZA,PELLUHUE,Estab Junji,CAMINO MATA DE BOLDO CHOVELLEN,Talca,-35.914436,-72.664717,true
949105,07302007 LOS CORAZONCITOS,HUALANE,Estab Junji,LA HUERTA DE MATAQUITO CIRCUNVALACION S/N,Talca,-35.0329323,-71.518964,true
949106,07105019 ALLIPEN,MAULE,Estab Junji,CAMINO LATERAL RUTA 5 KM 259 CHACARILLAS,Talca,-35.482818,-71.656401,true
949108,07105020 TIERNAS SONRISAS,MAULE,Estab Junji,VILLA DUAO S/N,Talca,-35.555084,-71.593363,true
949116,07307015 VALLE DE NINOS,SAGRADA FAMILIA,Estab Junji,PRESBISTERIO TOMAS CORREA S/N,Talca,-34.99825,-71.385206,true
949119,07307014 PASITOS Y RAYAS,SAGRADA FAMILIA,Estab Junji,POB PADRE HURTADO S/N SANTA ANA DE PETEROA,Talca,-35.039511,-71.453108,true
949126,07105026 JARDIN Y SALA CUNA VTF,MAULE,Estab Junji,SECTOR NUMPAY S/N MAULE,Talca,-35.485187,-71.70385,true
949132,07105021 NUBE SOL,MAULE,Estab Junji,VILLA DONA IGNACIA III PSJE SANTOS DEL MAR,Talca,-35.456152,-71.678634,true
949133,07105022 NIDITO DE AMOR,MAULE,Estab Junji,PSJE 25 S/N POB CARLOS GONZALEZ CRUCHAGA,Talca,-35.458268,-71.704728,true
949150,07301021 CAMPANITA,CURICO,Estab Junji,NICARAGUA 1179 POB BOMBERO GARRIDO,Talca,-34.981391,-71.257756,true
949153,07301022 SAN SEBASTIAN,CURICO,Estab Junji,SAN SEBASTIAN 844,Talca,-34.980742,-71.257913,true
949159,07401038 MOLINITO AZUL,LINARES,Estab Junji,AV CARDENAL SILVA HENRIQUEZ S/N ESC S SALAM,Talca,-35.862301,-71.594763,true
949160,07401039 EL MUNDO DE VALENTIN,LINARES,Estab Junji,LAUTARO N? 290 ESQ COLO COLO,Talca,-35.850223,-71.59562,true
949164,07201013 ANTONIO VARAS,CAUQUENES,Estab Junji,MAIPU S/N ENTRE YUNGAY Y SAN FRANCISCO,Talca,-35.969589,-72.313492,true
949167,07301023 MINIMUNDO,CURICO,Estab Junji,CALLE ISLA QUEMADA PSJE QUEMADA SEC SANTA F,Talca,-34.965678,-71.237754,true
949169,07301024 JARDIN VTF BURBUJITAS DE COLORES,CURICO,Estab Junji,SECTOR CORDILLERA S/N,Talca,-35.126019,-71.1522,true
949170,07403037 SALA CUNA TRANSF,LONGAVI,Estab Junji,LLANO LAS PIEDRAS A UN COSTADO DE LA ESCUELA,Talca,-36.087404,-71.623579,true
949171,JARDIN INFANTIL VTF PEQUEÑOS SUEÑOS,LONGAVI,Estab Junji,VILLA SAN LUIS,Talca,-35.9909632,-71.7131841,true
949172,07403041 BURBUJITAS DE COLORES,LONGAVI,Estab Junji,SECTOR SAN JOSE LICEO LAURA URRUTIA,Talca,-36.15091,-71.582061,true
949174,07403042 SUENOS MAGICOS,LONGAVI,Estab Junji,LA TERCERA (DETRAS ESCUELA LA TERCERA),Talca,,,true
949175,07403043 MI MUNDO COMIENZA AQUI,LONGAVI,Estab Junji,MESAMAVIDA JUNTO A LA POSTA,Talca,-35.963002,-71.688159,true
949177,07105027 JARDIN Y SALA CUNA VTF - MANITOS TRAVIESA,MAULE,Estab Junji,AVDA. 10 OTE. ESQ. 25 SUR S/N VILLA FRANCIA,Talca,-35.456412,-71.658456,true
949181,07306012 SEMILLITAS DEL FUTURO,ROMERAL,Estab Junji,ESC GUAICO CENTRO CAMINO LOS PEQUES,Talca,-34.965533,-71.046724,true
949187,07308017 GOTITAS DE AMOR,TENO,Estab Junji,PSJE LOS PINOS S/N V LAS ARAUCARIAS STA RE,Talca,-34.868662,-71.082737,true
949199,07104009 MI PEQUENO MUNDO,EMPEDRADO,Estab Junji,JUVENAL PEREIRA CON BENEDICTO BOLLO 266,Talca,-35.5906,-72.282379,true
990019,HOGAR FEMENINO CURICO,CURICO,Estab Junaeb,ARGOMEDO 239,Talca,-34.9779853,-71.2528803,true
990022,HOGAR MASCULINO CAUQUENES,CAUQUENES,Estab Junaeb,ANTONIO VARAS 345,Talca,-35.9665549690039,-72.3138260596926,true
995163,07301002 BETTY,CURICO,Estab Junji,RIO LAUCA N? 1320 POB SOL DE SEPTIEMBRE,Talca,-34.976572,-71.219114,true
995165,07301004 J CLASICO,CURICO,Estab Junji,PSJELAS SALVIAS 1000 POBLLOS,Talca,-34.991497,-71.24993,true
995166,07301001 MARCELA,CURICO,Estab Junji,POB OLANO ARISMENDI LAGO TODOS LOS SANTOS S/N,Talca,-34.973616,-71.256294,true
995167,07308001 PELUSITA,TENO,Estab Junji,AVDA DOCTOR FAUNDEZ S/N,Talca,-34.87001,-71.164907,true
995171,07101002 FRUTILLITA,TALCA,Estab Junji,LOS MAITENES S/N LA FLORIDA,Talca,-35.433762,-71.680439,true
995173,07101004 LOS ENANITOS,TALCA,Estab Junji,POB INDEPENDENCIA 14 SUR 3 1/2 PTE N? 552,Talca,-35.439197,-71.672638,true
995177,07101007 BAMBY,TALCA,Estab Junji,19 1/2 OTE 5 SUR 19 S/N POB MANSO DE VELASCO,Talca,-35.434672,-71.640643,true
995179,07101009 BLANCA NIEVES,TALCA,Estab Junji,13 1/2 SUR 9Y10 OTE S/N POB DANIEL REBOLLEDO,Talca,-35.443212,-71.655567,true
995185,07401001 CENICIENTA,LINARES,Estab Junji,COVADONGA S/N POB ARTURO PRAT,Talca,-35.854502,-71.603533,true
995187,07401004 LAS ROSAS,LINARES,Estab Junji,POB ESTADIO SUR LAS ARAUCARIAS N? 943,Talca,-35.858529,-71.592459,true
995191,07404001 LAS ARDILLITAS,PARRAL,Estab Junji,VICTORIA ESQ 3 SUR POB TORONTEL,Talca,-36.1485,-71.83199,true
995196,07201001 LOS MUNEQUITOS,CAUQUENES,Estab Junji,POB CAUQUENES II PSJE 18 S/N,Talca,-35.962276,-72.335492,true
996278,07308007 LUCHITO,TENO,Estab Junji,ALDEA PADRE LUIS LESTCH SAN RAFAEL DE TENO,Talca,-34.840536,-71.104273,true
996313,07404003 LOS ENANITOS,PARRAL,Estab Junji,AVDA BERNARDO O`HIGGINS S/N,Talca,-36.290652,-71.650339,true
997347,07308012 ESPIGUITA,TENO,Estab Junji,COMALLE S/N,Talca,-34.848591,-71.270207,true
998170,JARDIN LOS DUENDECITOS,CURICO,Estab Integra,LA QUIRIGUA 920,Talca,-34.976939,-71.207374,true
998171,LOS PALOMOS,ROMERAL,Estab Integra,"RAMÓN FREIRE, LOS QUEÑES S/N",Talca,-35.0006064,-70.8120153,true
998174,EL RINCONCITO,SAGRADA FAMILIA,Estab Integra,CAMINO PUBLICO S/N,Talca,-35.0941565,-71.6118348,true
998175,JARDIN LOS ENANITOS,RAUCO,Estab Integra,AV.BERNARDO O'HIGGINS S/N,Talca,-34.9240319,-71.3166907,true
998182,JARDIN FLOR DE AROMO,MAULE,Estab Integra,FREIRE 135,Talca,-35.5238823,-71.6939096,true
998183,LAS MANZANITAS,MAULE,Estab Integra,CAMINO PUBLICO DUAO S/N,Talca,-35.4229306,-71.5974357,true
998184,JARDIN LUCERITO,EMPEDRADO,Estab Integra,BERNARDO O'HIGGINS 310,Talca,-35.5893925,-72.2781956,true
998185,JARDIN RAYITO DE LUNA,PENCAHUE,Estab Integra,HERNANDO BRAVO DE VILLALBA 867,Talca,-35.3926131032435,-71.7979154732025,true
998186,JARDIN LOS PANTANITOS,CONSTITUCION,Estab Integra,SERRANO CON PORTALES PUTU S/N,Talca,-35.2127983020486,-72.2838108678007,true
998188,JARDIN CAMPANITA,CUREPTO,Estab Integra,AV.PALACIOS S/N,Talca,-35.094582,-72.021488,true
998191,JARDIN LOS PINITOS,LINARES,Estab Integra,DOLORES FERRADA ESQ.LAS ROSAS P. LINARES 2 S/N,Talca,-35.8414317,-71.5740598,true
998198,JARDIN CERRITO NEVADO,LONGAVI,Estab Integra,LONGAVI,Talca,-35.963002,-71.688159,true
998199,JARDIN MIRAFLORES,LONGAVI,Estab Integra,"MIRAFLORES, CAMINO PUBLICO S/N",Talca,-35.9193769,-71.6570387,true
998200,JARDIN LOS TRIGUITOS,PARRAL,Estab Integra,ANÍBAL PINTO 765,Talca,-36.1399305,-71.8243574,true
998201,JARDIN LOS PITUFOS,PARRAL,Estab Integra,JOSÉ ANGEL CANDIA ESQ.GERÓNIMO NUÑEZ S/N,Talca,-36.1484632,-71.8318671,true
998202,JARDIN GABRIELA MISTRAL,RETIRO,Estab Integra,AV.ERRÁZURIZ S/N,Talca,-36.0520897,-71.7615554,true
998203,GIRASOL,RETIRO,Estab Integra,JOSE DE SAN MARTIN S/N,Talca,-36.0890022,-71.8002774,true
998208,LOS PALOMITOS,CAUQUENES,Estab Integra,CALLE LIBERTAD S/N,Talca,-35.9611167,-72.3059023,true
998209,JARDIN LOS TIERNECITOS,CAUQUENES,Estab Integra,"BELLA VISTA,BARRIO ESTACIÓN S/N",Talca,-35.9624407,-72.3352837,true
998210,JARDIN SEMILLITA,CAUQUENES,Estab Integra,AVDA LUIS MANRIQUEZ 2350,Talca,-35.9543644,-72.3430984,true
998211,CARRUSEL,CAUQUENES,Estab Integra,CALLE RECINTO ESTACIÓN S/N,Talca,-35.9624407,-72.3352837,true
998212,JARDIN MI CASITA,PELLUHUE,Estab Integra,ABDÓN FUENTEALBA S/N,Talca,-35.815448877898,-72.5728036809413,true
1641919,JARDIN RAPUNCEL,TALCA,Estab Integra,13 SUR 1430,Talca,-35.4416565,-71.658752,true
